1.6583,1.7632,-1.2901e-15,1.8966,0.15578,0.7918,0.31156,0.69669,0.46734,0.68261,0.62311,0.84009,0.77889,0.7191,0.93467,0.72383,1.0904,0.69319,1.2462,0.71844,1.402,0.71083,1.5578,0.69921,1.7136,0.56029,1.8693,0.49331,2.0251,0.37475,2.1809,0.26742,2.3367,0.17656,2.4925,0.20773,2.6482,0.25454,2.804,0.022058,2.9598,0
1.7095,1.8771,-1.2901e-15,1.7395,0.045326,1.2761,0.090652,1.1426,0.13598,1.0208,0.1813,0.90284,0.22663,0.81108,0.27195,0.73392,0.31728,0.69262,0.36261,0.63385,0.40793,0.55388,0.45326,0.47172,0.49858,0.44814,0.54391,0.40531,0.58924,0.40108,0.63456,0.34975,0.67989,0.37532,0.72521,0.34675,0.77054,0.60358,0.81586,0.36521,0.86119,0
1.98,1.1148,-1.2901e-15,1.672,0.010801,1.4901,0.021603,1.1556,0.032404,0.88832,0.043206,0.65891,0.054007,0.5157,0.064808,0.43083,0.07561,0.39764,0.086411,0.36426,0.097213,0.2376,0.10801,0.15579,0.11882,0.17535,0.12962,0.16246,0.14042,0.079633,0.15122,0.27941,0.16202,0.23914,0.17282,0.11777,0.18362,0.068103,0.19443,0.17191,0.20523,0
1.6433,1.951,-1.2901e-15,1.8773,0.11578,1.2747,0.23156,0.90073,0.34734,0.76425,0.46312,0.69926,0.5789,0.63893,0.69468,0.58347,0.81046,0.56442,0.92623,0.60034,1.042,0.48384,1.1578,0.4379,1.2736,0.4173,1.3894,0.34781,1.5051,0.21058,1.6209,0.24517,1.7367,0.076422,1.8525,0.30949,1.9682,0.51307,2.084,5.2103e-17,2.1998,0
1.8612,1.6976,-1.2901e-15,1.839,0.065255,1.3177,0.13051,1.133,0.19576,1.0093,0.26102,0.9119,0.32627,0.83264,0.39153,0.73894,0.45678,0.66788,0.52204,0.59753,0.58729,0.58368,0.65255,0.55911,0.7178,0.53988,0.78306,0.60036,0.84831,0.47681,0.91357,0.42623,0.97882,0.45072,1.0441,0.23117,1.1093,0.23204,1.1746,0.14623,1.2398,0
1.6764,1.9179,-1.2901e-15,1.7382,0.098769,1.3482,0.19754,1.0208,0.29631,0.90337,0.39508,0.81757,0.49385,0.7923,0.59262,0.75376,0.69139,0.68512,0.79015,0.63464,0.88892,0.53453,0.98769,0.49734,1.0865,0.50535,1.1852,0.40441,1.284,0.43959,1.3828,0.29536,1.4815,0.099235,1.5803,0.20959,1.6791,5.2103e-17,1.7778,0,1.8766,0
1.6897,1.7328,-1.2901e-15,1.6415,0.024736,1.2801,0.049472,1.1566,0.074208,1.0415,0.098944,0.91126,0.12368,0.80178,0.14842,0.74603,0.17315,0.684,0.19789,0.65152,0.22262,0.59204,0.24736,0.53864,0.2721,0.54091,0.29683,0.4952,0.32157,0.46694,0.34631,0.41457,0.37104,0.33761,0.39578,0.36054,0.42051,0.2449,0.44525,0.16926,0.46999,0
1.8242,1.787,-1.2901e-15,1.8809,0.1357,1.2528,0.27139,1.066,0.40709,0.97992,0.54278,0.85627,0.67848,0.77358,0.81417,0.77209,0.94987,0.74972,1.0856,0.70175,1.2213,0.69034,1.357,0.55546,1.4926,0.51298,1.6283,0.62867,1.764,0.66571,1.8997,0.56198,2.0354,0.73117,2.1711,0.67399,2.3068,0.69272,2.4425,0,2.5782,0
1.7757,1.4627,-1.2901e-15,1.9343,0.11836,1.0872,0.23673,0.92035,0.35509,0.83194,0.47346,0.75025,0.59182,0.65628,0.71019,0.6406,0.82855,0.58993,0.94692,0.56797,1.0653,0.60518,1.1836,0.58284,1.302,0.62362,1.4204,0.50072,1.5387,0.41397,1.6571,0.30576,1.7755,0.43575,1.8938,5.2103e-17,2.0122,0.40075,2.1306,0,2.2489,0
1.6421,1.6389,-1.2901e-15,1.9094,0.054988,0.99153,0.10998,0.88115,0.16496,0.79559,0.21995,0.70004,0.27494,0.6248,0.32993,0.59756,0.38491,0.56861,0.4399,0.57186,0.49489,0.5599,0.54988,0.5603,0.60487,0.5832,0.65985,0.5724,0.71484,0.61198,0.76983,0.619,0.82482,0.48403,0.8798,0.31926,0.93479,0.19869,0.98978,0.22385,1.0448,0
1.6335,1.3418,-1.2901e-15,1.8199,0.021524,1.274,0.043048,1.0825,0.064573,0.90568,0.086097,0.83009,0.10762,0.86027,0.12915,0.6988,0.15067,0.52799,0.17219,0.48711,0.19372,0.54725,0.21524,0.52022,0.23677,0.49966,0.25829,0.48249,0.27981,0.48205,0.30134,0.4357,0.32286,0.45953,0.34439,0.31093,0.36591,0.30122,0.38744,0.16248,0.40896,0
1.7231,1.7781,-1.2901e-15,1.7628,0.082867,1.2138,0.16573,1.0406,0.2486,0.95662,0.33147,0.88591,0.41434,0.85195,0.4972,0.80827,0.58007,0.75503,0.66294,0.7092,0.7458,0.62133,0.82867,0.57016,0.91154,0.52832,0.99441,0.49098,1.0773,0.49687,1.1601,0.55587,1.243,0.38095,1.3259,0.40559,1.4087,0.3766,1.4916,0.20585,1.5745,0
1.7452,1.6793,-1.2901e-15,1.9194,0.12459,1.0836,0.24917,0.91929,0.37376,0.82,0.49834,0.80139,0.62293,0.83427,0.74751,0.83325,0.8721,0.7782,0.99668,0.69953,1.1213,0.60874,1.2459,0.54567,1.3704,0.45336,1.495,0.33416,1.6196,0.25329,1.7442,0.36548,1.8688,0.1699,1.9934,0.36921,2.1179,0.068103,2.2425,0.31264,2.3671,0
1.9098,1.1491,-6.4504e-16,1.9495,0.026033,1.0352,0.052065,0.78172,0.078098,0.60781,0.10413,0.47553,0.13016,0.44076,0.1562,0.49706,0.18223,0.47284,0.20826,0.46597,0.23429,0.40481,0.26033,0.33814,0.28636,0.39722,0.31239,0.38364,0.33842,0.43395,0.36446,0.525,0.39049,0.51614,0.41652,0.21749,0.44255,0.40866,0.46859,0.10859,0.49462,0
1.5301,1.8027,-1.2901e-15,1.8279,0.073955,1.254,0.14791,1.1264,0.22186,0.99687,0.29582,0.87182,0.36977,0.72562,0.44373,0.61687,0.51768,0.52531,0.59164,0.5162,0.66559,0.5273,0.73955,0.4692,0.8135,0.4544,0.88746,0.44473,0.96141,0.2676,1.0354,0.31174,1.1093,0.18527,1.1833,0.28376,1.2572,0.25076,1.3312,0.23518,1.4051,0
1.715,1.7349,-1.2901e-15,1.8858,0.13582,1.2006,0.27163,0.97597,0.40745,0.8068,0.54326,0.73202,0.67908,0.64478,0.8149,0.62429,0.95071,0.66896,1.0865,0.70325,1.2223,0.72801,1.3582,0.59372,1.494,0.41167,1.6298,0.44456,1.7656,0.35335,1.9014,0.28974,2.0372,0.33162,2.1731,0.26669,2.3089,0.20559,2.4447,0,2.5805,0
1.7637,1.7621,-1.2901e-15,1.9283,0.11651,1.1285,0.23303,0.9679,0.34954,0.93669,0.46605,0.74215,0.58256,0.53397,0.69908,0.53344,0.81559,0.46577,0.9321,0.44707,1.0486,0.5236,1.1651,0.54313,1.2816,0.45967,1.3982,0.42172,1.5147,0.4526,1.6312,0.2641,1.7477,0.23113,1.8642,0,1.9807,0.088111,2.0972,5.2103e-17,2.2137,0
1.7405,1.6225,-1.2901e-15,1.924,0.12053,1.2202,0.24105,0.95675,0.36158,0.81686,0.4821,0.7139,0.60263,0.71488,0.72316,0.67386,0.84368,0.57216,0.96421,0.55867,1.0847,0.63623,1.2053,0.57065,1.3258,0.54377,1.4463,0.42423,1.5668,0.19385,1.6874,0.2001,1.8079,1.0421e-16,1.9284,0.1641,2.0489,0,2.1695,0,2.29,0
1.6788,1.5344,-1.2901e-15,1.9082,0.029186,1.2077,0.058373,0.9779,0.087559,0.83335,0.11675,0.73532,0.14593,0.6677,0.17512,0.65033,0.20431,0.58047,0.23349,0.56442,0.26268,0.55505,0.29186,0.54192,0.32105,0.60084,0.35024,0.56304,0.37942,0.51828,0.40861,0.35423,0.4378,0.2996,0.46698,0.27539,0.49617,0.24049,0.52536,0.25799,0.55454,0
1.8222,1.8613,-1.2901e-15,1.8944,0.12361,1.2949,0.24722,1.0176,0.37083,0.88868,0.49444,0.77418,0.61805,0.80793,0.74166,0.71839,0.86527,0.66583,0.98888,0.66186,1.1125,0.61659,1.2361,0.50966,1.3597,0.50335,1.4833,0.48078,1.6069,0.51077,1.7305,0.17521,1.8542,0.13016,1.9778,0.32441,2.1014,0,2.225,5.2103e-17,2.3486,0
1.7545,1.8701,-1.2901e-15,1.7944,0.044656,1.3019,0.089311,1.0114,0.13397,0.84057,0.17862,0.75389,0.22328,0.73992,0.26793,0.73462,0.31259,0.71938,0.35725,0.67389,0.4019,0.60871,0.44656,0.57243,0.49121,0.53095,0.53587,0.4759,0.58052,0.50682,0.62518,0.51032,0.66984,0.42036,0.71449,0.51179,0.75915,0.46073,0.8038,0.45018,0.84846,0
1.6433,1.6541,-1.2901e-15,1.9443,0.13985,0.92009,0.2797,0.81967,0.41955,0.7804,0.5594,0.69894,0.69924,0.62857,0.83909,0.62006,0.97894,0.69211,1.1188,0.73422,1.2586,0.66741,1.3985,0.63695,1.5383,0.49559,1.6782,0.40642,1.818,0.35409,1.9579,0.25429,2.0977,0.24864,2.2376,0.024575,2.3774,1.0421e-16,2.5173,0.071992,2.6571,0
1.7433,1.9877,-1.2901e-15,1.8499,0.1447,1.175,0.2894,0.97154,0.4341,0.83551,0.5788,0.83488,0.7235,0.80009,0.8682,0.75766,1.0129,0.78186,1.1576,0.79659,1.3023,0.73878,1.447,0.68344,1.5917,0.59467,1.7364,0.47633,1.8811,0.40219,2.0258,0.28487,2.1705,0.36785,2.3152,0.072932,2.4599,0.17759,2.6046,0,2.7493,0
1.7464,1.7421,-1.2901e-15,1.877,0.13293,1.0851,0.26586,0.86788,0.3988,0.83828,0.53173,0.77467,0.66466,0.77371,0.79759,0.80169,0.93053,0.79798,1.0635,0.85154,1.1964,0.88488,1.3293,0.83426,1.4623,0.78353,1.5952,0.68504,1.7281,0.61068,1.8611,0.50147,1.994,0.61583,2.1269,0.6435,2.2599,0.23422,2.3928,0.71731,2.5257,0
1.6858,1.6903,-1.2901e-15,1.9219,0.11611,1.1593,0.23222,0.91111,0.34834,0.86221,0.46445,0.88207,0.58056,0.94187,0.69667,0.72532,0.81278,0.77656,0.9289,0.65438,1.045,0.68314,1.1611,0.61892,1.2772,0.53572,1.3933,0.52064,1.5095,0.41353,1.6256,0.6542,1.7417,0.14559,1.8578,0.40232,1.9739,0.47175,2.09,0.083861,2.2061,0
1.7943,1.9776,-1.2901e-15,1.8459,0.1053,1.2121,0.21061,1.1213,0.31591,1.0033,0.42121,0.87757,0.52651,0.80569,0.63182,0.73981,0.73712,0.6738,0.84242,0.56813,0.94772,0.47482,1.053,0.39031,1.1583,0.36633,1.2636,0.35028,1.3689,0.2337,1.4742,0.065791,1.5795,0.27411,1.6848,0.21083,1.7901,0.058186,1.8954,0.15366,2.0008,0
1.6878,1.9841,-1.2901e-15,1.8406,0.042145,1.2199,0.08429,1.0242,0.12643,0.83989,0.16858,0.74112,0.21072,0.66912,0.25287,0.75696,0.29501,0.72585,0.33716,0.53352,0.3793,0.67128,0.42145,0.6648,0.46359,0.76304,0.50574,0.66144,0.54788,0.67155,0.59003,0.68911,0.63217,0.72881,0.67432,0.57396,0.71646,0.43291,0.75861,0.27235,0.80075,0
1.7887,1.6845,-1.2901e-15,1.8881,0.086823,1.3055,0.17365,1.1017,0.26047,0.92814,0.34729,0.81597,0.43411,0.72422,0.52094,0.68802,0.60776,0.59793,0.69458,0.66443,0.7814,0.47598,0.86823,0.35995,0.95505,0,1.0419,0.44392,1.1287,0.44806,1.2155,0.5894,1.3023,0.53478,1.3892,0.60716,1.476,0.47192,1.5628,0.29595,1.6496,0
1.6609,1.8203,-1.2901e-15,1.8992,0.14035,1.2304,0.28071,0.94105,0.42106,0.77835,0.56142,0.78816,0.70177,0.68715,0.84213,0.66154,0.98248,0.67039,1.1228,0.72051,1.2632,0.65644,1.4035,0.59904,1.5439,0.45297,1.6843,0.40552,1.8246,0.11206,1.965,0.11343,2.1053,5.2103e-17,2.2457,0,2.386,0,2.5264,0,2.6667,0
1.8395,1.7181,-1.2901e-15,1.739,0.050332,1.3422,0.10066,1.1173,0.151,0.99117,0.20133,0.89654,0.25166,0.85538,0.30199,0.77036,0.35233,0.73219,0.40266,0.68585,0.45299,0.68136,0.50332,0.57864,0.55365,0.57963,0.60399,0.57441,0.65432,0.56598,0.70465,0.41954,0.75498,0.34845,0.80531,0.32455,0.85565,0.24036,0.90598,0.33801,0.95631,0
1.6104,1.9629,-1.2901e-15,1.7713,0.12392,1.3604,0.24784,0.95526,0.37176,0.86738,0.49568,0.82326,0.6196,0.78172,0.74352,0.67181,0.86744,0.62951,0.99136,0.52849,1.1153,0.44033,1.2392,0.40404,1.3631,0.40653,1.487,0.33182,1.611,0.42777,1.7349,0.38905,1.8588,0.42633,1.9827,0.36207,2.1066,0.45391,2.2306,0.39424,2.3545,0
1.7333,1.863,-1.2901e-15,1.829,0.068509,1.2433,0.13702,0.93919,0.20553,0.74717,0.27404,0.69062,0.34254,0.61559,0.41105,0.58625,0.47956,0.58703,0.54807,0.59854,0.61658,0.61971,0.68509,0.61771,0.7536,0.59425,0.82211,0.61952,0.89061,0.65554,0.95912,0.61066,1.0276,0.551,1.0961,0.43118,1.1646,0.3435,1.2332,0.30975,1.3017,0
1.611,1.6629,-6.4504e-16,1.9316,0.14616,0.87306,0.29232,0.66379,0.43848,0.61458,0.58464,0.63535,0.7308,0.60263,0.87696,0.6022,1.0231,0.55623,1.1693,0.616,1.3154,0.6571,1.4616,0.67986,1.6078,0.71857,1.7539,0.53382,1.9001,0.40206,2.0462,0.29251,2.1924,0.24361,2.3386,0.096508,2.4847,0.27166,2.6309,0,2.777,0
1.706,1.9104,-1.2901e-15,1.876,0.10454,1.2099,0.20908,1.0707,0.31362,0.93273,0.41816,0.82168,0.5227,0.73017,0.62724,0.6503,0.73178,0.71024,0.83632,0.63714,0.94086,0.61012,1.0454,0.52351,1.1499,0.4621,1.2545,0.56323,1.359,0.47803,1.4636,0.50487,1.5681,0.55697,1.6726,0.4813,1.7772,0.30883,1.8817,0.37769,1.9863,0
1.7537,1.9566,-1.2901e-15,1.683,0.07628,1.2546,0.15256,1.0316,0.22884,0.8956,0.30512,0.83254,0.3814,0.76944,0.45768,0.72011,0.53396,0.70375,0.61024,0.66242,0.68652,0.62402,0.7628,0.60354,0.83908,0.57203,0.91536,0.55488,0.99165,0.50261,1.0679,0.34843,1.1442,0.34802,1.2205,0.34609,1.2968,0.36134,1.373,0.20124,1.4493,0
1.736,1.6579,-1.2901e-15,1.8836,0.11014,1.2204,0.22028,0.96474,0.33042,0.76021,0.44056,0.67629,0.5507,0.64626,0.66084,0.56085,0.77098,0.4903,0.88112,0.45657,0.99126,0.39858,1.1014,0.35888,1.2115,0.37335,1.3217,0.25889,1.4318,0.23072,1.542,0.37801,1.6521,0.1601,1.7622,5.2103e-17,1.8724,0.22485,1.9825,0,2.0927,0
1.7685,1.7866,-1.2901e-15,1.8293,0.025738,1.2763,0.051476,1.1161,0.077213,1.0053,0.10295,0.87237,0.12869,0.80344,0.15443,0.72175,0.18016,0.66564,0.2059,0.57249,0.23164,0.59883,0.25738,0.58381,0.28312,0.57881,0.30885,0.56185,0.33459,0.60737,0.36033,0.47567,0.38607,0.58532,0.4118,0.50866,0.43754,0.30888,0.46328,0.67053,0.48902,0
1.5966,1.9676,-1.2901e-15,1.6685,0.14096,1.1024,0.28192,0.94985,0.42288,0.85648,0.56384,0.84959,0.70481,0.84537,0.84577,0.75302,0.98673,0.75337,1.1277,0.75596,1.2687,0.70273,1.4096,0.63149,1.5506,0.60725,1.6915,0.47675,1.8325,0.55011,1.9735,0.71271,2.1144,0.63921,2.2554,0.46369,2.3963,0.13573,2.5373,0.33866,2.6783,0
1.7934,1.9279,-1.2901e-15,1.7788,0.14608,1.1733,0.29216,1.0333,0.43823,0.96645,0.58431,0.81398,0.73039,0.75321,0.87647,0.70099,1.0225,0.77465,1.1686,0.80582,1.3147,0.70764,1.4608,0.63546,1.6069,0.51872,1.7529,0.36208,1.899,0.29755,2.0451,0.33464,2.1912,0.17953,2.3372,0.44156,2.4833,0.35872,2.6294,0,2.7755,0
1.741,1.6624,-1.2901e-15,1.9297,0.15024,1.1001,0.30048,1.0625,0.45072,0.91452,0.60096,0.90393,0.7512,0.69249,0.90144,0.76221,1.0517,0.60886,1.2019,0.64833,1.3522,0.43667,1.5024,0.67079,1.6526,0.61956,1.8029,0.44329,1.9531,0.46934,2.1034,0.54213,2.2536,0.40295,2.4038,0.81327,2.5541,0.70646,2.7043,0,2.8546,0
1.7165,1.6326,-1.2901e-15,1.9323,0.10614,0.97733,0.21229,0.83646,0.31843,0.75958,0.42457,0.81586,0.53072,0.91935,0.63686,0.90103,0.743,0.58483,0.84914,0.38134,0.95529,0.32731,1.0614,0.26251,1.1676,0.3775,1.2737,0.2151,1.3799,0.12005,1.486,0.30968,1.5921,0.18878,1.6983,0.14406,1.8044,5.2103e-17,1.9106,5.2103e-17,2.0167,0
1.7948,1.8526,-1.2901e-15,1.7204,0.017523,1.274,0.035047,1.1372,0.05257,1.0373,0.070094,0.93032,0.087617,0.85532,0.10514,0.78136,0.12266,0.74904,0.14019,0.69894,0.15771,0.66804,0.17523,0.65342,0.19276,0.62755,0.21028,0.53084,0.22781,0.45743,0.24533,0.40813,0.26285,0.41102,0.28038,0.34229,0.2979,0.20046,0.31542,-0.063097,0.33295,0
1.7705,1.3142,-1.2901e-15,1.7723,0.034453,1.3739,0.068907,1.1409,0.10336,0.98293,0.13781,0.83193,0.17227,0.72731,0.20672,0.67834,0.24117,0.5485,0.27563,0.49885,0.31008,0.47588,0.34453,0.47775,0.37899,0.49697,0.41344,0.38342,0.44789,0.59951,0.48235,0.36224,0.5168,0.47782,0.55125,0.65211,0.58571,0.44336,0.62016,0.17864,0.65461,0
1.8089,1.6266,-1.2901e-15,1.9127,0.11276,1.2043,0.22552,0.96891,0.33828,0.86778,0.45104,0.76241,0.5638,0.68801,0.67656,0.82129,0.78932,0.78192,0.90209,0.67919,1.0148,0.57375,1.1276,0.61193,1.2404,0.44805,1.3531,0.63589,1.4659,0.61838,1.5786,0.50941,1.6914,0.25429,1.8042,0.31605,1.9169,0,2.0297,0,2.1425,0
1.6627,1.7904,-1.2901e-15,1.8136,0.12759,1.3521,0.25519,1.1375,0.38278,0.96019,0.51037,0.87168,0.63797,0.76487,0.76556,0.7268,0.89316,0.60392,1.0207,0.52662,1.1483,0.47631,1.2759,0.4978,1.4035,0.48549,1.5311,0.54712,1.6587,0.43302,1.7863,0.4874,1.9139,0.52991,2.0415,0,2.1691,0.40595,2.2967,0,2.4243,0
1.8665,1.5959,-1.2901e-15,1.9199,0.085715,1.2331,0.17143,1.0576,0.25714,0.94469,0.34286,0.88115,0.42857,0.80103,0.51429,0.72106,0.6,0.56579,0.68572,0.57596,0.77143,0.44254,0.85715,0.48295,0.94286,0.48892,1.0286,0.42309,1.1143,0.26098,1.2,0.26849,1.2857,0.28456,1.3714,0.14037,1.4571,0.071992,1.5429,5.2103e-17,1.6286,0
1.7555,1.7848,-1.2901e-15,1.9209,0.10499,1.3106,0.20998,1.1144,0.31497,0.91461,0.41996,0.80302,0.52495,0.73525,0.62994,0.63014,0.73493,0.51098,0.83992,0.45613,0.94491,0.38634,1.0499,0.31443,1.1549,0.25013,1.2599,0.29558,1.3649,0.04895,1.4699,1.0421e-16,1.5749,0.138,1.6798,0,1.7848,0,1.8898,0,1.9948,0
1.7502,1.961,-1.2901e-15,1.5342,0.1382,1.1497,0.2764,1.0688,0.41459,0.96499,0.55279,0.89979,0.69099,0.8258,0.82919,0.74849,0.96739,0.6977,1.1056,0.66111,1.2438,0.57595,1.382,0.48386,1.5202,0.49762,1.6584,0.34666,1.7966,0.33055,1.9348,0.24361,2.073,0.23914,2.2112,0.22396,2.3494,0.15293,2.4876,0.1595,2.6258,0
1.6916,1.5814,-1.2901e-15,1.935,0.050162,0.97968,0.10032,0.89271,0.15048,0.69207,0.20065,0.63962,0.25081,0.62415,0.30097,0.73562,0.35113,0.54926,0.40129,0.53965,0.45145,0.53896,0.50162,0.60919,0.55178,0.64035,0.60194,0.67955,0.6521,0.64871,0.70226,0.36879,0.75242,0.38013,0.80258,0.32846,0.85275,0.49185,0.90291,0.66382,0.95307,0
1.7773,1.6404,-1.2901e-15,1.9424,0.053517,1.196,0.10703,0.89661,0.16055,0.78695,0.21407,0.58392,0.26759,0.61163,0.3211,0.51811,0.37462,0.29341,0.42814,0.41168,0.48166,0.33253,0.53517,0.45975,0.58869,0.42879,0.64221,0.30634,0.69573,0.61838,0.74924,0.24016,0.80276,0,0.85628,5.2103e-17,0.90979,0,0.96331,0,1.0168,0
1.8346,1.899,-1.2901e-15,1.8485,0.15056,1.1482,0.30112,0.99183,0.45168,0.88651,0.60224,0.81777,0.75281,0.82449,0.90337,0.79407,1.0539,0.71437,1.2045,0.5963,1.3551,0.51484,1.5056,0.35765,1.6562,0.36306,1.8067,0.43412,1.9573,0.50288,2.1079,0.56758,2.2584,0.58948,2.409,0.61462,2.5595,0.56494,2.7101,0.69194,2.8607,0
1.8027,1.7757,-1.2901e-15,1.9317,0.1345,1.1423,0.26901,0.94555,0.40351,0.76748,0.53801,0.80393,0.67251,0.8079,0.80702,0.87267,0.94152,0.63776,1.076,0.54829,1.2105,0.4928,1.345,0.51865,1.4795,0.52849,1.614,0.57987,1.7485,0.42006,1.883,0.24618,2.0175,0.30992,2.152,0.11105,2.2865,0.48369,2.4211,0,2.5556,0
1.7278,1.8693,-1.2901e-15,1.9326,0.080245,1.2207,0.16049,0.95012,0.24074,0.74395,0.32098,0.82059,0.40123,0.73266,0.48147,0.51065,0.56172,0.68213,0.64196,0.72799,0.72221,0.7158,0.80245,0.29172,0.8827,0.36067,0.96294,0.2061,1.0432,0.35682,1.1234,0.36279,1.2037,0.54774,1.2839,0.46629,1.3642,0.79406,1.4444,0.64237,1.5247,0
1.7631,1.7358,-1.2901e-15,1.9137,0.10574,1.233,0.21149,1.0189,0.31723,0.85552,0.42298,0.73009,0.52872,0.59424,0.63447,0.46065,0.74021,0.3437,0.84596,0.29121,0.9517,0.32821,1.0574,0.22409,1.1632,0.26027,1.2689,-0.038945,1.3747,5.2103e-17,1.4804,-0.11642,1.5862,-0.34028,1.6919,-0.26164,1.7977,0,1.9034,0,2.0091,0
1.8071,1.7494,-1.2901e-15,1.9195,0.116,1.2179,0.23199,1.0218,0.34799,0.85788,0.46399,0.81551,0.57998,0.81122,0.69598,0.8159,0.81198,0.68408,0.92797,0.6459,1.044,0.6304,1.16,0.39025,1.276,0.67802,1.392,0.68861,1.508,0.57515,1.624,0.61608,1.7399,0.54372,1.8559,0.23346,1.9719,0.26803,2.0879,0,2.2039,0
1.7489,1.6783,-1.2901e-15,1.8987,0.096585,1.1631,0.19317,0.87945,0.28976,0.83397,0.38634,0.70341,0.48293,0.84229,0.57951,0.61313,0.6761,0.87744,0.77268,0.49082,0.86927,0.61994,0.96585,0.77801,1.0624,0.67973,1.159,1.1551,1.2556,0.68122,1.3522,0.83654,1.4488,0.6633,1.5454,0.49055,1.6419,0.93632,1.7385,0.2516,1.8351,0
1.7967,1.6632,-1.2901e-15,1.859,0.098063,1.3108,0.19613,0.94656,0.29419,0.76974,0.39225,0.72128,0.49032,0.68366,0.58838,0.65148,0.68644,0.64499,0.78451,0.68035,0.88257,0.67329,0.98063,0.67134,1.0787,0.62102,1.1768,0.51627,1.2748,0.51925,1.3729,0.38982,1.4709,0.31813,1.569,0.26446,1.6671,0.1601,1.7651,0,1.8632,0
1.7106,1.8261,-1.2901e-15,1.9054,0.15155,1.1888,0.30311,0.94806,0.45466,0.92752,0.60621,0.8279,0.75777,0.62144,0.90932,0.51759,1.0609,0.69489,1.2124,0.75924,1.364,0.79051,1.5155,0.66486,1.6671,0.66179,1.8186,0.33344,1.9702,0.5449,2.1217,0.63448,2.2733,0.61023,2.4249,0.088111,2.5764,0.71377,2.728,0.20028,2.8795,0
1.6568,1.7072,-1.2901e-15,1.7777,0.062016,1.3655,0.12403,1.1415,0.18605,0.97958,0.24807,0.8456,0.31008,0.78117,0.3721,0.69359,0.43411,0.66045,0.49613,0.59889,0.55815,0.54228,0.62016,0.48031,0.68218,0.44998,0.7442,0.43433,0.80621,0.45436,0.86823,0.28912,0.93024,0.3666,0.99226,0.22035,1.0543,0.07379,1.1163,0,1.1783,0
1.8888,1.9664,-1.2901e-15,1.4335,0.12654,1.2927,0.25308,1.1296,0.37961,1.0219,0.50615,0.99575,0.63269,0.86533,0.75923,0.76748,0.88576,0.69368,1.0123,0.59058,1.1388,0.50128,1.2654,0.40313,1.3919,0.35652,1.5185,0.29406,1.645,0.23782,1.7715,0.24097,1.8981,0.21301,2.0246,0.1947,2.1511,0.37044,2.2777,0.23164,2.4042,0
1.7148,1.6832,-1.2901e-15,1.8922,0.10047,1.1474,0.20094,1.0215,0.30141,0.90426,0.40188,0.8292,0.50234,0.83565,0.60281,0.80486,0.70328,0.73286,0.80375,0.70565,0.90422,0.67607,1.0047,0.64898,1.1052,0.73208,1.2056,0.58998,1.3061,0.63789,1.4066,0.62572,1.507,0.55482,1.6075,0.53198,1.708,0.51847,1.8084,0.82936,1.9089,0
1.7628,1.6014,-1.2901e-15,1.8152,0.13545,1.2255,0.2709,1.0505,0.40635,0.94285,0.5418,0.88129,0.67725,0.84126,0.8127,0.87502,0.94815,0.84391,1.0836,0.69563,1.2191,0.58005,1.3545,0.4147,1.49,0.37807,1.6254,0.5478,1.7609,0.25951,1.8963,0.12233,2.0318,0.083287,2.1672,0.12989,2.3027,1.0421e-16,2.4381,0,2.5736,0
1.6992,1.9368,-1.2901e-15,1.6921,0.093015,1.3751,0.18603,1.1335,0.27905,0.98548,0.37206,0.86327,0.46508,0.72764,0.55809,0.6421,0.65111,0.57866,0.74412,0.55523,0.83714,0.52243,0.93015,0.40669,1.0232,0.45719,1.1162,0.54706,1.2092,0.39467,1.3022,0.35361,1.3952,0.38583,1.4882,-1.0421e-16,1.5813,0.56506,1.6743,0.34028,1.7673,0
1.8347,1.477,-1.2901e-15,1.8343,0.042926,1.3793,0.085853,1.0958,0.12878,0.97987,0.17171,0.94273,0.21463,0.8865,0.25756,0.79676,0.30049,0.70492,0.34341,0.67817,0.38634,0.60912,0.42926,0.53336,0.47219,0.56637,0.51512,0.56089,0.55804,0.50492,0.60097,0.52036,0.6439,0.43021,0.68682,0.26123,0.72975,0.30929,0.77268,0.38343,0.8156,0
1.7577,1.7602,-1.2901e-15,1.7883,0.04869,1.2877,0.097379,1.0911,0.14607,0.98757,0.19476,0.87961,0.24345,0.78808,0.29214,0.733,0.34083,0.64654,0.38952,0.61155,0.43821,0.57649,0.4869,0.54213,0.53558,0.4921,0.58427,0.46271,0.63296,0.41215,0.68165,0.42089,0.73034,0.36342,0.77903,0.22605,0.82772,0.077495,0.87641,0.13886,0.9251,0
1.7468,1.6785,-1.2901e-15,1.8028,0.045624,1.2139,0.091247,1.0006,0.13687,0.87862,0.18249,0.81177,0.22812,0.71354,0.27374,0.67329,0.31937,0.66593,0.36499,0.60933,0.41061,0.57675,0.45624,0.53658,0.50186,0.49903,0.54748,0.43712,0.59311,0.36827,0.63873,0.36934,0.68435,0.36392,0.72998,0.40636,0.7756,0.34952,0.82123,0.17611,0.86685,0
1.6436,1.8017,-1.2901e-15,1.8248,0.069163,1.2567,0.13833,1.0042,0.20749,0.8811,0.27665,0.78997,0.34581,0.71297,0.41498,0.66342,0.48414,0.63247,0.5533,0.47139,0.62247,0.4236,0.69163,0.42059,0.76079,0.47723,0.82995,0.34989,0.89912,0.35444,0.96828,0.34754,1.0374,0.37176,1.1066,0.21049,1.1758,0.10954,1.2449,0.1601,1.3141,0
1.8147,1.808,-1.2901e-15,1.6828,0.06685,1.286,0.1337,1.1375,0.20055,1.0284,0.2674,0.93604,0.33425,0.87046,0.4011,0.82512,0.46795,0.76529,0.5348,0.65488,0.60165,0.64793,0.6685,0.56483,0.73535,0.58718,0.8022,0.48021,0.86905,0.42854,0.9359,0.33562,1.0028,0.39325,1.0696,0.3132,1.1365,0.2119,1.2033,0.1601,1.2702,0
1.6408,1.8999,-1.2901e-15,1.6231,0.081726,1.3054,0.16345,1.1581,0.24518,1.0388,0.3269,0.91399,0.40863,0.80459,0.49036,0.70991,0.57208,0.64378,0.65381,0.6292,0.73553,0.61151,0.81726,0.5019,0.89898,0.45095,0.98071,0.38127,1.0624,0.38486,1.1442,0.31673,1.2259,0.1279,1.3076,-0.0030815,1.3893,0.1601,1.4711,0,1.5528,0
1.6341,1.8142,-1.2901e-15,1.7984,0.10812,1.3138,0.21625,1.1038,0.32437,0.92523,0.4325,0.77114,0.54062,0.64376,0.64875,0.56894,0.75687,0.5597,0.86499,0.55898,0.97312,0.56988,1.0812,0.52932,1.1894,0.46222,1.2975,0.2975,1.4056,0.21095,1.5137,0.37131,1.6219,0.20249,1.73,0.1601,1.8381,0,1.9462,0,2.0544,0
1.6833,1.7213,-1.2901e-15,1.9123,0.13912,1.0103,0.27824,0.7578,0.41736,0.58334,0.55647,0.55894,0.69559,0.55221,0.83471,0.58202,0.97383,0.57981,1.1129,0.69452,1.2521,0.73671,1.3912,0.72943,1.5303,0.65693,1.6694,0.55953,1.8085,0.43263,1.9477,0.35115,2.0868,0.20066,2.2259,0.16953,2.365,0.096568,2.5041,0.2424,2.6433,0
1.6362,1.7811,-1.2901e-15,1.8717,0.0238,1.2853,0.0476,1.063,0.0714,0.90831,0.095199,0.79228,0.119,0.68902,0.1428,0.58954,0.1666,0.51005,0.1904,0.40873,0.2142,0.30171,0.238,0.31627,0.2618,0.36633,0.2856,0.42854,0.3094,0.694,0.3332,0.64555,0.357,0.50982,0.3808,0.67004,0.4046,0.56859,0.4284,0.57456,0.4522,0
1.8072,1.7948,-1.2901e-15,1.8431,0.13623,1.3003,0.27246,1.0979,0.4087,0.96465,0.54493,0.84269,0.68116,0.7885,0.81739,0.70755,0.95362,0.57457,1.0899,0.54951,1.2261,0.54335,1.3623,0.364,1.4986,0.2468,1.6348,0.037634,1.771,-0.058186,1.9072,0,2.0435,0.14123,2.1797,0,2.3159,0,2.4522,0,2.5884,0
1.6862,1.7263,-1.2901e-15,1.9137,0.14813,1.127,0.29626,1.0238,0.44439,0.70344,0.59252,0.6016,0.74064,0.5348,0.88877,0.51954,1.0369,0.68912,1.185,0.75861,1.3332,0.75022,1.4813,0.67776,1.6294,0.51448,1.7775,0.4768,1.9257,0.46456,2.0738,0.36573,2.2219,0.3348,2.3701,0.23277,2.5182,0.35774,2.6663,0.18823,2.8144,0
1.7906,1.8738,-1.2901e-15,1.7518,0.12885,1.3504,0.2577,1.1438,0.38654,1.0206,0.51539,0.89791,0.64424,0.78138,0.77309,0.66864,0.90193,0.57877,1.0308,0.51045,1.1596,0.45093,1.2885,0.40044,1.4173,0.3423,1.5462,0.29542,1.675,0.40326,1.8039,0.30078,1.9327,0.37157,2.0616,0,2.1904,0.40849,2.3193,5.2103e-17,2.4481,0
1.9078,1.8682,-1.2901e-15,1.8254,0.087718,1.2261,0.17544,1.0519,0.26315,0.89983,0.35087,0.86608,0.43859,0.7778,0.52631,0.70241,0.61403,0.63522,0.70174,0.60717,0.78946,0.43491,0.87718,0.4248,0.9649,0.3796,1.0526,0.36825,1.1403,0.35044,1.2281,0.22674,1.3158,0.19854,1.4035,0.22742,1.4912,0.13149,1.5789,0,1.6666,0
1.8654,1.5541,-1.2901e-15,1.7928,0.041782,1.3699,0.083565,1.1763,0.12535,1.0411,0.16713,0.95307,0.20891,0.84193,0.25069,0.76348,0.29248,0.6818,0.33426,0.63426,0.37604,0.62236,0.41782,0.61463,0.45961,0.49745,0.50139,0.4724,0.54317,0.45081,0.58495,0.54272,0.62674,0.50888,0.66852,0.45949,0.7103,0.35772,0.75208,0.2407,0.79387,0
1.6006,1.5704,-1.2901e-15,1.9507,0.03774,0.99345,0.075479,0.75676,0.11322,0.53784,0.15096,0.39281,0.1887,0.30107,0.22644,0.22034,0.26418,0.26401,0.30192,0.11567,0.33966,0.34253,0.3774,0.59989,0.41514,0.67191,0.45288,0.060595,0.49062,0,0.52836,0.55423,0.5661,0,0.60383,0,0.64157,0,0.67931,0,0.71705,0
1.8979,1.68,-1.2901e-15,1.9238,0.10937,1.2484,0.21874,1.0992,0.32811,0.96565,0.43748,0.87567,0.54686,0.78928,0.65623,0.84843,0.7656,0.73459,0.87497,0.72538,0.98434,0.5615,1.0937,0.53892,1.2031,0.33897,1.3125,0.23458,1.4218,0.25337,1.5312,0.30234,1.6406,0.078789,1.7499,0.1519,1.8593,0.068103,1.9687,0,2.0781,0
1.8486,1.9957,-1.2901e-15,1.9637,0.052677,1.1804,0.10535,0.88597,0.15803,0.73819,0.21071,0.62197,0.26338,0.66386,0.31606,0.66587,0.36874,0.62805,0.42142,0.65146,0.47409,0.65516,0.52677,0.66435,0.57945,0.7262,0.63212,0.63392,0.6848,0.56633,0.73748,0.51466,0.79015,0.42296,0.84283,0.28462,0.89551,0.27923,0.94819,0.11791,1.0009,0
1.847,1.8367,-1.2901e-15,1.9087,0.1479,1.1269,0.29579,0.9151,0.44369,0.82808,0.59158,0.75512,0.73948,0.67212,0.88737,0.61615,1.0353,0.56048,1.1832,0.50178,1.3311,0.33518,1.479,0.3737,1.6268,0.40174,1.7747,0.29824,1.9226,0.36679,2.0705,0.32089,2.2184,0.22842,2.3663,0.25516,2.5142,0.16607,2.6621,0.2125,2.81,0
1.6353,1.8136,-1.2901e-15,1.8434,0.13339,1.1968,0.26679,1.0813,0.40018,1.1167,0.53358,0.92372,0.66697,0.60248,0.80037,0.52915,0.93376,0.62379,1.0672,0.58094,1.2006,0.58901,1.3339,0.5854,1.4673,0.5202,1.6007,0.47525,1.7341,0.53181,1.8675,0.47621,2.0009,0.46104,2.1343,0.10461,2.2677,-0.012006,2.4011,-0.038945,2.5345,0
1.7057,1.8782,-1.2901e-15,1.7957,0.13493,1.2716,0.26985,1.0445,0.40478,0.89335,0.5397,0.80463,0.67463,0.72388,0.80955,0.68755,0.94448,0.61161,1.0794,0.49251,1.2143,0.4154,1.3493,0.37258,1.4842,0.1061,1.6191,-0.052755,1.754,-0.037644,1.889,-0.087448,2.0239,0,2.1588,0,2.2937,0,2.4287,0,2.5636,0
1.6117,1.8695,-1.2901e-15,1.763,0.10931,1.271,0.21861,1.0889,0.32792,0.94098,0.43723,0.81412,0.54654,0.72913,0.65584,0.66582,0.76515,0.6256,0.87446,0.58505,0.98377,0.5356,1.0931,0.53283,1.2024,0.51397,1.3117,0.66379,1.421,0.42216,1.5303,0.56706,1.6396,0.45886,1.7489,0.67896,1.8582,0.43857,1.9675,0.38265,2.0768,0
1.6549,1.9074,-1.2901e-15,1.704,0.13863,1.3032,0.27725,1.107,0.41588,0.99268,0.5545,0.91749,0.69313,0.82811,0.83175,0.75129,0.97038,0.63373,1.109,0.55322,1.2476,0.45601,1.3863,0.36644,1.5249,0.3133,1.6635,0.21477,1.8021,0.22958,1.9408,0.073827,2.0794,0,2.218,0.078357,2.3566,0,2.4953,0,2.6339,0
1.6641,1.7238,-1.2901e-15,1.8963,0.13783,0.85309,0.27566,0.53437,0.41348,0.5324,0.55131,0.60226,0.68914,0.58207,0.82697,0.40642,0.9648,0.48814,1.1026,0.71971,1.2405,0.85174,1.3783,0.77037,1.5161,0.63259,1.6539,0.45188,1.7918,0.3736,1.9296,0.21675,2.0674,0.17617,2.2053,0.15518,2.3431,0.1601,2.4809,0,2.6187,0
1.7556,1.8825,-1.2901e-15,1.8635,0.10702,1.3195,0.21404,0.98204,0.32107,0.82017,0.42809,0.71811,0.53511,0.65115,0.64213,0.52854,0.74916,0.53154,0.85618,0.41667,0.9632,0.33039,1.0702,0.32366,1.1772,1.0421e-16,1.2843,0.23518,1.3913,0.12034,1.4983,0.064996,1.6053,1.0421e-16,1.7124,0,1.8194,0,1.9264,0,2.0334,0
1.7475,1.6954,-1.2901e-15,1.9118,0.10947,1.1994,0.21893,1.0254,0.3284,0.98518,0.43787,0.90389,0.54733,0.83475,0.6568,0.77364,0.76627,0.67496,0.87573,0.67852,0.9852,0.58297,1.0947,0.57404,1.2041,0.55318,1.3136,0.4012,1.4231,0.37212,1.5325,0.24359,1.642,0.17349,1.7515,0.2061,1.8609,0,1.9704,0.70709,2.0799,0
1.7031,1.4315,-1.2901e-15,1.9563,0.088917,1.0798,0.17783,0.8773,0.26675,0.78768,0.35567,0.69334,0.44458,0.63913,0.5335,0.67403,0.62242,0.55448,0.71134,0.38242,0.80025,0.38917,0.88917,0.48356,0.97809,0.35765,1.067,0.50191,1.1559,0.50837,1.2448,0.17349,1.3338,0.16474,1.4227,0.24454,1.5116,0.4338,1.6005,0,1.6894,0
