"","PC1","PC2","PC3","PC4","PC5","PC6","PC7","PC8","PC9","PC10","PC11","PC12","PC13","PC14","PC15","PC16","PC17","PC18","PC19","PC20","PC21","PC22","PC23","PC24","PC25","PC26","PC27","PC28","PC29","PC30","PC31","PC32","PC33","PC34","PC35","PC36","PC37","PC38","PC39","PC40"
"1",-2.53723162510254,0.523592919750565,-0.331874146240152,-1.32888065181463,-1.37478633418875,-1.68144441927836,0.421188920344428,1.50802713674459,-0.623873978338507,-0.354765060816445,0.0993132914493133,-0.138236684296849,-0.898297825081954,0.409150141089438,-0.106869559344879,0.511935765062146,-0.00829588203617957,-0.196915781829344,0.0631190217807949,-0.0233615504536249,-0.0944646485896935,-0.0124889571869312,-0.00110752336235558,0.000330447971956048,-0.000142542384202583,-0.000250700414054242,0.000146131654364987,-4.10109906289514e-05,-9.03188720233761e-05,-7.37535737562953e-06,-2.31388340428303e-05,-5.67378655597882e-05,-7.20016196451567e-05,-3.90543130515675e-07,2.74039460664566e-05,-5.68282762070105e-05,-2.71910598793265e-05,3.97621404536197e-05,-2.28589071343821e-06,1.26201123823444e-06
"2",-1.71808755722132,3.18461796684159,-0.00926111080770112,-0.0262639581625691,-1.57816365823699,-1.69199906461131,-0.501218536466371,0.710835603628632,0.444955303480419,-0.679419650661054,0.844743761709386,0.775282611798984,0.388302859087427,1.79615593408875,0.193662680364153,-0.417833025432238,-0.456934559369003,0.185917281952285,0.089383806298323,0.0787222706092887,0.00481248338256148,0.0141403757135585,0.000344343957258844,0.000372421044847228,-0.000165548584669731,-0.000224356442672057,-0.000277423446145439,-0.000118171884314169,-8.68568758854507e-05,6.90523792094069e-05,4.84350358316964e-05,5.58725744456354e-06,6.80892631905114e-05,4.80869739763051e-05,4.34972764872255e-05,-1.39829678123954e-05,-1.32398284349855e-07,-2.38019740268491e-05,-1.66218033306881e-05,9.03215915731836e-06
"3",-2.09254277584106,0.975351405953612,-1.0753260900867,1.11793354617708,-0.121926298524636,0.702783029273904,0.466740037561732,0.455500104724111,-1.77648473033944,0.257526004951707,0.275326249282747,0.532342299059611,0.019814654997791,0.512703554750384,0.234459916369258,0.0652131193256948,-0.0171607906979383,0.0588539617019634,0.077877249597592,0.0356628436048515,0.145525802379527,-0.00521935145416683,0.000570915517433252,-0.000314789771788487,0.000128593012593291,4.18043933782912e-05,-0.000239909978929483,6.70899738391059e-05,-7.09132237263002e-05,8.52602274924903e-05,2.58055730589426e-05,6.06717773060459e-05,1.27828198041163e-06,-5.88161378857477e-06,-4.43874397476895e-05,-1.42915240822494e-05,2.948508392666e-05,-3.55734786645773e-05,-3.07947178662393e-05,-2.64251181787689e-05
"4",-1.08839781360012,5.65906182866843,-2.13842826489287,-2.4435282524181,-2.68764888779188,1.74440036025418,1.07513630697695,-0.879425491475733,0.82261781107811,1.25486514518387,-0.873063784001697,-0.915652485723076,-1.18287900976367,0.540638584838432,-0.158630241052805,-0.0389297441913282,-0.752037532677953,0.153216628045395,-0.164923725624472,0.246769036775021,0.188195609238875,0.0757118939811485,-0.000327421620561717,8.84544931288663e-05,1.45535897903561e-05,-0.000228156356634287,-9.85642594890368e-06,-7.700570711759e-05,-1.35278403894344e-05,-1.99509798921699e-05,4.3934839010858e-05,-1.3542872842943e-05,-1.22202224755296e-05,-2.50373525018588e-05,-5.03713360517841e-06,-3.11387275853114e-06,-9.61637233479282e-06,3.56504214940115e-05,4.77552539573586e-06,-9.54616375961267e-06
"5",0.00970705877179555,3.32108686328954,-2.96046651004808,2.53412953501563,-0.227385629548516,1.28095526281977,0.944667798890011,0.92688426739179,-2.20586824661764,-1.1867324727295,-1.2976430494854,-0.374852526541112,-1.08335165460326,0.209334509590225,0.0564509458596951,0.528252089676027,-0.256827178887834,0.716539338673235,0.053392493543014,0.0628431629227744,0.0492415797840381,-0.145977847465219,-0.000899827027243018,0.000144680920495108,-4.29628699767768e-05,0.000184630305085901,0.000119894645923855,-4.36033366315609e-05,0.000122367295054474,4.35851397062891e-05,-2.85622028773048e-05,4.20231629996975e-06,5.39388774045239e-05,3.39004055688024e-05,-1.64016617281004e-05,4.86453033479578e-05,-8.06476243571125e-06,-2.63734913145009e-05,1.24548422850649e-05,2.36670047610819e-05
"6",-2.36209988975725,-1.29021614567751,0.326049329883444,-0.911612739609598,0.0406710836514573,-0.11989058080652,0.519607944381214,0.559586461953236,-1.00774714109704,0.754570298923422,-0.202581655165276,0.166596842465968,-0.145991339139718,-0.183557059661127,0.257708020944924,0.053460128725105,0.289636815480835,-0.106943736611717,0.150339592910522,0.0199982962169196,-0.01039222544416,0.105602349836973,0.00037643238349044,-0.000102830305525894,0.000139005065444738,0.000183348764422268,-0.000272113589592927,0.000124465379239887,-2.71571661178416e-05,4.48632337145538e-05,-4.39790957831483e-05,7.48591511045317e-05,-1.68006568642964e-05,-3.84425550124107e-05,-7.52415806655193e-05,5.89981897564096e-06,3.62830219724428e-05,-2.9693174957976e-05,-3.15867167375306e-05,-2.08745200495075e-05
"7",-2.84300714050739,0.420554763561392,-0.719528339938917,-0.134441332346671,0.870689438388746,0.232701280129933,0.499529981652768,-1.44325867073953,-1.17976481901487,0.869813577732562,-0.263062662486433,0.620499132455173,0.0579580539544478,0.0837763080664636,0.428632239057366,-0.278827640577419,-0.0535432780305993,-0.0759998418129068,-0.0214932546099613,0.242334303899895,-0.0146156008587971,0.0172691582263954,-0.000655093862962489,-0.000424014425177255,-0.000578404638824777,-0.00010242423008535,-6.99848422524435e-06,0.000128339310242243,-6.78727216752162e-05,0.000110876846916345,7.97017407469826e-05,-1.1090074349733e-05,-5.0832663899103e-05,5.70175529985562e-05,7.44301897585287e-05,6.73545878229764e-06,-2.01191783929106e-05,-5.58933038989629e-06,-4.64915473692429e-05,1.89425057030568e-05
"8",-2.85676424967112,-1.42096550141849,0.669246485091722,-1.6149940331977,0.395103166787386,-1.50345072550024,0.869775433620503,0.111877707541663,-0.240929953235232,-0.0699920399748176,-0.42897528409023,0.330120324390901,-0.61871899456904,-0.0216007308936738,0.273913743792498,-0.0742558147910294,0.148877614246772,-0.0482911924267686,0.0795150300544342,0.112905633346036,-0.127590385235542,-0.0703419950093285,0.000837821137730593,-0.000328043395125925,0.000155420491542875,0.000207694973710211,-0.000222376417188648,5.09287389169645e-05,2.90035720010295e-06,0.000121439863529207,-3.56193877173241e-05,8.76296887767705e-05,2.06696371699566e-05,4.8605043910438e-05,1.82632636851199e-05,-4.8490062049128e-05,-1.41543710240957e-05,3.43586665755152e-05,2.59413430034328e-06,1.57732300576363e-05
"9",-3.02446012253809,-1.18548870736131,0.282019226982488,0.211379416809632,0.32724850950955,-0.863971585124611,0.440016979103718,-0.0586497919520192,-0.415750617026495,0.548673982425283,-0.0038283402151568,0.00990302628481219,-0.180341710079186,0.257156543146014,0.144285383161697,0.107327062213463,0.166714134040708,-0.266488087316173,0.00349840505849439,-0.119278805070878,-0.083235780336474,0.041419852569376,0.000556222665229429,-0.000197553905665393,2.3587613181092e-05,0.000250654925754622,-2.18297995289024e-05,-3.59200281945353e-05,-0.000266985616595286,-0.000162786271200303,0.000102149245435879,-4.65880065621642e-05,-1.28115917295141e-05,7.39947787327944e-05,6.23168000982721e-05,2.58196160419499e-05,-7.40526139573622e-05,-6.21217209967745e-05,7.01966068732962e-05,-1.68004175041814e-05
"10",-2.23169231738356,-1.12162519280046,0.760387415718578,-0.438162764523929,0.104039027392725,-0.812273176130578,0.821912345832414,-0.607240663946728,0.495115407670189,-0.84739055135385,0.402284656729566,0.134507172246231,-0.911913096276513,-0.266875216397046,0.213993790918282,0.0248288584335573,0.130404036509888,0.30915381512603,0.0646786926300362,0.0491841041811119,0.00482299284294431,0.0863642793736843,-0.000464810052459751,-0.000399285432356372,-0.000488742442107753,-7.38670190779805e-05,-8.70596203725871e-05,-1.07024122142849e-05,-6.85920009494412e-05,-4.64907802066074e-05,-3.41455129080105e-05,8.17963411910358e-05,4.37567661988603e-06,-8.20873904621572e-05,-5.69831817207322e-05,-4.61326915696114e-06,1.88482533829207e-05,-1.19068022828572e-05,7.90004658591525e-05,3.02817298845626e-05
"11",-2.68095052358064,-0.770790063995616,-0.822944380408853,-1.77680274602935,0.0188632756884796,-0.0985222227438165,-1.56899867326138,-0.746430182760405,-0.243893404543577,-0.0331994709445981,-0.232958228955515,0.797641741833819,-0.18703870114823,0.280892870368627,-0.231573571697806,0.3480779950522,0.222232894960277,-0.372583261362189,-0.0875092257531594,-0.0412511392778215,0.0799676015408959,-0.0335448942795244,0.000269651022042197,0.000423702496026926,0.000388105490216902,-2.74498887635546e-05,2.02788835566015e-05,-4.0818059660476e-05,1.79377894347216e-05,0.000125806569462157,5.50744315051706e-05,-5.42426541373063e-05,2.86212560972887e-05,-6.18199077495885e-05,-1.07548617313269e-05,1.992542039983e-05,-2.6479031614228e-05,-2.62853814960301e-05,4.99869435240385e-05,3.74992423829434e-06
"12",-0.739971453890434,1.5432098120053,-0.93003114458033,1.74168465486329,0.680049224867901,1.67029257441657,-0.590726432646659,-2.19647098007368,1.38159940555979,0.542895622171687,0.458670716792154,0.496252638971396,0.0786469778599462,1.87714815945384,0.0283040812855133,-0.0262095883393229,0.192871736986345,0.166084278700163,-0.126399181065956,-0.100499453862396,0.0609138022571987,0.0508962118856163,-0.000177402776502578,-0.000213512934379571,0.000100715719424607,6.64937890041059e-05,0.000129887840391014,-2.05633790299233e-06,3.89021760325257e-05,-6.36245660639214e-05,-7.79280071774345e-05,4.73425577872527e-05,-4.91788783282751e-05,2.659069473206e-05,-5.37889437703665e-05,-1.53065782106318e-05,-2.82318499830216e-06,3.01150537143288e-06,-2.11886375054218e-05,8.44186964187033e-06
"13",-2.1629124968466,0.293717714357452,-0.93656290494349,-1.61222713256328,-0.713575782592996,-0.384485450891081,-1.08646391779633,-0.777909869146184,-0.372209209280019,-0.346958813820107,-0.53683234297312,0.0106155650003332,-0.50390499773532,-0.193953882353016,-0.111377587718318,0.37319243342465,-0.127246478006808,0.0528546205980507,-0.0426638426171545,-0.0827293854196219,0.0572042630081489,0.0028728577464379,0.000418397295637326,0.000633851102103563,0.000379649516264048,2.38151820001406e-05,-4.22015597982724e-05,3.2959280226454e-05,2.99170836963458e-05,6.29993126211766e-05,7.01615222363158e-06,-4.84325260939038e-05,-9.44843059191292e-05,9.09319040065665e-05,2.59814978127715e-05,1.09390178076874e-06,1.62560319879809e-05,-2.36665595132468e-05,2.71611156280605e-05,2.97716589975627e-05
"14",-2.19831419109203,-1.21726724723445,-0.261334151210578,-1.67924164636627,-0.133637185593532,0.360919715577553,0.372733956972263,0.951596180097633,0.22494590673486,0.890959432643748,0.0328196138798131,0.0737029982938417,-0.523242426083995,0.166666012790166,-0.0762070426244569,0.241072816423975,-0.0191616513780749,0.0258286058475982,0.0320613537500896,0.0216415136394681,0.0315233304568717,0.0959157847953196,0.000453097374586008,-0.000444183654212185,0.000124921991486788,-7.0045852294625e-05,0.00016340066462469,-3.41609147952865e-05,8.12535792864277e-06,-9.36356021152343e-05,-0.000145325713116356,-2.43089983586169e-05,3.83835187997006e-05,-8.41097880293629e-05,7.1459358142123e-05,-1.04550536803028e-05,3.50406772635717e-05,-3.65219338551714e-05,-1.26669958037395e-05,-2.76537567738266e-05
"15",0.505294611459312,0.94415050542281,2.61766696741804,0.369300174806483,-2.86624644417912,0.658450254645733,-0.742182035828374,-0.0794386448351117,0.634688287982666,0.0814524898174398,1.49716072936934,0.151653845791168,-0.0552169863740445,-0.31267715467912,0.723349600756144,0.536452634084509,0.468987585126774,0.0750899738366229,-0.144601599303019,0.138416285522882,0.252033317734298,0.0718160820832217,-0.000939765813553153,6.30995225295201e-05,5.12473643270533e-05,0.000310647645179202,6.9625122494749e-05,-9.00666382945103e-05,0.000131265717284312,8.83439911772256e-05,5.36551694225009e-06,1.73756276686636e-05,1.47355929392134e-05,2.71381242808004e-05,3.50341087662562e-05,-1.45933419608557e-05,-5.62163380783973e-05,5.25016541645072e-05,-1.41179199373148e-05,-2.97807384245369e-06
"16",-2.37307426925651,-2.51010309735376,0.177932301771977,-0.987473060075862,1.00616469854115,0.70595862327134,0.189712871783883,0.592639294969774,-0.291314951264024,0.349934897572706,0.0356584841164502,0.335383452621683,-0.0276070548714597,0.0557229572573595,0.00706377054812483,-0.151952574414541,0.178971035324791,-0.0903261328411451,0.0443095146246416,0.0395249705036023,0.132206265253845,-0.0987091627835618,-0.00110471415974258,0.000451958461660761,-0.000121792333717738,1.15579067255511e-05,-0.000116889533599271,0.000152979320269669,-8.02990658549246e-05,-7.90890813288023e-05,-0.000166226803076958,-0.000117023160484248,-4.81652628640805e-06,8.07370327293722e-06,3.1916727009168e-05,4.74126137573749e-05,5.26258903425086e-06,-2.1553110780087e-05,-2.61461393567808e-05,-2.23968657742102e-06
"17",-2.6655009314554,-1.85777497310614,-0.111585023929973,-1.4294560013639,0.374232450589378,0.403969354204505,-0.3516445800117,0.212650942018409,-0.209701795479131,-0.00593660104269815,0.169068593671297,0.440739462500852,-0.434450924613251,0.218546376731807,-0.0906880831600007,0.0545283968623157,-0.138559576095637,0.0038887037594775,-0.0329307979828724,-0.00287553178949858,0.0208874814979317,0.0151384681405507,-3.86820341865893e-05,0.000220798218382522,-0.000313794899862991,0.000242472955874387,0.000282804339261762,-0.000166682391874732,-0.000106907544773036,4.46570642005928e-05,3.34485603769689e-05,6.27352306923901e-05,1.37984238338246e-05,-3.84152771061158e-05,-1.79898245629972e-05,2.24811879995235e-05,3.39389653451413e-05,-1.4906224143893e-05,-5.7693310825252e-05,-5.03027727760674e-05
"18",-2.8833403262929,-1.16926539882592,-0.47306288188691,-1.28090621847955,-0.0345271336109341,0.076659819203513,-0.39359805574716,0.677287157156998,-0.0957124217164269,-0.280091309168759,0.216337523541146,0.220256551439535,-0.277972294834099,0.154894800914098,-0.0854129926471508,0.211991609314831,-0.0801823552747628,-0.190180765950406,0.0415978934272872,-0.322944670808932,-0.023262771189052,-0.0224167429781142,-0.000518299706952417,-0.000368850834437377,4.79586137687605e-05,-0.000434371815217334,2.74294097232022e-05,0.000224858874474473,-2.31021569105233e-05,6.44780558172325e-05,-3.31743305852124e-05,0.000110499645056012,5.30907457382684e-05,-8.6750497266308e-05,1.02006631510498e-05,2.77439061621143e-05,-4.08968620338804e-05,1.33855847621323e-05,7.83817260394115e-06,-1.02189246984352e-05
"19",-2.59575346310487,-1.55573693967853,-0.493945787183015,-0.888046879131682,0.824239081403101,0.428248550960011,-0.458417815452323,0.0557566446901402,-0.297588303954357,0.251674165932261,0.0776825409779522,0.540536162540431,0.124856007203368,-0.128215325364367,0.0649893187699035,0.0245394634195495,0.0299838525884509,-0.0357764098655598,-0.0111135757836395,0.0646808649686341,0.115942645994084,-0.0654157994583571,-0.000341669025190162,-0.000217709708397407,2.82331972568521e-05,-0.000365172889366792,-0.000256242039928162,-0.000158686999191249,0.000278866612494849,-4.55073879954242e-05,6.41286940198139e-05,8.24571389119316e-06,-8.17125356281645e-05,-8.1221731551645e-05,3.3093029000425e-05,4.11107976611425e-05,-1.1496959469337e-05,3.0803478900665e-06,-5.20460502433651e-05,-8.39233523475258e-06
"20",-2.48956526284891,-1.9748154032092,-0.476680690950879,-0.923719857249371,0.940982899632319,0.713783295048374,-0.485627872789188,0.00715215010993194,-0.376808553594759,0.161771380657013,-0.105849739734316,0.550742334449769,-0.27308136049136,0.100127371903778,-0.180126037517993,0.061453022910755,0.151467994241678,-0.181397094928199,-0.0868136401105179,0.00972512624638065,-0.0115070761041508,-0.00556309807630614,0.00110456225172911,0.000157908354642758,-0.000196123678517787,-8.65289405251116e-05,9.03123733356354e-05,-5.55388117946289e-05,4.61776640524741e-05,0.000148640542871888,-8.03097597898393e-05,-1.68992760764576e-05,-0.000141833755915213,3.31760778782414e-05,-2.17035319431957e-05,0.000132131186205559,-1.03963694305931e-05,3.44250055961809e-05,5.83428913689676e-05,1.72553499026562e-05
"21",-3.53364230161982,1.3917749822385,-2.07692840953018,0.228260744745004,0.572797708438296,0.292362140051377,0.370280442086018,0.331339315739958,0.724255883202728,-0.368939499929941,-0.119927683786482,-0.151844832545969,-0.134160156455624,-0.489615213613028,-0.0311662349527543,0.216647007854375,0.0182152931432764,0.14278693199286,-0.016630798131559,-0.0257325536746188,-0.0569164160722653,0.081477165364442,0.000325758703858026,0.000257690424391437,-0.000120189847296818,0.000353746647205166,0.000369301592064539,-0.000138522913341124,-7.21719407488775e-05,9.74822626832114e-05,3.47801515625488e-05,4.15175412278659e-05,4.16781760361612e-05,5.03969528956039e-07,4.92938098495821e-05,-1.91191907568666e-05,1.4178119571516e-05,6.08832728600933e-05,-1.7225486727529e-05,-3.22683124168166e-05
"22",-3.41266585209458,0.93893547231132,-0.754344268366729,-0.106980910118499,-0.0692118446559906,-0.25595884043684,0.0921614217573251,-0.34798942705587,0.0580184462459516,0.0162128684315799,-0.0641053937055125,-0.368835357419519,0.000916491454421997,-0.332439383731182,0.0866025385276408,-0.0476516514906097,-0.193084136160183,-0.124187276468524,-0.0383779736191556,-0.0077890649446443,-0.063816542080442,0.0506560254530686,0.000520134856470015,0.000721327241309078,-0.000243841167029592,-4.49292362202369e-05,-0.000160903068183768,2.61093562714185e-06,9.43899488091426e-05,-0.000123628442811823,7.32379605384442e-06,3.38068654975703e-05,5.32667592035158e-05,-3.9147339181797e-05,1.23042815478036e-06,3.17990372458721e-05,-4.8776500719501e-05,-2.00338424553859e-05,4.93177271956857e-06,1.72733709122297e-05
"23",-3.93098356422392,0.169706809202062,-1.3467416286094,0.116113698745378,1.0901502658799,-0.366259807641197,0.691814781231763,0.211573507790214,0.364998992808877,-0.0153952697030796,0.0503511114502962,0.125684839026785,0.23983091677071,-0.065227329032497,0.184636431047376,0.0845471847476807,0.067159338023367,-0.042413659553934,0.0529291509946508,0.103250603648026,-0.0464105502129056,0.0474749897739474,-0.00119431404814109,0.000339727055709602,4.80761307343221e-05,-0.000234579626168539,0.000286650914339534,-3.24557459391688e-05,-1.93884937582517e-05,-4.93307347918318e-05,5.09333611112585e-05,-0.000106599480519713,1.66788902443565e-05,4.31458758425041e-06,6.81512888993097e-05,-2.67861217240206e-06,-2.89670566970546e-06,5.35424654872219e-05,3.28590382459581e-05,3.04865421441036e-06
"24",-3.41140068272805,1.4573787943457,-1.65705171184332,0.11125262405973,-0.0932134350309329,-0.0970862869957856,0.639361108409632,0.937460701670251,1.02444939228245,-1.8135048446984,0.252689184733604,-0.26096305055944,-0.261650573398642,-0.761062105975982,-0.151995840340464,0.200803877513327,0.227637902276239,0.209817130903973,0.184319477602746,-0.0103160847464381,-0.0680075458042711,-0.023931860445024,0.00107308220133618,0.000597050169231728,-0.000100829222187184,-3.05126209982701e-05,-7.1959586213817e-05,3.6560685020403e-05,3.87998586861005e-05,-6.19807514208245e-05,4.05968333631601e-05,5.99157553002223e-05,5.24293713138474e-05,7.28501162376716e-05,-1.43208041768761e-05,6.83581685906598e-05,6.21081257987238e-05,-2.53302798835786e-05,-2.34351797825383e-05,-2.36226459926492e-06
"25",-2.68835594020909,0.370659543615081,-0.0154097240891706,-0.00326041235797091,-0.118638294596528,-0.302354747786367,-0.326105930787997,-0.0941537111086264,1.15388897811644,-0.421199797908504,0.080715911493528,-0.140023384824217,0.284623915507305,-0.581258898774285,0.176872848307686,0.124074473914096,0.198170459385223,-0.0491689567600054,-0.0373132345892305,-0.0743134627687191,0.00571057685646201,0.0267504220488462,9.24937281248095e-05,-0.000150396472118515,7.18044648560542e-05,-0.000199042636752828,-0.000144829065603043,-0.000314779218537946,-1.83145953454589e-05,-3.88586879841238e-05,5.85805485155307e-05,4.81985251282457e-05,-0.000150337084905333,-4.02201366742488e-05,-2.16471989425426e-06,2.430142476606e-05,-4.14746169705854e-05,-6.68288987224902e-05,-1.36176826950885e-06,-3.74154789634096e-06
"26",-2.9758247952614,0.357575951171719,-0.0229028550910556,0.157625860827104,0.188039934947124,1.1288613926539,1.10425649819561,-0.757555085665201,0.773624259506166,0.344750507483239,-0.107624704788861,-0.18352493534387,0.208570877714861,-0.581455031625125,0.225113235003298,-0.384735134475629,-0.0646909760848637,-0.0618423056754052,-0.0745908021153585,-0.0188887922100711,0.0296665332752597,0.0436694791251084,-0.00015609254644984,-0.000683925529463739,0.000429166176234458,0.000165100353816262,0.000172634132839952,4.31851306464809e-05,3.33226652521335e-06,8.01798600056636e-05,-1.2333624532436e-05,-3.95789152597692e-06,-3.89259367312156e-05,3.79778982000645e-05,-9.57486437747068e-07,-1.97378461002928e-05,7.45244692916258e-05,8.2552669474073e-06,4.36417125686261e-05,-2.70154817638701e-06
"27",-3.00243366025704,0.566439396819994,-0.331862629110733,0.415324485649966,0.444072763383064,-0.677924530065269,-0.711451088067786,-0.621930808121157,-0.200652230126045,0.00483220880013115,-0.0160181955777339,-0.397104513749855,0.0826610715167891,0.000687522742859354,-0.0708985286395128,-0.0419579625446713,-0.124421456582037,-0.17387013244879,-0.0493669072801963,0.160014578231751,-0.0580659643509093,-0.0558846808311145,-0.000680202059416487,0.000462694789185807,-0.000101399227180825,-8.37893811749674e-06,-0.000223247021019973,4.65836221631016e-06,-3.04613367064083e-05,0.000131139517477986,0.0001080052217695,2.95576144496539e-05,-3.42172058875323e-05,2.15710850515888e-05,-9.60433062969224e-05,-4.6656997446104e-07,-3.53654831679873e-05,2.49542120462215e-05,6.72266585466375e-06,1.69458680247536e-05
"28",-3.02987545146947,0.364588125450286,-1.08336234083583,0.22025048725443,0.570280785003268,-0.208003848530117,-0.535352496800643,0.244172508924339,0.770003547913811,0.219301219512676,-0.100172898543434,-0.326451311509554,0.211114679479353,-0.323693571345162,0.0170100024898908,0.269460297759386,0.079809338394146,-0.041142012672943,-0.0551228046294795,-0.0274790259562925,-0.0471684354678969,0.0188768253899774,-0.000344431250556072,-0.000522610708733807,-0.000644623649982557,-4.93399524497534e-05,-3.7767215169994e-05,-2.49514737574764e-05,-4.29581712597799e-05,-0.000123397222068958,-8.64557045442658e-05,1.07907544519177e-05,-6.31222905108503e-05,2.39851860294182e-05,-3.52408036173313e-05,-1.3051026177463e-05,-4.95724239561388e-05,9.88280632385763e-07,-5.35248199876048e-05,2.50808683666115e-06
"29",-3.45838195481141,1.09757794289821,-1.78133425879427,1.50890488426914,0.887238304460152,0.353420197068915,-0.0757711744428561,0.0835907922839987,-0.671235729281695,-0.338699158865609,0.299188324720315,0.00112886987248214,0.65175043126715,0.264093590554353,-0.0048861998445363,-0.153330642010727,0.164224869643718,-0.191350210241902,0.23266938204287,-0.0546282604184342,-0.0458060429551972,0.0590157296950822,5.46896735939342e-05,0.000298286849544388,-7.42508940850844e-05,0.00036222618721489,-7.85497381017922e-05,-0.000252117072885659,-0.000145944262059119,9.53047895974057e-06,2.97999604274013e-05,-0.000109103537784028,-4.10651271219586e-06,-0.000100382459883891,1.02899277292789e-05,6.90938119216056e-06,3.6264885566413e-05,7.02605618926322e-05,-1.08857441573629e-05,4.45336834185017e-05
"30",-3.19807227249249,0.451922710640253,0.153614903134414,-1.01925534862405,-0.703402471726359,-1.74304825096921,-0.8827808528553,-0.777640007571797,0.331478231902658,-0.084464362037785,0.0429416365535661,-0.559401328503446,0.0182494791735545,0.24675322264238,-0.021338360740125,0.0683830682098649,0.0911979099566451,-0.185004738061126,0.0990827769140119,0.143195632227829,-0.0471111354779783,0.0262402752538548,0.000275359863044451,8.85113107630744e-05,-8.53317815266205e-05,5.18529812257723e-05,5.73198383411674e-05,0.00015786562631484,0.000124060319176791,-0.000171358200200443,-2.89045741291398e-05,0.000108393900277337,-5.21182963751643e-06,-1.10415090935623e-06,-4.87902420080732e-05,-2.50610621600755e-05,4.96863955482887e-05,3.04703404172824e-05,-4.73700795303178e-06,1.25656865134771e-05
"31",-3.75746071435053,1.00894446067975,-1.22593597270981,0.20566841437769,0.449640909416653,-0.715794835163946,-0.181379378820919,-0.15310542789684,0.407779012967816,-0.382456721384378,0.208341876597986,0.346911751680969,0.543340068348095,-0.361361598201052,0.118476530009461,0.168976081085002,0.265076886034664,-0.206142734404691,0.0183263544658484,0.0621732254536311,-0.00772461876724473,-0.00363545071914573,-0.000133247443390844,-0.000387365745669541,0.000244591342508394,-0.000490576480044698,0.000200642016921423,0.000209339628970528,6.18964230259533e-05,0.000123561577156969,-4.00257543246851e-06,7.87734864600258e-05,0.000116518477146541,-5.78307555401392e-05,5.26195068346613e-05,0.000115022546370025,-1.45752344705707e-05,3.63855411300573e-07,2.98883539889827e-06,6.89376945056663e-06
"32",-3.22669273254299,2.2769959536082,0.532109355409414,1.53856144963512,-1.04334633779681,-0.876042913004572,-1.42669825703477,0.0357090408084208,-1.98862990690065,-0.450799463847516,1.07164954917376,0.18318690057393,0.760812302215692,-0.538021726255605,0.298780107140737,-0.254593535639061,-0.224817764799773,-0.0303771688440249,0.0124647715848063,0.0973058641154039,0.0934596115493378,0.166490450290886,0.000778268381112817,-0.000158350521592784,5.69792496455352e-05,-0.000273071619316098,0.000132214079999901,-5.64980793136792e-05,4.8022757227914e-05,-3.10136675438916e-05,-8.51764762846326e-05,-4.36267551561266e-05,9.32247359465566e-06,5.31625851719619e-05,5.3657860458467e-06,-4.71372051010499e-05,-2.5790608852376e-05,2.07320815931444e-08,2.89189453672456e-05,7.92959129086723e-06
"33",-2.18118119413416,-0.170553969494366,2.18798372624208,0.129286696792543,-0.787823765954589,-1.224659946607,-0.918226419128772,-1.28554299795227,-1.24952467526425,-1.2116081837088,-0.235358208333054,-0.250624140733496,0.149896878445563,-0.284239875778645,0.182985707278128,-0.548870884515128,-0.0853405603075682,0.295323672169557,0.142108676192417,-0.0509630188853394,-0.0698523225761856,0.0258418568533954,-0.000202462463122329,-0.000296847597459918,0.000113146406620604,-2.99913612678768e-05,0.000115795469204427,0.000114840328828698,-1.29419695416022e-05,-9.39119993918422e-06,4.97826875161568e-05,-8.27158781774098e-05,5.56443345650637e-06,-3.4718420239277e-05,-3.46555907235757e-05,-4.03461043135822e-06,3.93709655367724e-06,1.2565258329239e-06,-5.97631495754536e-05,2.12751661621269e-06
"34",-2.71705912584408,-0.047372721334694,0.634491369261141,0.530041958637538,-0.0471069577085971,-0.287642369429061,-0.232871226261845,-0.0494022598788287,-0.49692880188819,0.701440873617359,-0.344769889977946,-0.509771253648321,0.321776500211836,-0.0101201507987363,0.0584285190184742,-0.000794640638435771,0.147757823854154,-0.12321681486489,0.111985411358584,0.128119606715559,-0.138864635300662,0.0282178210468957,-0.00117446992736858,0.000438881309073394,3.95443954788021e-06,-0.000335772586756079,0.000173072425505773,-0.000120221468216074,-6.77834905384728e-05,0.000176100124148509,-0.000137973514235518,4.68661623465039e-05,1.58445641916249e-05,-9.07405539009448e-05,-9.24676737019126e-05,-7.08256753580161e-05,5.55089349371443e-05,9.55408521234602e-06,-3.25136219322675e-05,-1.48507518910046e-05
"35",-2.89555128027241,0.046278377186948,0.397100103646891,-0.138877934207542,0.080641176775576,-0.896157964779332,0.09604026480993,0.213627347979341,0.47994468303449,-0.700686579343,-0.00166700525146755,0.00567446642910432,-0.0911216283383246,0.277924209097916,0.0808668219497701,-0.050719315940475,0.148618052626778,0.34432726502859,0.171994062622101,0.101134158090287,0.0232121541341681,0.0154568917080353,-0.00103095487111513,0.000381188512931334,7.89162875031017e-06,-0.000302904014203249,0.00023570159657172,-1.89181001918996e-05,-5.83317562329044e-06,-2.53383443854713e-05,2.52245376288866e-05,-7.77694991113652e-05,-2.04808746930435e-05,3.30245718988403e-05,-7.47852522348658e-05,-2.06824087934654e-05,2.4173341007433e-05,-0.000110168504931479,6.87199940766214e-05,-4.05695316672006e-05
"36",-2.89799217490864,0.0434615921758895,0.179149815752435,0.372894918932358,0.0959520808091787,0.263981287777716,1.09184740200335,0.852916107839553,0.629069047546394,-0.3623226208715,-0.17442323877337,-0.273864252764094,0.134403004813854,-0.176249598596184,0.0651231971192015,-0.247401120385608,-0.0079559596172749,0.339140093410944,0.288500013043215,-0.0130798731645479,-0.0197518572485782,0.0541451193031889,-0.00139953141512783,-0.000124431738994825,0.000377177548117752,6.50594968440443e-06,-0.000136603720237813,-1.06921815842369e-05,-0.000148650435761385,-6.92213169879025e-05,-4.6563884766343e-05,1.40881728919011e-05,-2.15149847801605e-05,6.41406146326129e-06,1.42275715970253e-05,4.63648001413353e-05,-7.54234016694458e-05,5.9976450177926e-05,-5.12503769941053e-05,4.00031879091434e-05
"37",-2.86572848062434,0.230173015994673,-0.531577922985431,0.63109208934855,0.655763023266758,0.264983079545293,-0.904076652457128,-0.551628793666498,-0.972860175130854,0.144136298886466,-0.221995624262026,-0.225372482873378,0.242881824158297,0.0600971051195007,-0.0105397490838449,-0.110346998247213,-0.0470515850216497,-0.00953180662851131,-0.0182526731033095,-0.129632717770275,-0.0795452952346589,0.0725388951808909,0.000613281455494812,-0.000346567469469622,1.34372281315996e-05,-0.000189601605280622,0.000132935372350068,-9.24042505085695e-05,5.9619545433709e-05,-8.53070931030875e-05,0.000121989456394588,5.41863604898475e-05,-6.80600443692808e-05,8.1199239720206e-05,-2.57963133366568e-05,-4.93813183932712e-06,4.55728347901405e-05,-5.28694421371573e-05,-2.27660586155087e-06,1.82287517752622e-05
"38",-2.27180462684522,0.238693822276898,-0.292546856443254,0.856498223750929,0.411072968828064,0.873481218601715,0.196944125720221,0.0155256219800524,0.984973821867985,-0.0463905691036057,0.104843578105032,-0.568970917937333,0.138072840005357,0.13832788710358,-0.311016448501937,-0.117572497842831,0.141897324091019,-0.0644171804874766,-0.0644207330609071,0.127187606865341,-0.0420672334040261,-0.0515231341329535,0.00167097164424012,-0.000193532219348577,0.000185003293404535,-0.000350305649923041,-1.47011157327417e-05,2.04530445297064e-05,-0.000171111094455126,4.66662411289023e-06,3.94075095676398e-05,-5.61889353643472e-05,-7.74979478534998e-07,-1.20421340833315e-05,5.58047032684361e-05,-2.42748089498701e-05,1.27973054196012e-05,2.575049043399e-06,3.24573333243539e-06,2.11596356073929e-05
"39",-2.79827913623929,0.891876905315073,-1.37213798091121,0.945995382914159,0.888716173757771,0.441041185888437,-0.878255377990126,-0.41095593691379,-0.154024655836457,-0.00554273520429599,-0.312078078634705,0.155644703255938,0.238714606117142,-0.246340826898305,-0.127532683979991,0.184466292887038,-0.1072100484202,0.0727784643713168,-0.178141023900277,0.0305564829408846,0.0436633150406897,0.0317464558879422,0.00099425164109665,-0.000277462249428331,3.08701522874177e-05,0.000161008342659051,-0.000231519259253979,7.19932519972766e-06,1.10958855921023e-05,8.42752773500821e-05,-1.51948306870917e-05,4.86299907394711e-05,2.0381186411747e-05,-4.09539802578851e-06,5.91342998124134e-07,-8.15662798057393e-05,-2.94571610725269e-05,3.02777796403475e-05,1.79157592698764e-05,-2.28931076888261e-05
"40",-3.03128734198017,-0.799317892627059,0.156311710179425,-0.264440837310815,0.580052246603652,0.0171316242950593,-0.00533579956614772,0.556309573401137,0.269054598820656,0.308020123962027,0.18850602365139,-0.116677800310141,-0.0970200951194989,-0.104195581652451,-0.109236880239086,-0.0542554182514651,0.0290862458426584,-0.153883303083191,-0.0954510515697846,-0.02041423900615,0.00411251051496629,-0.0283567372695247,-0.00126872175285112,-0.000149117352672298,0.000116965684191086,0.000158156911256195,-3.82111805936197e-06,0.000214896903583284,-7.54412214242633e-05,-7.81318469616071e-05,0.000111239582197879,-9.41955418806255e-05,-7.64719936677954e-05,-5.76166835926373e-06,5.48809802510541e-05,-2.87225450421036e-06,0.000114648192791812,-4.25766792235133e-05,-6.8112083882188e-06,1.83257496334521e-05
"41",-1.63873331120379,0.789671737730291,0.12135813924461,0.9229472071852,0.0155869294887337,-0.841735636516763,-0.17288466101087,-0.680435717388319,-0.211914157296942,-0.360126651150958,-0.603077961377754,0.0948016138002432,-0.203844515316701,-0.199557290054606,-0.061328529384942,0.181949863753707,0.0616466213201988,0.14573209285535,-0.0434862483208804,0.0370038390094993,0.0445180572341302,-0.0468275933239159,0.00100709272872236,-0.00034553423903582,5.76067002508527e-05,-4.75484292870552e-05,-0.000197994397875205,-0.000184859122238723,1.61064510623837e-05,-0.000113151558444328,-0.000126377438574365,-0.000117981071941888,2.1612741324048e-05,-3.74100808886099e-05,5.57244701245296e-05,-1.11319847148628e-06,9.8537890881871e-05,4.12833951777963e-05,-6.75786847154081e-06,1.861029140654e-05
"42",-1.0780061861795,0.154181166890403,1.71609963382444,0.956375962290891,-0.777601473282785,-0.783566742471357,0.964215895831716,0.376710223012067,0.369366584594713,0.163925964942014,0.318741103305747,-0.223243757709964,-0.167270455997512,0.233385433631655,0.127320363824217,-0.329576229340472,-0.200849781582961,-0.0494527343187378,-0.0831235795742352,-0.0307245433663543,-0.137464478581846,-0.0632541976815819,0.000210954538907123,9.1403408112381e-06,0.000111197310361592,0.000130194372333602,0.000123959660891789,4.86150894517656e-05,0.000152210704369604,-9.93825024381417e-05,-8.4979923235801e-05,-5.93845035173762e-05,-0.000197655944680783,5.0568182766067e-05,-8.69596354195479e-05,-9.023690812765e-07,-2.57018671643988e-05,-2.55988730624365e-05,2.85662102749579e-05,-4.46293176840917e-05
"43",2.98259589669179,0.671139237091718,1.48080975558891,2.56518536849271,-0.322418545262381,-1.42377813803521,-0.762076790447121,0.166014888081732,-1.15700690279126,1.47397739142449,-0.48088838442656,-1.02353845382074,-0.249228698930681,0.386975168860987,-0.229386645296811,0.527575916121724,0.287481878346118,-0.107810481913993,-0.196544961224892,0.0842309248406168,-0.1569654472414,0.138016417563001,0.000378124195318057,0.000117341650645676,3.33083496943108e-05,0.000229286078616171,-9.71084844413536e-05,5.36762314056922e-05,8.93349096419693e-05,-5.55906082256065e-05,-1.8816344203032e-05,-0.00011145218318059,6.88421805590533e-05,1.0238169055321e-06,6.79174022506779e-05,7.5935429833196e-05,-1.66557518906998e-05,-2.01004811675454e-05,-1.28676086741386e-05,-9.42729873171233e-06
"44",-0.467994634612029,0.618188657150108,1.22641076868951,1.41564500532926,-0.659652241422733,-0.762766097825424,0.0737076079237759,-0.0295755322221327,0.334659829140321,0.151404101826221,0.101112177833192,-0.0532403269645506,0.332921861824367,0.611055014104851,-0.00131551655397609,-0.29780705606695,-0.204127471379254,0.17807032518697,-0.00981415169347753,-0.170232003793978,-0.08206529512434,-0.016851566289775,-0.000477418090555415,-0.000606704976400509,0.000244607479644982,0.000122333112411298,0.000208293591780822,7.72119557581954e-05,-2.65955527164984e-05,8.27614093828165e-06,4.66863473024652e-05,7.86776493248015e-05,0.000114852401273454,-1.93978734110145e-07,-1.42910408668165e-05,0.000126371545838569,-4.39802706885747e-05,5.45058010453306e-05,9.14452387335007e-06,-1.5522067772486e-05
"45",-1.01887470613414,0.0734697722252322,0.354467593428156,0.979145476384615,-0.0463011561772819,0.630152352881013,-0.549822643999852,-1.03719135785714,-0.0859777442760868,-0.307681285263169,0.172380108250204,0.172317506575583,-0.310438618712714,0.095267242274626,-0.15482022667534,0.0180894305184886,-0.119750598713585,0.0145540077660447,-0.206460904445346,-0.260982614244762,0.047677069184241,0.0038017598789533,0.00132082319609669,0.000217771278592373,-0.000297243156371429,-4.69782372857601e-05,0.00013290873765584,2.40665820843405e-05,5.95559257422287e-05,5.42720997011008e-05,1.90248917119468e-05,-1.94379815506174e-05,2.13719284319208e-05,-1.36514677258406e-05,5.87179929428666e-05,2.37053487506661e-05,0.000124514564381388,1.52924000970112e-05,1.2332635228901e-05,3.99801430219504e-05
"46",1.0067811265194,-0.177580376058636,1.43817220046295,1.1377296425745,-1.98176408303852,0.570951741693956,1.007384422864,1.5102163487365,-0.0939413343378765,0.977668520293701,-0.00956628712940819,-0.755600604182358,0.643561039104142,0.201929472391856,0.307921529994722,0.222455896504589,0.190337303140213,0.110870028149539,0.110791201496276,-0.169716095843637,0.0418632086971599,-0.0714887367513429,0.00116099159994625,0.000220189127857824,-0.000112363135082604,-5.29357265762961e-06,0.000168493050615824,0.000125178710112825,5.59353161249145e-05,5.46426661183017e-05,1.93175016822162e-05,-3.65242031379531e-05,-1.37688889946426e-05,-7.08001302221865e-05,2.09846805341446e-06,-5.47768015338734e-05,-3.5210419513208e-05,-3.64762282551376e-05,-2.08360194109344e-05,1.25547662189196e-05
"47",-0.0174551156915641,1.95639724239735,0.318744039505973,2.01151713374571,-0.708845071973604,0.476772894316175,0.686666234736841,-0.279472281010493,-0.80635552431426,-0.843937362170096,-0.0594320113188449,-0.329185275837238,0.00380923457797343,0.505859505807205,0.190852359886529,-0.642641417604901,-0.0106709316624207,0.0205676787758826,0.059107852982417,-0.1429561385129,-0.0701452671399883,-0.0858414286971138,0.000433667207021602,-2.33144561447938e-05,0.000101961571037609,7.84640782714244e-06,9.70933515861139e-05,2.55119570706057e-05,6.05753315967546e-05,-4.10535991605147e-05,-4.19316561634825e-05,-4.53564212630037e-05,-0.000106937000272638,-9.95276249632637e-05,-2.8495986077532e-05,9.55216657220741e-05,-1.73398035980868e-05,7.39200843207135e-05,1.2662764505976e-05,-5.1915832464354e-06
"48",-0.831969474873656,0.241960250736491,1.66803159668965,1.51521078995787,-0.0706815935154253,-1.78161509707008,-0.340610975027545,-0.308326730453251,-0.279136649254193,0.552658719475378,-0.345860486452701,0.292460608614883,-0.488645194045389,-0.136236508342218,0.0670244863450044,0.133230702625044,0.0448132426045529,-0.0854251776115299,-0.19107703507975,-0.0636843638028347,0.161471210361548,-0.102907151506257,-0.000682400764596528,-0.000605229717467959,0.000104627867058726,-6.8443167823843e-05,0.000218708871095246,-1.55143317689451e-05,-1.93274680195255e-05,0.000143750141359464,-5.26555594909852e-05,2.34099933449725e-05,-5.43761183028485e-05,3.58722835299766e-05,-1.58740262709983e-05,-2.47377401073196e-05,2.19502865352016e-05,3.14735397573263e-06,-6.97518047848567e-07,-5.6145142230124e-06
"49",-1.65301023297925,1.05361769726061,-0.380501564408801,0.400247753160201,-0.162777934055531,-0.698951379862709,-0.732440937628871,-0.240099615703178,0.409159623535652,-0.0897645977533588,-0.336643012973995,0.223544181033438,0.0338254348555206,0.235765031231769,0.0894361350294715,0.242231596407874,-0.044232115434996,-0.0450520578718511,-0.131924010998431,-0.0461980388604995,0.0355612266694893,-0.0538098382972575,0.000130132606884917,4.78012412824212e-05,-0.000205149077716308,6.07331758273738e-05,0.00010147501502776,0.000164497942322225,0.00010719965218859,-0.000243001852441593,1.21904069031384e-05,7.67739465305697e-05,7.40918649397293e-06,1.32268507559152e-05,-4.74812599809138e-05,-3.42948189637204e-05,1.70722284562538e-05,3.18237907179705e-05,6.05668413619642e-06,1.04903595263828e-05
"50",-1.63435231761142,0.100402294275481,-0.027784169789936,1.47060145411937,-0.0352313224115757,0.278264491367101,0.222270445241445,0.754144091102191,0.986122227854323,-0.328113090262748,0.625335334451957,-0.100258631201049,0.113309420057734,0.258803742120763,-0.158480402895039,0.189365003071885,0.100265006053428,-0.138086081272405,-0.135442396479911,-0.220871954323023,0.0258678769039227,0.0238501974373534,0.000386140405642365,0.00052332462510625,-0.000191195929107021,-1.24990770471491e-05,-8.16298182640882e-05,-5.97802584022273e-05,1.71362978020131e-05,-6.45316560457208e-05,6.55109243059213e-05,3.41993894363568e-05,7.9098196379683e-05,4.99769456241694e-05,-3.155107222097e-05,3.12418638406253e-05,3.86593964263257e-05,-2.85247066977856e-05,-4.51066433459213e-05,-2.49576825623321e-05
"51",-1.39760860622678,1.49211619857916,1.78545223370931,-0.120974183946304,-2.27300842783723,-0.225825974132525,0.725332221220949,-0.214233817252366,0.216834173271073,0.697972934192996,-0.863376217448988,0.109556172239901,0.838520302564773,-0.212967454448411,0.269808864746137,-0.107544502882551,0.754631556113957,0.00478669259630878,0.265751671384207,0.0779961048636043,0.162765886978142,-0.109295505379488,0.000487464855162517,0.000197400433056889,-0.000109499876964902,0.000263546663232708,-3.94837689451019e-05,-0.000185488560854846,-7.29060831736322e-05,-7.64977805056341e-06,3.68887906241535e-05,-6.32987953524625e-05,3.15674875296656e-06,-2.00789536833682e-05,-8.34214706185998e-05,1.2845414887136e-05,-4.15183168998856e-06,-2.72733005786813e-05,1.68266153557223e-05,2.79952520380877e-05
"52",-1.6108337960641,2.0756574801997,0.361974230014712,0.793089155938921,-1.11571834720132,0.288290126534271,1.59532567318599,-0.0538045725807268,0.21721285505114,0.676105760782344,-0.699116456162029,-0.0951067766345248,0.880896176211463,-0.321471378301646,0.25022461371169,-0.307145924629225,0.19717548049129,-0.1275207534853,0.178932027234783,-0.137466672104035,-0.0482001971123288,-0.077685027691419,0.000494236807210103,0.000529692566966309,-8.22331732735339e-05,-0.000103407180654682,-8.25268174015209e-05,-1.53988558017539e-05,5.78387036806738e-05,2.21405977509012e-05,-0.000107105459434393,0.00013601843802874,-2.69624992275258e-06,0.000118473938459894,4.69911603936668e-05,-1.77398543209917e-05,8.81216570292748e-06,4.23809868494787e-05,-1.8788147922999e-06,-3.35855481433667e-05
"53",-1.02037732805138,2.55312939615205,-0.841710721840379,2.3652788973334,1.57619269139614,-0.180067335527367,1.16260338420401,-1.79507075328726,0.491267755845328,-0.644809663792622,-0.984024028873439,0.936664700364989,-0.406626230569564,-0.171598886220392,-0.0129831816179615,-0.0909831597338757,0.3267746191192,0.013936155622084,-0.0671861894101183,0.0633059281665044,-0.161748388056722,0.0111473198796929,-0.00121667918816254,-0.00013187681313212,0.000325943222984245,6.30690628703502e-05,0.000136448746488913,-2.13352735434665e-05,5.56484452052045e-05,-8.0309463118898e-05,-9.46557427256717e-05,-2.74376951127364e-06,9.23351135507997e-05,9.01605263103206e-06,2.83277972071144e-05,-9.25716558203421e-05,-3.46905241105436e-05,-7.28315068634494e-05,-4.17075511068149e-05,-1.80895417814519e-06
"54",-1.90296557305474,-0.219548107964206,0.538335103687251,1.11291180593801,-0.324648190717015,0.938177125704897,0.9647417507582,-0.235226093433012,0.181786311837313,0.376569790463501,0.119429527217025,0.195670193296936,0.262539600538544,-0.955072887462943,0.0620127962726556,-0.192362239094262,-0.33415991338684,0.1121829610112,-0.201295006185329,0.234480209688151,0.129158174928082,-0.0339082557769161,0.000386157461660392,4.0413911389859e-05,8.39247117809965e-05,-5.74578776853275e-05,8.7958827692719e-05,4.42317230990828e-05,9.7515419666204e-05,-7.38148411322317e-05,3.78115653706657e-05,3.85655659417717e-05,3.23481665156916e-05,-1.44699119213956e-05,2.24284026752453e-05,9.41723751574086e-06,1.81873230498536e-05,-1.12150912421755e-05,1.88067211671639e-05,-1.02407183837361e-05
"55",0.467547774378957,2.95569958054257,0.471363480831622,0.15086899226872,-1.1960544761999,-1.42104629391735,0.329512191877085,-0.485457539932168,1.23783179317033,-0.516532429396529,-0.565935466280362,0.0529192028459668,0.389920141097685,0.258796054386581,-0.155849447451851,-0.318293187351353,0.255364139737757,-0.211076603932618,-0.1262605113557,0.0728968422919796,0.0391968873998391,-0.132581048780221,-0.000175428273100541,0.000166534176493929,-4.96922215842181e-05,3.08503179649996e-05,-0.000127643084692718,3.6220931821459e-05,-3.17662530264877e-06,0.000129127867583546,5.19725240466602e-05,9.61204454606769e-05,-2.11889917936282e-05,7.19594920769485e-06,5.72398517712062e-05,1.20046244352356e-05,8.10727425235641e-05,-1.7602942447013e-05,-3.32911987349985e-06,-2.27271861039935e-05
"56",-0.635249223365967,2.25827848197013,0.346003173181451,0.879163220670057,-0.0214470436343305,-0.840408945628754,-0.0253822414902688,-0.946755889718198,1.08971511748457,-0.266167563440831,-0.512997930413784,0.230244263677548,-0.298044184856152,-0.0467927350396986,0.00292994976205202,0.187602409856103,0.201197239157365,0.0789804613774562,-0.236069247204363,0.0200282327433644,-0.150437448852843,0.119775204036557,-0.000818883394466131,0.000656992153862302,-5.028323852184e-05,0.000171345683386167,-0.000172515228581466,8.01081501984099e-05,-7.15380756492745e-06,5.44167581742125e-05,-1.00385790022207e-05,-1.36684255179435e-05,-6.02397977981332e-05,-0.00012638211077055,4.00178801828049e-05,-1.91828596669691e-05,-1.54442932310817e-05,1.08965618447754e-06,1.74786441148322e-05,-2.60118946558696e-06
"57",-1.31809327619933,2.68179595693187,-0.57949289743153,1.46293698847533,-0.789967385898222,-0.381752757339673,0.624537250658878,1.09090918348563,0.284820653388465,0.78698725344427,-0.35011189255501,-0.4138741361112,0.510021038539894,-0.283739694982132,0.301274729155359,0.265366881394034,0.061429936844785,-0.0351124418831604,-0.0406461029028891,-0.000997260375914157,0.0520514583076133,-0.00485211133782538,0.00110154019923111,2.05284184486842e-05,7.14782733198506e-05,-0.000369649747597525,-8.46290060193301e-05,0.000106629919906493,-0.000220023383382562,1.32523986591873e-07,4.28346817717608e-05,-3.01009425571572e-05,-5.442033126489e-05,-1.74037715296657e-05,2.47116654604751e-05,-3.02903859520226e-05,1.21039153218039e-05,2.06622188933456e-05,-9.7964237822934e-06,-1.84761077401396e-06
"58",0.102655947920067,1.28012274840293,-0.0311231568887389,2.92725045601301,-0.388575014686493,-0.351007613531177,-0.789369574600594,1.24583068394912,-1.15117811519291,-0.0277273824338425,1.06201279414397,-0.544443911778388,0.00738802132938203,-0.39392441439723,-0.567463233268296,0.0562956391945304,-0.45477256285368,-0.398880807138027,-0.313059523558256,-0.0422830803747665,-0.0214942240874669,-0.00674479084494812,-0.00113682281975379,-0.000140805036870724,9.9774643408433e-05,-4.58877100875245e-05,-0.000101537661055237,-0.000117988721640273,-6.71255154723842e-05,-5.64348660791818e-05,-8.0334518474133e-05,8.4466725077243e-05,9.07806853033737e-06,1.1404485549654e-05,1.50480615778408e-05,-3.33929928492661e-05,4.28777636736299e-05,-1.97404801485622e-06,2.64418030012316e-05,-2.3225143404783e-05
"59",-1.4084685608936,-0.048179676739429,0.0225430528670208,1.29841891416977,-0.535729656089208,0.890368559632803,0.226611045448084,0.453847099457569,0.173238422104333,0.179230004456949,-0.0185743948454727,-0.531725009110865,-0.382859641394292,-0.186965415574092,-0.763230977903742,-0.157436387070308,-0.0713079842823921,0.255072954388265,0.017557208558685,-0.0989865097393825,0.0219751006079648,0.0113139603931204,-9.4781409054414e-05,-0.000472261438332278,-0.000570056564398106,-5.19584602554392e-05,9.70218893855262e-06,0.000148662771421016,-7.84847811032136e-05,9.32517370191566e-05,-1.33434820460635e-05,3.45461447025103e-05,-8.25935574169517e-05,2.14458824103689e-05,4.01999539873521e-05,-3.11693423309112e-05,-2.1466176853939e-05,-4.40630197541397e-05,-4.24646768575621e-05,4.91163809645256e-05
"60",-2.18727237252654,1.80376278868552,-1.55688879191374,1.24591141581312,0.300314649416245,0.118213658597783,0.641051459258388,0.447922638912209,0.205737016539634,-0.125056283270368,0.149044194068538,0.329807825410062,0.165675292925832,0.0284954385902552,0.100317325287139,0.103264725902066,-0.210624840017533,0.180740615392648,-0.115490461195761,0.145436760312227,-0.00497587534845334,0.0725550012337119,0.00100579213318895,-0.000302580446179552,0.000238526709718194,0.000259677138564129,-0.000185567460897922,3.48497181471182e-05,3.49658818660364e-05,5.64410159163975e-05,-3.40220562181342e-05,1.59707058622026e-05,-3.36082871856269e-05,-9.33209831527823e-05,3.99614300902462e-05,7.53692887121293e-05,-5.20190167552018e-05,-4.61402721855381e-05,6.77268595572766e-05,-3.43877619067845e-05
"61",-2.60595816828936,-2.08434011595739,0.269853515605932,-1.61006344189613,-0.248471251874569,-0.325967785433693,-0.182419704202231,1.23266223322649,0.170851877572061,-0.0269993749122813,0.455994210274705,-0.0306794685255181,0.0674840035519013,0.280843791624287,0.0723591951014459,0.072220749069662,0.0331701364916601,-0.019714220792849,0.0452723496628557,0.0220735812584601,0.0113782497127353,-0.0343739351440107,-0.00127121247506167,-9.46592929739823e-05,-8.30148309457774e-06,0.000319719630138431,4.50861242826256e-05,-8.71254888768422e-05,0.000120159120522947,4.1188415938604e-05,-4.84313762291674e-05,3.03387561022134e-05,3.0007002224261e-05,-2.73707963770187e-06,-2.5394237385068e-05,3.89070316611506e-05,-9.75379365092399e-06,-4.23804056355753e-05,4.71940466673093e-06,2.01188034714694e-05
"62",-1.85097031137113,-1.63550912017122,-0.532707986945064,-0.697663354775983,-0.277619653345013,1.34171061256316,0.46839240422959,1.58736636640084,-0.579818581135407,-0.254672076759339,0.453138909200386,-0.220574891576716,-0.037813620214197,0.1857016834908,-0.418216085339122,-0.277821269707027,0.241382018033328,-0.0358615229342292,0.180201523265868,-0.0283356908158606,-0.0414491760295304,-0.0463168690531533,-0.000966900617535694,-0.00013043803243656,0.000113531618525584,0.000219091320615528,7.84330611178184e-05,-7.42731886443568e-07,0.000177137409480534,-5.96565783188112e-05,0.000140900147758737,0.000141651829825191,-6.81728863410544e-05,-3.21835974537929e-05,0.000110882450053751,-9.27538102574177e-05,-1.1192824000833e-05,6.50992050094112e-06,5.39066320182358e-05,2.8982021041235e-05
"63",-2.54712287836679,-2.52815158053923,-0.0387213582954017,-0.95627254327651,1.12689089415998,0.323073225552573,0.0167463533308336,0.323241904086018,0.210162601826803,0.0760101474918535,0.0586751347842941,0.179411733685543,-0.0558036015009199,0.0445183029606898,0.0550533320904535,-0.143622766716039,0.0716697533077773,-0.0980608229100713,-0.0821054721950843,0.000908143070407601,-0.0554337355713737,-0.0415828593966362,0.00114702464653777,4.74837192266861e-05,-9.72228068489372e-05,-0.000164882133223208,6.17465643992995e-05,-0.000197336842827252,8.60287704549378e-05,-5.05272722925304e-05,-0.000148927396640058,3.80833148126564e-05,2.33446432797851e-05,0.000125761079829659,2.32314642856224e-05,-1.69118805075641e-05,-0.000112538183408638,2.52892510555908e-05,1.86831418791389e-06,2.2471612285746e-05
"64",-1.37107641208105,0.346008079302789,-1.17477576764251,-1.693963072988,-0.782486574002939,1.11275398034711,0.267864824769939,-0.631578734832911,-0.0676883615666956,-0.308620712444511,-0.0221314799136458,-0.194793329026405,-0.954929847503574,-0.188969949453768,-0.412161429582167,-0.029057047312821,0.0746893908218941,-0.177846065981724,-0.145113229614471,-0.123261286960996,-0.0577700467752981,-0.0062210372165045,-0.000844261853856504,-0.000325522487377616,0.000159278693470242,4.92749055181606e-05,-0.000183335462507692,-7.4964966446653e-05,-0.000105314118960958,-9.54921444189932e-05,-4.27604540570899e-05,5.05253923538049e-05,-9.10941940160045e-06,5.59224575127706e-05,-3.16359679156941e-05,4.32019932063987e-05,1.04478533860392e-05,2.85491637343899e-06,1.23602474198098e-05,2.20622198805337e-05
"65",-2.88299563829007,-0.0516395078956709,-1.75963234676586,-0.81931289201513,0.148578593859274,0.61399306909515,-0.191828642287923,0.417734780414332,0.0964804825558357,0.498033303159896,0.0389776778718509,-0.135778445971532,0.137247782007559,-0.23490386053018,0.226954701513711,0.347867411133558,0.0011235923424315,-0.0546614020831891,0.067726139353707,0.0482396217873871,0.103785990276756,0.0122816073218553,0.000745276138134472,-0.000547966158771826,0.000100269357514195,-0.00010546854411949,0.000180913547110813,-0.000106636260888686,3.42330263812529e-06,-7.71127672672539e-06,-5.19123362906909e-06,-3.92067575177187e-05,5.47755524999277e-05,0.000113648912826295,-8.08031887720717e-05,6.21939575440322e-05,1.92782477404646e-06,-1.84313997833585e-05,-2.56170694993008e-05,1.58952711641347e-05
"66",-2.84272597955036,-1.30456918747911,-1.13555391617122,-1.37398455260405,0.761358691008489,0.331341601771144,-0.243450589269577,-0.127838682180939,0.284336254440578,-0.00224575807418852,-0.0320534060115809,-0.024027734943668,0.0882830276454551,-0.130500392063928,0.0988176058139859,-0.13973648850254,-0.0865865109575987,0.0417476395523167,0.0376382625663993,-0.0851943833189786,0.00339104095038773,0.010370292652465,0.000251178743619861,0.000549940269197538,0.000593205417133485,9.24188156318229e-05,3.79764260304769e-05,6.77006469645761e-05,4.37188111725578e-05,4.61843352624093e-05,6.00712354463899e-05,-5.50679286901549e-05,-5.46467029895609e-05,7.48938202127236e-05,4.18102768439677e-05,-3.3673409580437e-06,-1.23819128349592e-05,2.51927767623283e-05,-6.03035864953638e-05,-1.84387956370657e-05
"67",-2.87496658455985,-1.62554409447089,-1.03278495773825,-1.30198840897684,0.729765835689683,0.222245124706512,-0.370593218851026,-0.0359137778724748,-0.434962476860192,0.0218406942071016,-0.0113884656187578,-0.281713507630252,0.0729225391697308,-0.0595944622975566,0.103110107666568,-0.161152256815873,-0.0506184662001202,-0.122798343045696,-0.0268668294738599,0.0556952917933185,-0.0126926615208167,-0.0260032510615207,0.000230013020375855,0.000192749220812263,-0.000275961279818564,0.000255088339800612,0.000313477742022623,-0.000161691144730757,-6.59906701029472e-05,4.86991025846484e-05,3.84558753894274e-05,7.18075664149637e-05,2.95890715655417e-05,-3.92984554296316e-05,1.11546036981602e-05,4.6705439897432e-05,3.59363974325663e-05,-1.84158662335093e-05,-3.94025010111154e-05,-3.50420304092713e-05
"68",-2.52454842655675,-0.668634370157816,-1.25943604737912,-0.353350353365446,0.49367475741711,1.0519926912685,0.639670498866495,-0.0962878364941613,0.303668799837274,-0.67374286853354,0.682692085093802,-0.368118834861862,-0.222508205532971,0.0813663175719877,0.010903625811835,-0.234740392114268,0.168248196155846,-0.031101498445244,0.0675522012306254,0.0260655245971652,-0.123367512990235,0.0957265784072426,-0.000207716808374867,-0.000673565895126852,-0.000270012056613033,-2.69537737853237e-05,-0.000194252418879041,-1.32426799345185e-05,0.00022478350631612,0.000117384735917193,7.36899220612867e-05,-0.000193222174913701,0.000123002070043218,7.89973182781234e-05,-8.28964038696034e-06,-5.36889814829744e-05,-4.50594531981041e-06,-3.16173086985921e-05,-1.82140668057995e-05,-1.84913368306283e-05
"69",-2.18411888860515,-2.33036931600856,-0.0650952716031731,-0.0717121646969915,0.88101173986105,0.456188676262814,-0.480978316334508,0.514730980282598,0.462426887555777,0.108129147975088,-0.0340868246996539,-0.17921727275559,-0.0955038180236404,0.285197839086042,-0.156841790918561,-0.0421871384366662,-0.112435809686461,0.271562904531367,-0.0768698731294323,0.015448959689224,-0.0281391946457212,-0.0275699031588572,0.0009142040112033,-0.000363064316018624,0.000116643699731845,0.000187992352584709,-0.00026184025548625,-1.45140383424336e-06,-4.28527685821661e-05,0.000101327831547048,-2.11746759634368e-05,5.31072061452607e-05,3.58830044676905e-05,-9.30737675323978e-06,1.30453376547546e-05,-8.72677983364267e-05,-1.82563210777767e-05,2.72058828751781e-05,1.40397520837221e-05,-3.71135021071112e-06
"70",-2.34716494406663,-2.45550550167411,0.432402841841308,-0.785868727057396,0.519359563670881,-0.478589323175435,-0.99811102777582,0.0681536874070275,-0.264559613583869,0.0308325966327145,-0.157127786118354,-0.25478126524881,-0.242318531073844,-0.0104077900194792,-0.0290594200536102,0.0108814928810015,-0.304160780935817,0.258018083082222,-0.0689966111331547,-0.140495777315355,-0.0706782825778005,-0.0191070687041778,8.6482364427945e-05,0.000725177884440924,0.000440804905016903,4.5349968979029e-05,-9.06053173475169e-06,4.43620680294077e-05,2.16130219304611e-05,5.37503241455732e-05,8.94305438139606e-06,-5.07538372069676e-05,-6.42571736259173e-05,5.56517454605859e-05,2.80685633043953e-05,-3.62374495728734e-05,-1.35000125612156e-05,2.35374667153926e-05,-6.94180226397112e-05,-3.18598161219152e-05
"71",-2.21892642865621,-2.44437621132763,-0.0652676598089691,-0.893639235717808,0.751819656747443,0.52024368976926,-0.255512239982865,0.642304211797786,0.22296593700613,-0.0366805928815654,-0.10073609337312,0.00101151102955238,-0.252876714711921,0.173962635461978,-0.179402909910015,-0.102349751369865,-0.0116785964682208,0.258457230311212,-0.0733378733266715,0.0561996475801838,0.0396116092119025,-0.0674492900999412,0.00137096006540496,0.000168121009978886,-0.000192660279444102,-8.78420204768957e-05,0.000137634649524598,8.96795551463096e-05,9.99669970099953e-05,1.40880415379456e-05,2.86774526573746e-05,-4.31973547186312e-05,6.14279848071275e-07,-0.000102989101401149,1.59815700257748e-05,-7.05427659277447e-05,-4.83427403429187e-05,-2.69862828513601e-05,3.05482538970336e-06,-8.20336412282741e-06
"72",-2.87846315416581,-1.82649536436533,-0.0579374633157631,-0.744516898080692,0.422557153469553,0.429643093646565,-0.426057580830066,0.0128639168131595,-0.0149312079626303,0.16328776610933,0.518986378688025,-0.336507810517594,0.295574444809476,-0.244659298624911,0.268996057891226,-0.0258108203171668,-0.28300263397224,0.0252648428829174,-0.0249970243634253,-0.0332545854835939,0.0207150755164813,0.0826189703467569,-0.00161860044769654,-9.4656087290021e-05,0.000148579905602469,1.71911030304311e-05,-0.00026956823255711,-7.89382987682989e-05,-0.000176456406764489,-7.26033017801053e-05,-5.73060554238947e-06,4.90488217236573e-05,-2.91558796022828e-05,2.74939508187189e-05,-1.39247636380402e-05,1.37388728497223e-05,4.7999474947609e-05,3.50663904385706e-05,2.65833038324004e-05,-1.36647257756306e-05
"73",-2.49628319244183,-1.42444584714788,0.827617953781171,-1.31115066250565,-0.78451843405106,-0.696944441269804,-1.29525281981446,-0.51525957044945,0.39700880632859,-0.562222246746523,0.368266435262724,-0.225066190804745,-0.0981365711918138,-0.349645170210613,0.383384199350568,0.414606262335248,-0.135875285005127,0.146636247931342,-0.0878366705420641,0.0180988944142665,0.0667402310840962,0.00657725391888178,0.000229261545152879,0.000273047591585807,-0.000244782426954333,0.000264021176366563,3.06536883259573e-05,0.00029133571285693,-1.71105575918415e-05,6.11091541304482e-05,-7.49041571710789e-05,-2.85439806956833e-05,3.22802397027949e-05,3.33755749130638e-05,-3.06157334223067e-05,-1.55692940578545e-05,2.10010441577951e-06,4.73353785311048e-05,9.91761103677491e-06,2.8539518692694e-05
"74",-2.60881611303851,-1.44054336206736,-0.256584012300823,-0.0487195413345306,0.502733556895805,0.64314141964135,-0.273091584923991,-0.117459156400329,-0.021240463535355,0.271091759752808,0.303320298079854,-0.161126353865591,0.505526715068449,0.261310793387623,0.0618034305691179,-0.0612765531369426,0.0696755360901127,-0.0805237321609375,-0.0255932342719835,-0.0229709243727157,0.0706426609729169,-0.072611467185459,0.000103276354212718,3.32604863952091e-05,-0.000117548313819125,0.000157500106104019,0.00028196432256445,0.000138705224630623,-0.000328477005073338,-8.45043675234622e-06,4.02075612790029e-06,-2.55806484402987e-05,9.91043819842385e-05,4.71749003166516e-05,-7.73257633623903e-06,-4.88163617591852e-05,-2.81104488411843e-05,-5.70979900746393e-06,7.02207380186559e-05,6.14455322311969e-06
"75",-2.61897246309506,-1.49193792124677,0.210930590361744,-0.818718547743404,-0.382353439651395,0.0422393822364815,-0.397419773502737,-0.273743698871772,0.534993554723751,-0.181651454313046,0.324337945015476,-0.563685106701023,0.377996193066941,-0.388224715449633,0.295076578127897,-0.0903137117866872,-0.369879276051854,-0.0482409378938551,-0.0189191308190933,-0.0483248583100948,0.0535040318235377,-0.000874514329839566,-0.000171228777611002,-0.000609363873867966,0.000147475100565406,0.000169012439615139,0.000106807930880935,7.35037931158533e-05,-1.21405108928496e-05,-3.79187765143958e-05,0.000119316192224536,-7.09093433986542e-05,-1.9363398500033e-05,-8.429464848414e-05,-6.4284271117071e-05,2.2750180791925e-05,-5.11916252480121e-05,-2.40362058708948e-05,-6.47299864705297e-05,2.10549384746517e-05
"76",-2.5362458682549,-2.393136420435,0.381184104675285,-1.32826341270299,1.2374764548974,-0.822431281788347,0.457189426343767,0.276000904805071,-0.50186945914363,0.363344443320107,-0.589373556290493,0.853831307364009,-0.244722226767124,0.216128253045381,0.414195866830374,-0.298656985099046,0.167902741656804,-0.0578901252974709,-0.0644724834964089,0.0918819600138928,-0.0408577875454547,-0.0765991644702448,-0.000433406667989408,1.129501937637e-05,-2.0732032068527e-05,-0.000100092642921767,2.01379881761762e-05,2.67021483000458e-05,-1.51545863116415e-05,-3.25662859729375e-05,1.97287832763744e-05,-1.98307433910069e-05,3.74414812330387e-05,1.16433091473245e-05,2.98915619673934e-05,8.4317568130321e-06,-2.29208717433815e-06,1.49622530148247e-05,8.80091673177708e-06,-5.07250005610249e-07
"77",-2.15875967575988,-2.7023394897478,0.725587010432595,-0.651110915988913,0.358419246812975,0.30223064638347,0.200893726730908,0.542773320600347,0.422890641600818,0.0172468462348821,0.0166183657333468,-0.643330788438539,0.061690969476206,0.11631590137826,0.0558785023485532,-0.187076046131192,0.0920925460629511,-0.00225731460354083,0.0733791332425978,-0.0568531381816111,-0.101984317362981,-0.0538266556987802,-0.000389221880846776,-0.00066917765634808,-0.000441425272926017,-6.127821706918e-05,-0.000201170328920627,-2.41070903074306e-05,0.000219133017153136,8.25970776248582e-05,3.35173672935882e-05,-0.000193575972953015,3.60318097104712e-05,1.59710593673479e-05,-4.15879634594329e-05,-4.34282824890442e-06,5.79091812385746e-05,9.87082432331171e-05,6.73161990699944e-05,-5.70278536375368e-05
"78",-2.17897047398858,-2.85971170527696,0.316413372126369,-0.399419015444451,1.36048273917641,-0.105299292919031,-0.920748470746848,0.0968454091308545,-0.345774026590407,0.146589863316005,-0.361554878847718,-0.182186242245823,0.12127334528086,0.0831268306799714,-0.002727111882047,-0.0918952990019329,-0.0469206333599472,0.219707345525188,0.0267569856592336,-0.0436285805333394,-0.00320301128262203,-0.0329265755232338,0.000608287113295799,-0.000218363376327524,-1.61605742998444e-05,0.000138366055204092,-0.000277738084324006,3.31064460200349e-05,-3.22962687801659e-05,5.36444463617204e-05,-4.33712555224647e-05,7.07222633686833e-05,4.28855635460634e-06,-3.56049449654755e-05,-5.65335872014239e-05,-5.94303991879874e-07,1.26144349437904e-05,-4.44502347450026e-05,-5.46240758575456e-06,-1.84199986330569e-06
"79",-2.22224142520636,-2.527693528234,0.347652123876042,-0.802850364954897,0.410562244164353,0.645807959056294,-0.145217369158907,0.55229775774437,0.0214430665680915,0.309926301393179,-0.0128563907230248,-0.234302349654826,0.333479073833916,0.0913896288876898,0.0270031385003968,-0.266612724272154,-0.232554716481907,0.0699001834914482,-0.00278746230833434,-0.00116261956426156,0.0144783278334527,-0.0614071283124853,0.000262216463183768,0.000454747301931888,0.000621147129655398,-9.40186166456872e-05,-2.1893393919746e-05,-0.00010694692743618,5.16281241251873e-05,-0.000145143943594217,-2.51949765671666e-05,-6.42918123672925e-06,0.000147419425997483,-6.08876268233111e-05,-9.23455516804172e-05,-8.16715576018867e-05,3.07823220038264e-05,-2.17594941569199e-06,2.45409118659612e-05,4.71774961227633e-05
"80",-2.95658147293238,-0.891536100924258,-0.0139739347832558,0.0836752644237073,0.382981493674487,0.33953932773855,0.755073274222873,-0.694241138221035,-0.553380094552904,0.373612743418294,0.0700226676638454,0.153068154522061,-0.237587761507777,-0.171382072557316,0.409177733869886,-0.316332182360358,-0.0224768334986094,-0.111896182515973,-0.0729645328108393,-0.123396820287104,-0.0183063500412227,0.106435275915393,3.52218270839172e-05,0.000835144666833501,-0.000207794204123711,-5.81066264507754e-05,-0.000146104450931085,5.45749305691234e-05,8.51433473641056e-05,-0.00017935231623082,4.9951994069649e-05,2.05631525449397e-05,6.56806120906961e-05,-4.11004206830184e-05,9.27423486257739e-06,1.27925157324404e-05,-4.39369547686128e-05,8.58363877911938e-06,3.69739449818107e-06,-2.37817738296675e-06
"81",11.136800629622,-0.708659389196612,-4.01566359602747,1.38844722086322,0.614647825355985,-0.448487235785321,-0.155611514127225,-0.34369895426955,0.785830107674148,0.624749840085907,0.509889265929074,-1.08254865111076,-0.00200509748628576,0.187265763382831,-0.0392205191801721,0.836952119522,0.373811291615585,0.12058095986418,0.0802154061979266,-0.071236687427475,-0.086573974244266,-0.0471934149381894,-0.000654049014179175,-0.000232391226065942,0.000280011586750964,-0.000168500114954395,-0.000162563642006064,9.35980830793909e-05,7.15741661450608e-05,8.15213910146939e-05,6.99867511480545e-05,-2.78066542457739e-05,8.71114126888006e-06,1.97522100925385e-05,-5.7804194194766e-05,-1.24677111026372e-05,-1.50852295099646e-05,4.69241174028134e-06,9.85133338460287e-07,6.94305002468809e-06
"82",3.85123615731303,-2.36332693339144,0.891435090842551,0.416387853088774,0.252317398887659,-0.941938854421288,-0.916726485077229,-0.862288962497281,0.182965122977588,0.250138265789673,0.165856561499092,-0.167618990893768,-0.225223063120867,-0.255437164041389,-1.56998821303034,0.0501193124474743,0.0291256766677083,0.19035102518018,0.253445619929974,0.347146264463213,-0.0981436445293834,-0.0986166064307045,0.00126849252648578,-0.00023049214068406,9.2802405842967e-06,3.60079449946357e-05,0.000194793229128389,-6.9725339036715e-05,-0.000109122230622649,-0.00013101936823734,5.70033156002438e-05,7.82118900361992e-06,-8.28461193320973e-06,-2.85666924536715e-05,-4.2523909445924e-05,1.28520005079347e-05,-5.37318071254789e-05,4.96981084536774e-05,-1.62641680228615e-05,-2.83547089542369e-05
"83",14.9953252021206,-0.261796145571211,-3.12398830172911,-0.283546827739147,2.04452774734952,-0.0940731461767315,0.719093202794969,0.474902899256805,0.152768338313962,-0.757709475775032,-1.31695580000328,0.307660744934333,0.265349498904894,-0.157776961602591,0.302559060558346,0.0445685863072026,-0.182603657638884,0.092626166495611,-0.0495736753647404,-0.176970761766997,0.25800965183604,0.0937482302816645,0.000130489725293059,0.000204999311001125,-0.000157085449259845,-0.000121887216765953,-8.55327960015972e-05,8.31441712293157e-05,-0.000182243816026162,-4.49913467980845e-05,-8.08602396333569e-06,-5.59623336347514e-05,4.93232218157225e-06,2.49470849450484e-06,-8.18269518729764e-05,-2.05523973173527e-06,-1.89653941062295e-05,3.63494442141565e-05,1.23656575747866e-05,-3.56502707403727e-05
"84",14.3534166310285,-3.83040961112464,-2.71223575822982,-2.31338955017921,-0.950164901648236,-1.20194560638314,-0.172345067980996,-1.43784037602797,-0.595800693870195,-0.651123215745176,-0.461270374420138,-0.631390325910743,1.13107848674602,-0.0176637704733285,0.6619475078105,0.0924906540998041,-0.333573635150115,0.434448627173391,0.144109184087472,-0.142986789275541,-0.0389788955741621,0.0196608270072404,0.000310021818744732,-0.000239373697743905,-0.000187317517158093,8.45889463857441e-05,0.000131715200029525,-6.02531910280091e-05,6.40143407063531e-05,-5.72408291635018e-05,-6.25485887340016e-06,6.8178766039248e-05,-5.28622060678163e-05,-3.28619269552854e-05,9.48127255309128e-05,-5.44753450271163e-05,-7.36826792807621e-06,-2.07236083593632e-05,3.04701306765853e-05,-1.57026960874163e-05
"85",16.0384130144048,-4.79481164929574,0.917244166041856,-0.293744850884497,0.233309981921154,-1.35246195260201,2.50916596528908,-0.102544658519164,-0.513645144671905,-1.71217416309933,1.00858025372789,-1.32584768718466,-1.39988395671132,0.370021699312031,0.11181630774353,-0.521427567604903,0.332193768360217,-0.584649878779348,-0.329304793781413,0.191523886048658,0.203900138728438,0.0668132771845664,0.00114360310784958,1.39626631659728e-05,0.000236211254816644,-2.55162152424104e-05,5.30693295116014e-05,-5.1312323123831e-06,-4.65333951533697e-05,4.8220567482854e-05,-4.93634239279173e-06,2.94433530414195e-05,2.02496708179289e-06,8.48092560812308e-06,-6.85579663151081e-06,5.64879366260485e-06,-2.7798251694966e-07,-1.86286282710668e-06,-3.66118114565328e-05,1.2035876116645e-05
"86",11.4401406306283,-1.59331868064524,-1.45582584660733,-0.697272743109622,-0.330580698281684,-0.432981700960415,1.54718293550874,1.62520509051683,0.289176140008724,1.33145932802061,0.513015206869652,1.71357805394712,0.717464084057954,-0.193330938253122,-0.513311278341729,-0.241548773180831,-0.137027598250153,0.415737524694318,-0.288378592953869,0.0620874242685271,-0.273925293732461,0.205330144323938,0.000372991406262291,0.000397247206725071,1.91957762842856e-05,4.84406364745227e-05,0.000176149089290534,6.5740840821199e-05,7.37253773754887e-05,0.000132206412874425,-2.34685099572557e-05,-8.09579027262475e-06,-5.32468657915008e-05,1.46587273650578e-05,-8.78527864773826e-05,1.81491871397155e-05,4.60354001912966e-05,2.22269012994936e-06,-1.091734843639e-06,5.24765357101664e-05
"87",8.46476531995256,1.3543260102744,-5.86391140992838,0.0334055088030258,0.732712046281386,-0.293642629441096,-0.349780099458929,-0.682051291177381,0.324203555563045,-0.0601022325881862,0.517517311572912,-0.744340845206797,1.41162974022274,0.0497773918314186,-0.38958030473776,-0.0923251376083783,-0.488236213053423,-0.597013560523601,0.541778809276335,0.214725962866268,0.0492087157689353,-0.0570164564137406,-0.000805739807136108,0.000245254166574005,-5.40429976121099e-05,0.000194901900952504,-1.89222622056506e-05,4.81581827404542e-05,7.59160330849329e-05,0.000104557895576785,-0.000118051108967829,-5.53219645091363e-06,-1.32581599304182e-05,1.1745401378993e-05,3.99877649598368e-05,3.14877189658835e-05,-1.14185439345493e-06,-4.54226317514461e-05,1.48262827102119e-05,1.14496357854765e-05
"88",4.20462745399182,16.504496961565,5.70426971532374,-4.28043168858046,4.01867545723596,-0.22011872944994,1.50644003977405,-0.578582056483552,-0.895302149708834,0.159061875182303,1.41083311580699,-0.450118991892558,0.550433692590172,-0.134344662226801,-0.332998240123593,0.334976782190459,-0.0343839267441798,0.244073221466685,-0.05115868770995,-0.120010680084725,0.00077392740743553,-0.072812461848934,0.000213580550155398,2.34059602070499e-05,-1.15357858727336e-05,5.54917647848027e-05,-6.72586278255283e-07,1.95653672589724e-06,1.30193685809188e-05,1.44015433159485e-05,-5.27250732248324e-06,-1.2870758149184e-05,2.97706343277415e-06,-1.30349328166385e-05,-9.22872011990816e-06,-9.54001501993207e-06,-1.28525612219307e-05,-5.41882177756969e-06,1.25907441522743e-06,1.82253858671544e-07
"89",3.54281099534255,-5.95995060286097,7.5690493889074,-0.733615925631352,-0.386370285708846,2.64540619431012,1.17614751165955,-0.302352456586064,-0.327933808519348,-1.8668992419063,-1.43203693516333,-0.173444283293027,1.92129204482539,0.670094946567072,-0.242542523248902,1.00428160349757,-0.268681588206013,-0.335824989255144,-0.232719140183147,0.157353455039909,-0.134712537492359,0.0655602927579173,-0.000497813660816327,-0.00013266451980519,1.92009103662386e-06,-0.000114497401606545,-2.69580837967617e-05,-3.23397086968748e-05,-1.82328709017118e-05,3.59146010636691e-06,5.48080330132171e-06,2.17645198477227e-05,-6.37859984698591e-06,2.52340859854122e-05,1.18418087483446e-05,1.60427553502623e-05,9.32607015905265e-06,-3.99429340967178e-06,-6.64051630196172e-06,6.95052443341893e-06
"90",4.0215735379139,-0.646703196513983,2.17338670476369,-0.495888828651398,-1.82533050070692,-1.04077537114466,0.912628805585631,-1.06612319767321,0.122362818980592,1.63253547116067,-0.968259816686451,-0.190108769569927,-0.583479019681267,-0.576686024752034,-0.397388604870975,-0.263210381673411,-0.601131690119336,-0.547256648083789,0.0518572713238694,-0.303227880651506,-0.0558632381241756,-0.00978322659386777,-0.000418506144975891,2.50224597022203e-05,-0.000131797306949706,1.81626731148299e-05,-4.79535722620467e-05,-0.000143913566778987,6.21330694987043e-05,0.000138429147602974,6.2807358098986e-05,-1.85306408203717e-05,0.000141092668751785,4.4681088092885e-06,-1.75324157129508e-05,9.16316743077017e-06,-3.56206917109941e-05,-3.37477010665388e-05,1.27781909042279e-05,1.63951020017983e-05
"91",10.039906365758,0.0144880804910763,2.75968194255577,1.83012878568222,-0.157787944826683,2.79120457507735,-0.554451545888629,-0.725162833854951,0.516250073201978,0.189357163966807,1.1889166730526,0.897465589538849,-1.54388133078468,-0.33673149764816,1.12758072124874,0.413411196971485,-0.578859692135423,-0.407112047646998,0.576436341579584,0.111201308979513,-0.316387783221706,-0.120473754063915,0.000832459758064313,0.000283817718526341,3.51324191027709e-06,-4.48582298592792e-05,-1.6808243552574e-05,6.03582199409092e-05,-0.000101093293739335,-1.62850691186045e-05,-2.68797358016215e-06,-3.2383820962878e-06,-2.17243088321828e-05,-2.02096803784135e-05,-3.28296318019561e-06,-5.03879771118765e-06,2.40553577019742e-05,-1.39097380276731e-05,2.30728216310538e-07,-5.64100485855867e-06
"92",3.80962470770916,-0.966910298232345,0.195389503063671,2.5849939269646,0.925017367087963,0.744467541786859,0.0479592677098924,0.123429510987925,-0.707771295118903,-0.199509535030032,0.151552213151042,1.05224893775245,0.209926003128311,-0.479396605642587,-0.356064679627551,-0.0866160395966458,0.0273073087446939,-0.139084117352292,-0.31637061099763,0.0927850821392506,0.124081774697113,-0.0693764013660828,-0.000956574638643262,0.000552769395289414,-0.00015406054550864,-4.65663282773823e-05,-4.01746810454323e-05,7.02339541699612e-05,4.14645158368504e-05,-1.59402858168969e-05,0.000187436948758876,3.0961496502134e-05,-8.28340568198582e-06,1.4351872956217e-05,-6.87872540488521e-05,-4.1759625466431e-05,-5.37877107058132e-05,3.81258468143963e-05,1.50940824388268e-05,-1.44570356669926e-05
"93",11.6100716487327,1.07147238505657,-2.01117822011944,-2.61617535480635,-3.54414906037057,1.05692930078965,-1.27114962739509,-0.301750714333622,-0.826549593505354,0.219473663472225,0.544471044544737,0.500595839961547,0.38427342111833,-0.349965316737197,0.00503417802873381,-0.249679621781564,0.488560836986543,0.692939788681919,-0.430397194702025,0.0946603277630502,-0.265501032844626,-0.13790241774326,-0.000465048283232988,-0.000218980456036827,5.21584542783459e-05,-0.000121552346682458,-0.000157926726817192,-3.89778683945741e-06,-0.00015999774959069,-0.000105111960299192,1.07503738096398e-05,-1.4568811165086e-05,6.59586341037466e-05,2.58991583709234e-05,2.60036917562045e-05,4.3531685685938e-05,1.72739137513089e-05,-5.93607859999956e-06,-6.05701444467144e-06,-2.09675622793171e-05
"94",5.84184649881812,-2.57602899871775,3.58895914927624,1.58454802496355,0.175841239585759,0.227421264753052,-0.97438099269819,-0.472456927821917,0.734524127814805,-0.54955380957178,0.316144720993714,0.148311175264365,-0.406387006933093,-0.446992185678798,-0.325998541427051,-0.289803863410547,0.0546110548695037,0.599088535369867,0.176561068552579,-0.213420003148539,0.0822767132430219,0.017272362957255,-0.000490205434075415,0.00020507073817852,1.51383547840266e-05,-0.000172136840341522,-3.69073174377871e-05,-0.000189661815341732,-9.17331705698327e-05,0.000250482823754242,-5.41816485727722e-05,-3.73722213627206e-05,1.74581819500919e-07,-6.56550404790068e-06,4.27042815110967e-05,-2.25593947539293e-06,-3.5407256403483e-05,-2.91107809466395e-05,1.46551934445127e-05,2.30532262601724e-06
"95",16.2878169212997,2.08352935420608,2.86729793175049,0.530331702166778,3.00971799306148,-0.000132139637609004,-2.6309379340102,1.70610034667759,0.422477250868385,1.24905653048372,-1.13857444269944,-0.732014262422941,-0.636319891793623,0.23635419881864,0.736710861534541,-0.337545387227585,0.307741678009892,0.133595761843468,0.117103098542282,0.0975416284940796,0.0355796559245208,0.0571541591563064,-0.000450896538931725,-6.05033608889194e-05,-1.0360245659384e-05,-8.67320179305797e-05,8.62193592516824e-05,-0.00011302704193504,7.64573264486201e-05,-5.61099277883725e-05,9.42361948924469e-05,0.000105475477698513,8.29748090475091e-06,2.7051656060928e-05,4.06504356285087e-05,2.75319690772324e-05,3.69093179860003e-05,1.8421346141162e-05,1.50444340856204e-05,2.25153985518034e-05
"96",6.52114815644445,2.77384927655676,-1.58685937322933,-1.21042721342613,-1.76454727684905,2.27892464266722,-0.501899421907919,-0.865899909762427,-1.26160912943838,-0.266041653277988,-0.0849821051307894,0.42712233155444,-0.261459348763306,0.0525726461425452,-0.716247683494164,-0.171649224970342,0.867979656429426,-0.452051784407412,0.418762395166371,-0.17786499160204,0.060319778311046,0.136605489645185,3.99090862323939e-05,3.06521177668162e-05,1.73255888808066e-05,-7.79430916001272e-05,3.55162528530573e-05,8.59043843314949e-05,3.06570761993696e-05,-4.09358974927387e-05,-2.28649450498761e-05,1.23738160775974e-05,-9.98718362768547e-06,-1.2377489526233e-05,-1.53971446410495e-05,-4.86321605583928e-05,-8.81257904503108e-06,2.2262836943121e-05,3.1069525390226e-06,-2.38196800997903e-05
"97",6.32086287717407,-2.61553022033852,1.52836728665737,0.399968280585523,0.520082682933551,0.853683322575311,-0.963756169699807,-0.149896219098744,0.565064255590159,0.485755543441706,0.402860123311633,-0.395067771707273,0.276343016313408,-0.170032539311654,-0.254152123818964,-0.500821300388915,-0.0130436627192181,-0.00273503161092497,-0.315971263040439,-0.0226581965982011,0.157830148520236,-0.0982624458127448,-0.000784293144122934,0.000492998230960148,-0.000203280223026028,0.000101153125894926,-7.82339701173307e-05,9.04286489405229e-05,2.83082817952029e-05,-9.14841388383464e-05,-0.000169639283311575,-6.8956225846413e-05,2.32052065304023e-05,-2.15543650287364e-05,5.0318760676793e-05,2.55141679315063e-05,-9.22578131835883e-06,-3.81703953134804e-05,-1.01411296819509e-05,-3.31372686179776e-06
"98",7.81740028645184,-2.60119828607335,-1.71777419959103,0.49044335064321,0.0108878856925161,-2.09089422227942,1.8223042032865,-0.387176422273739,0.0323980012850601,0.433744515149339,0.734766592381974,1.76771465646008,0.150995184385583,0.0519009540280637,-0.0458066709527551,0.675170760398892,-0.230256355693437,-0.116723627448192,0.0232052810171823,-0.172314991978575,0.111053107979665,-0.133178766425448,-0.00010251004446872,-0.000549945896890586,-1.32395410628022e-05,7.26693686874114e-05,-1.32841125463079e-05,-0.000176698758904567,4.8033923296692e-05,-0.000127034360194261,3.15785327585638e-05,-4.94729867073773e-05,-6.63521604538087e-06,-3.07104195804708e-05,2.10214151642463e-05,-3.3208697370446e-05,2.70531711875077e-05,3.04928921871506e-05,-3.25927467456077e-05,1.35121715338915e-05
"99",6.25762600899759,8.04128085610165,0.606852504766908,-0.62451267563859,-1.24496803317315,0.11777138702592,-2.18816308069354,2.55018387814927,1.13995861173809,-1.54774658982933,-1.4107401620638,1.2776085994486,-0.112673744789633,-0.182914035101925,-0.085152499361016,-0.352868215250086,-0.280321335817707,-0.659748410466933,-0.0356932956018925,0.0277474048317227,-0.0108199971994342,0.0283426244537739,0.000286766096462943,-0.000691090994687754,2.67101955831578e-06,0.000230674797654873,2.73577332254443e-05,5.1699652984287e-05,2.13388497760925e-05,-2.70399524819054e-05,-2.17089447353269e-05,-8.24501090629648e-05,3.85537715336115e-06,-2.89939447334353e-06,-1.52177432198863e-05,-2.96317077601027e-05,-2.47345487813522e-05,-7.81160719220964e-06,-1.72489710103529e-05,2.78569277600837e-06
"100",-0.07448255160061,-2.57564515458855,4.29317410804554,0.446155859013205,-0.323795235589757,-0.85135063421872,0.315213030391754,-0.129884297177338,0.201430130585265,0.479497737769655,-0.105112731015204,0.838155718289326,-0.15141354324153,0.0450669958191126,-0.867980463110467,0.135506564171453,-0.222074481445876,0.421089181489409,0.73613069349155,0.076737171507939,0.251973313749135,0.12983967195836,-0.00012433265820371,2.593125462148e-05,7.10406506240587e-05,1.23184147524519e-05,-0.000132387966970324,0.000150596686404094,5.19980550063373e-05,-0.00010382147560099,3.05997412695432e-05,1.78599227978766e-05,1.33057684954183e-05,6.52284119956048e-05,3.89245152235679e-05,3.6312075861189e-05,3.19726827064555e-05,1.67416854022148e-05,1.04819496428987e-05,-1.88073908724551e-05
