1.6244,1.7184,-0,1.8355,0.1481,1.3176,0.2963,0.9305,0.4444,0.7917,0.5925,0.6984,0.7407,0.6449,0.8888,0.6569,1.0369,0.576,1.1851,0.5696,1.3332,0.575,1.4813,0.5882,1.6295,0.5061,1.7776,0.4645,1.9257,0.4714,2.0739,0.4629,2.222,0.5244,2.3701,0.2898,2.5182,0.5439,2.6664,0.396,2.8145,0
1.5776,1.7222,-0,1.648,0.0572,1.3906,0.1144,1.1425,0.1717,0.9108,0.2289,0.7481,0.2861,0.6348,0.3433,0.5619,0.4005,0.5099,0.4578,0.4678,0.515,0.4875,0.5722,0.4799,0.6294,0.3752,0.6866,0.4312,0.7439,0.3723,0.8011,0.3214,0.8583,0.432,0.9155,0.3075,0.9727,0.5316,1.03,0.2953,1.0872,0
1.5775,1.7672,-0,1.7685,0.0875,1.3868,0.1751,1.0314,0.2626,0.8309,0.3501,0.6696,0.4376,0.5968,0.5252,0.5388,0.6127,0.4879,0.7002,0.4578,0.7877,0.3984,0.8753,0.2703,0.9628,0.3555,1.0503,0.1427,1.1378,0.1649,1.2254,0.0925,1.3129,0.2737,1.4004,0.741,1.4879,0,1.5755,-0.3403,1.663,0
1.6243,1.775,-0,1.7821,0.1263,1.4295,0.2526,0.9701,0.3789,0.738,0.5052,0.6561,0.6315,0.5307,0.7578,0.4926,0.8841,0.5506,1.0104,0.4417,1.1367,0.3673,1.263,0.4127,1.3893,0.398,1.5156,0.4438,1.6419,0.235,1.7682,0.2703,1.8945,0.2737,2.0208,0,2.1471,0,2.2734,-0.3403,2.3997,0
1.612,1.7701,-0,1.8223,0.147,1.3688,0.294,0.9548,0.441,0.7602,0.588,0.6819,0.735,0.6454,0.882,0.634,1.029,0.6182,1.176,0.5977,1.323,0.5978,1.4701,0.5082,1.6171,0.5318,1.7641,0.5482,1.9111,0.4548,2.0581,0.7297,2.2051,0.4301,2.3521,0.2239,2.4991,0,2.6461,0.3403,2.7931,0
1.6178,1.7204,-0,1.7215,0.0758,1.4245,0.1516,1.0593,0.2274,0.7996,0.3031,0.6952,0.3789,0.6086,0.4547,0.5776,0.5305,0.5856,0.6063,0.5218,0.6821,0.4693,0.7578,0.3537,0.8336,0.4199,0.9094,0.584,0.9852,0.4501,1.061,0.4264,1.1368,0.1854,1.2125,0.3537,1.2883,0.3403,1.3641,0,1.4399,0
1.6188,1.7518,-0,1.8867,0.1486,1.2397,0.2972,0.8527,0.4458,0.6786,0.5944,0.5711,0.743,0.5434,0.8917,0.4612,1.0403,0.5555,1.1889,0.5184,1.3375,0.3673,1.4861,0.5107,1.6347,0.5117,1.7833,0.26,1.9319,0.5542,2.0805,0.2232,2.2291,0,2.3778,0.2616,2.5264,0,2.675,0,2.8236,0
1.6116,1.7626,-0,1.8695,0.1547,1.2504,0.3095,0.8606,0.4642,0.7034,0.619,0.6903,0.7737,0.5926,0.9285,0.5347,1.0832,0.4116,1.2379,0.3157,1.3927,0.3944,1.5474,0.4517,1.7022,0.3453,1.8569,0.4509,2.0116,0.5268,2.1664,0.5503,2.3211,0.6404,2.4759,0.3751,2.6306,0.4243,2.7854,0.0929,2.9401,0
1.6293,1.7596,-0,1.8367,0.1535,1.3157,0.307,0.9024,0.4605,0.7166,0.614,0.7034,0.7675,0.5962,0.921,0.6086,1.0744,0.5768,1.2279,0.4329,1.3814,0.4481,1.5349,0.4417,1.6884,0.2726,1.8419,0.1739,1.9954,0.208,2.1489,0.2643,2.3024,0,2.4559,0,2.6094,0,2.7629,0.1462,2.9164,0
1.6473,1.771,-0,1.8114,0.1264,1.3855,0.2528,0.9246,0.3791,0.7419,0.5055,0.6591,0.6319,0.6056,0.7583,0.5997,0.8847,0.5975,1.0111,0.7596,1.1374,0.6544,1.2638,0.5361,1.3902,0.4569,1.5166,0.5988,1.643,0.7957,1.7693,0.5871,1.8957,0.1808,2.0221,0,2.1485,0,2.2749,-0.3403,2.4013,0
1.5623,1.7867,-0,1.7179,0.0973,1.4367,0.1947,1.0506,0.292,0.8366,0.3893,0.7128,0.4866,0.6677,0.584,0.6087,0.6813,0.5498,0.7786,0.4514,0.876,0.5672,0.9733,0.3803,1.0706,0.5082,1.1679,0.5189,1.2653,0.5889,1.3626,0.5156,1.4599,0.5156,1.5573,0.2337,1.6546,0.5083,1.7519,0.2702,1.8492,0
1.5915,1.7638,-0,1.8703,0.1559,1.2201,0.3117,0.8636,0.4676,0.7142,0.6235,0.5997,0.7794,0.5957,0.9352,0.5625,1.0911,0.6725,1.247,0.6208,1.4029,0.6322,1.5587,0.7489,1.7146,0.5522,1.8705,0.5428,2.0264,0.4933,2.1822,0.5879,2.3381,0.5093,2.494,0.2947,2.6499,0.1668,2.8057,0.2237,2.9616,0
1.5608,1.7173,-0,1.856,0.1562,1.3031,0.3123,0.857,0.4685,0.7543,0.6246,0.7214,0.7808,0.7018,0.937,0.5644,1.0931,0.6228,1.2493,0.5872,1.4054,0.6639,1.5616,0.6332,1.7177,0.6726,1.8739,0.4184,2.0301,0.3079,2.1862,0.3778,2.3424,0.0681,2.4985,0,2.6547,0,2.8109,0,2.967,0
1.553,1.7805,-0,1.7768,0.1055,1.3322,0.2109,1.0041,0.3164,0.7935,0.4218,0.6692,0.5273,0.6038,0.6327,0.5327,0.7382,0.5068,0.8437,0.5444,0.9491,0.5508,1.0546,0.4476,1.16,0.4261,1.2655,0.3396,1.3709,0.4637,1.4764,0.4973,1.5818,0.4189,1.6873,0.5184,1.7928,0.5074,1.8982,0.1136,2.0037,0
1.5776,1.6375,-0,1.888,0.1502,1.2192,0.3005,0.9308,0.4507,0.8001,0.6009,0.7068,0.7512,0.6541,0.9014,0.5669,1.0516,0.4989,1.2019,0.5353,1.3521,0.5386,1.5023,0.4883,1.6526,0.5471,1.8028,0.4689,1.953,0.4754,2.1033,0.2816,2.2535,0.2551,2.4038,0.3738,2.554,0.3646,2.7042,0.1979,2.8545,0
1.5701,1.7485,-0,1.8512,0.1456,1.2762,0.2913,0.881,0.4369,0.7119,0.5826,0.6511,0.7282,0.6315,0.8739,0.6948,1.0195,0.6016,1.1652,0.6769,1.3108,0.609,1.4565,0.3219,1.6021,0.3469,1.7478,0.399,1.8934,0.0395,2.039,0.2968,2.1847,0.2737,2.3303,0,2.476,0.1521,2.6216,0,2.7673,0
1.6164,1.7837,-0,1.8683,0.1521,1.236,0.3042,0.8695,0.4563,0.6899,0.6084,0.5761,0.7605,0.6187,0.9126,0.6252,1.0647,0.4019,1.2168,0.5365,1.3689,0.7941,1.521,0.7432,1.6731,0.5436,1.8252,0.4268,1.9773,0.7496,2.1294,0.6103,2.2815,0.2685,2.4336,0,2.5857,0.5004,2.7377,0,2.8898,0
1.6368,1.726,-0,1.8756,0.1527,1.2568,0.3055,0.8592,0.4582,0.751,0.611,0.7015,0.7637,0.6952,0.9164,0.5701,1.0692,0.4727,1.2219,0.6062,1.3747,0.6721,1.5274,0.5613,1.6801,0.4401,1.8329,0.2535,1.9856,0.328,2.1384,0.2076,2.2911,0.2497,2.4438,0.1398,2.5966,0.1601,2.7493,0.149,2.9021,0
1.63,1.7456,-0,1.8335,0.1195,1.303,0.2389,0.9409,0.3584,0.7741,0.4779,0.6592,0.5974,0.6683,0.7168,0.5953,0.8363,0.4621,0.9558,0.3644,1.0752,0.3672,1.1947,0.4421,1.3142,0.4734,1.4336,0.4143,1.5531,0.497,1.6726,0.6355,1.7921,0.6731,1.9115,0.5899,2.031,0.3616,2.1505,0.6207,2.2699,0
1.6067,1.784,-0,1.8126,0.1421,1.3685,0.2842,0.9536,0.4263,0.7469,0.5684,0.677,0.7105,0.638,0.8526,0.6394,0.9947,0.539,1.1369,0.5407,1.279,0.3961,1.4211,0.4401,1.5632,0.4146,1.7053,0.4094,1.8474,0.3733,1.9895,0.467,2.1316,0.0631,2.2737,0.1096,2.4158,0,2.5579,0,2.7,0
1.8046,1.7188,-0,1.3409,0.0202,1.3057,0.0405,1.2698,0.0607,1.1644,0.0809,1.041,0.1012,0.9183,0.1214,0.7854,0.1416,0.7048,0.1619,0.596,0.1821,0.5245,0.2023,0.4949,0.2226,0.4577,0.2428,0.3755,0.263,0.3213,0.2833,0.342,0.3035,0.1266,0.3237,0.5086,0.344,0.5867,0.3642,0.4619,0.3844,0
1.8489,1.6847,-0,1.4749,0.0256,1.4179,0.0512,1.2899,0.0768,1.1133,0.1023,0.9398,0.1279,0.8089,0.1535,0.6627,0.1791,0.5576,0.2047,0.5118,0.2303,0.4043,0.2558,0.4114,0.2814,0.2624,0.307,0.5383,0.3326,0.2501,0.3582,0.3328,0.3838,0.1412,0.4093,0.3317,0.4349,0.4742,0.4605,0.4176,0.4861,0
1.7917,1.7513,-0,1.3712,0.0233,1.3443,0.0465,1.2884,0.0698,1.1515,0.0931,1.0049,0.1163,0.8639,0.1396,0.7667,0.1629,0.6801,0.1861,0.6001,0.2094,0.5678,0.2327,0.4525,0.2559,0.3922,0.2792,0.4071,0.3025,0.3666,0.3257,0.4138,0.349,0.2387,0.3723,0.4199,0.3955,0,0.4188,0,0.4421,0
1.7395,1.8143,-0,1.4257,0.0344,1.3733,0.0689,1.3099,0.1033,1.1617,0.1377,0.9894,0.1722,0.7983,0.2066,0.643,0.241,0.5076,0.2755,0.3793,0.3099,0.3278,0.3443,0.3552,0.3788,0.3042,0.4132,0.1114,0.4476,0,0.4821,0.1367,0.5165,0.4717,0.5509,0.2891,0.5854,0.4776,0.6198,0.0071,0.6542,0
1.7914,1.6846,-0,1.5495,0.0373,1.4782,0.0747,1.2727,0.112,1.0504,0.1494,0.8365,0.1867,0.7045,0.224,0.6441,0.2614,0.6469,0.2987,0.5676,0.336,0.5941,0.3734,0.4677,0.4107,0.354,0.4481,0.1743,0.4854,0.2609,0.5227,0.3984,0.5601,0,0.5974,0.3198,0.6347,-0.1164,0.6721,-0.3403,0.7094,0
1.7817,1.796,-0,1.2806,0.0195,1.1882,0.0389,1.1933,0.0584,1.1187,0.0779,1.0359,0.0973,0.9463,0.1168,0.8429,0.1363,0.7473,0.1557,0.6704,0.1752,0.6191,0.1947,0.5191,0.2141,0.5074,0.2336,0.4218,0.2531,0.4384,0.2725,0.388,0.292,0.4039,0.3115,0.5072,0.3309,0.3252,0.3504,0.336,0.3699,0
1.8356,1.7507,-0,1.2894,0.0183,1.2471,0.0366,1.2321,0.055,1.1658,0.0733,1.0526,0.0916,0.9308,0.1099,0.8071,0.1282,0.709,0.1465,0.6175,0.1649,0.5717,0.1832,0.4898,0.2015,0.4247,0.2198,0.3751,0.2381,0.3445,0.2565,0.4067,0.2748,0.4974,0.2931,0.2871,0.3114,0,0.3297,0.2737,0.3481,0
1.8311,1.7079,-0,1.2613,0.0155,1.1781,0.0309,1.1663,0.0464,1.1252,0.0619,1.0437,0.0773,0.9551,0.0928,0.8543,0.1083,0.7735,0.1237,0.6866,0.1392,0.6108,0.1547,0.5661,0.1701,0.5113,0.1856,0.4182,0.2011,0.4082,0.2165,0.4245,0.232,0.4105,0.2475,0.4047,0.263,0.5396,0.2784,0.5411,0.2939,0
1.8486,1.7644,-0,1.3174,0.0146,1.3128,0.0291,1.2592,0.0437,1.1376,0.0583,1.0214,0.0728,0.9203,0.0874,0.817,0.1019,0.7319,0.1165,0.6686,0.1311,0.5979,0.1456,0.5402,0.1602,0.5487,0.1748,0.4802,0.1893,0.4154,0.2039,0.4147,0.2185,0.3813,0.233,0.4147,0.2476,0.2704,0.2622,0.3589,0.2767,0
1.8461,1.7628,-0,1.3601,0.0198,1.3025,0.0396,1.2479,0.0595,1.1245,0.0793,1.0154,0.0991,0.8914,0.1189,0.7885,0.1387,0.6929,0.1586,0.6359,0.1784,0.6131,0.1982,0.5547,0.218,0.5237,0.2378,0.4274,0.2577,0.459,0.2775,0.5144,0.2973,0.4164,0.3171,0.2903,0.3369,0.5614,0.3568,0.3784,0.3766,0
1.7263,1.9056,-0,1.2659,0.0191,1.2517,0.0382,1.2431,0.0572,1.1564,0.0763,1.0487,0.0954,0.9549,0.1145,0.8512,0.1336,0.7515,0.1526,0.6481,0.1717,0.5709,0.1908,0.4867,0.2099,0.4627,0.229,0.4179,0.2481,0.3614,0.2671,0.3663,0.2862,0.3485,0.3053,0.2124,0.3244,0.2777,0.3435,0.672,0.3625,0
1.7881,1.8517,-0,1.485,0.031,1.4593,0.062,1.2892,0.093,1.0884,0.124,0.9082,0.155,0.7668,0.186,0.6639,0.217,0.567,0.248,0.553,0.279,0.5445,0.31,0.4334,0.3409,0.4744,0.3719,0.5531,0.4029,0.2528,0.4339,0.4131,0.4649,0.5021,0.4959,0,0.5269,0,0.5579,0,0.5889,0
1.7689,1.8871,-0,1.3353,0.0234,1.3234,0.0468,1.2664,0.0701,1.1436,0.0935,1.0161,0.1169,0.8929,0.1403,0.7888,0.1637,0.6981,0.187,0.6112,0.2104,0.5547,0.2338,0.4949,0.2572,0.4315,0.2806,0.3126,0.3039,0.3289,0.3273,0.3569,0.3507,0.3175,0.3741,0.2687,0.3975,0.3451,0.4209,0.6319,0.4442,0
1.7294,1.8539,-0,1.2513,0.0212,1.1826,0.0423,1.2049,0.0635,1.1424,0.0847,1.0566,0.1059,0.9574,0.127,0.8403,0.1482,0.7323,0.1694,0.6468,0.1905,0.5997,0.2117,0.5493,0.2329,0.5226,0.254,0.4358,0.2752,0.3801,0.2964,0.3122,0.3176,0.3938,0.3387,0.42,0.3599,0.4959,0.3811,0.252,0.4022,0
1.7479,1.8719,-0,1.5117,0.0388,1.4648,0.0777,1.2972,0.1165,1.0824,0.1554,0.8679,0.1942,0.7226,0.233,0.5992,0.2719,0.5215,0.3107,0.4428,0.3495,0.5045,0.3884,0.3489,0.4272,0.459,0.4661,0.5227,0.5049,0.5551,0.5437,0.4477,0.5826,0.4552,0.6214,0.5122,0.6603,0.5795,0.6991,0.3864,0.7379,0
1.7441,1.883,-0,1.2082,0.0181,1.1318,0.0363,1.1497,0.0544,1.1066,0.0725,1.0354,0.0906,0.9419,0.1088,0.8898,0.1269,0.8001,0.145,0.7136,0.1631,0.6483,0.1813,0.5732,0.1994,0.5346,0.2175,0.4914,0.2356,0.4708,0.2538,0.4272,0.2719,0.4287,0.29,0.38,0.3081,0.3443,0.3263,0.2363,0.3444,0
1.7283,1.8922,-0,1.2133,0.0174,1.1906,0.0348,1.2143,0.0522,1.1507,0.0696,1.0557,0.087,0.9556,0.1043,0.8484,0.1217,0.7664,0.1391,0.6797,0.1565,0.6143,0.1739,0.5636,0.1913,0.4967,0.2087,0.4561,0.2261,0.4206,0.2435,0.427,0.2609,0.3829,0.2783,0.3319,0.2956,0.3961,0.313,0.3868,0.3304,0
1.7534,1.8902,-0,1.2338,0.0166,1.2312,0.0332,1.2375,0.0498,1.1682,0.0664,1.0492,0.0831,0.9331,0.0997,0.8326,0.1163,0.7465,0.1329,0.6851,0.1495,0.5746,0.1661,0.5286,0.1827,0.4835,0.1993,0.4371,0.216,0.4058,0.2326,0.382,0.2492,0.2813,0.2658,0.3408,0.2824,0.4311,0.299,0.3698,0.3156,0
1.7619,1.8904,-0,1.2288,0.0183,1.1918,0.0366,1.1954,0.0549,1.1408,0.0732,1.0444,0.0915,0.9433,0.1098,0.863,0.1282,0.7669,0.1465,0.6785,0.1648,0.6225,0.1831,0.5472,0.2014,0.4819,0.2197,0.4574,0.238,0.449,0.2563,0.3847,0.2746,0.3857,0.2929,0.2924,0.3112,0.2511,0.3295,0.3383,0.3478,0
1.728,1.8959,-0,1.2261,0.0183,1.1891,0.0365,1.1882,0.0548,1.1223,0.073,1.0376,0.0913,0.9606,0.1095,0.8647,0.1278,0.7866,0.146,0.6962,0.1643,0.6301,0.1826,0.5571,0.2008,0.5229,0.2191,0.4535,0.2373,0.4349,0.2556,0.4213,0.2738,0.3883,0.2921,0.2825,0.3103,0.2456,0.3286,0.33,0.3468,0
1.6244,1.8034,-0,1.5269,0.0731,1.423,0.1461,1.2195,0.2192,0.9848,0.2923,0.8204,0.3653,0.7046,0.4384,0.6246,0.5115,0.5381,0.5845,0.5228,0.6576,0.4542,0.7306,0.4461,0.8037,0.3866,0.8768,0.3368,0.9498,0.3967,1.0229,0.2531,1.096,0.3188,1.169,0.2907,1.2421,0.1721,1.3152,0.138,1.3882,0
1.5776,1.7775,-0,1.4521,0.0549,1.3495,0.1097,1.2511,0.1646,1.0708,0.2194,0.8858,0.2743,0.7353,0.3291,0.6548,0.384,0.5752,0.4388,0.5026,0.4937,0.4666,0.5485,0.4245,0.6034,0.337,0.6583,0.3628,0.7131,0.348,0.768,0.2874,0.8228,0.3167,0.8777,0.2809,0.9325,0.0702,0.9874,0.2193,1.0422,0
1.5775,1.7672,-0,1.5602,0.0611,1.3818,0.1222,1.216,0.1834,1.007,0.2445,0.8068,0.3056,0.6986,0.3667,0.5966,0.4279,0.5028,0.489,0.5056,0.5501,0.4434,0.6112,0.4531,0.6724,0.3845,0.7335,0.3552,0.7946,0.3432,0.8557,0.2999,0.9169,0.2767,0.978,0.6926,1.0391,0,1.1002,-0.3403,1.1614,0
1.6243,1.8325,-0,1.4521,0.0536,1.2779,0.1072,1.2085,0.1608,1.065,0.2144,0.9134,0.268,0.7922,0.3216,0.7012,0.3752,0.6104,0.4288,0.5362,0.4824,0.5066,0.536,0.452,0.5896,0.3982,0.6432,0.3754,0.6968,0.3691,0.7504,0.3282,0.804,0.301,0.8576,0.0878,0.9112,0.3876,0.9648,0.2787,1.0184,0
1.612,1.8205,-0,1.5824,0.0774,1.4087,0.1547,1.1906,0.2321,0.9797,0.3095,0.8167,0.3868,0.6801,0.4642,0.5951,0.5416,0.5553,0.619,0.4871,0.6963,0.5124,0.7737,0.4636,0.8511,0.4364,0.9284,0.3841,1.0058,0.3338,1.0832,0.324,1.1605,0.257,1.2379,0.4117,1.3153,0.0712,1.3926,0.1164,1.47,0
1.6178,1.788,-0,1.4969,0.0542,1.3325,0.1085,1.2225,0.1627,1.0479,0.217,0.8764,0.2712,0.7389,0.3255,0.6287,0.3797,0.5603,0.4339,0.5173,0.4882,0.4523,0.5424,0.4655,0.5967,0.4019,0.6509,0.3874,0.7051,0.3228,0.7594,0.2597,0.8136,0.3369,0.8679,0.3966,0.9221,0.319,0.9764,0.2566,1.0306,0
1.6188,1.821,-0,1.497,0.0691,1.4164,0.1382,1.2264,0.2072,1.0091,0.2763,0.8262,0.3454,0.718,0.4145,0.6498,0.4836,0.5818,0.5526,0.5231,0.6217,0.5039,0.6908,0.4791,0.7599,0.4787,0.829,0.4519,0.898,0.4406,0.9671,0.4883,1.0362,0.4532,1.1053,0.4521,1.1744,0.381,1.2434,0.3055,1.3125,0
1.6116,1.8253,-0,1.5492,0.0756,1.3873,0.1511,1.2028,0.2267,0.997,0.3022,0.8376,0.3778,0.7331,0.4534,0.6389,0.5289,0.5889,0.6045,0.5462,0.68,0.5203,0.7556,0.4068,0.8311,0.46,0.9067,0.412,0.9823,0.4539,1.0578,0.2216,1.1334,0.1929,1.2089,0.3368,1.2845,0.2106,1.3601,0,1.4356,0
1.6293,1.7831,-0,1.496,0.0435,1.2857,0.0871,1.1625,0.1306,1.0381,0.1741,0.9035,0.2176,0.777,0.2612,0.6818,0.3047,0.6021,0.3482,0.5291,0.3918,0.489,0.4353,0.4479,0.4788,0.4118,0.5223,0.3487,0.5659,0.2892,0.6094,0.2493,0.6529,0.1845,0.6964,0.31,0.74,0.1787,0.7835,0.0776,0.827,0
1.6473,1.803,-0,1.6789,0.1073,1.4458,0.2146,1.116,0.3219,0.884,0.4292,0.7288,0.5365,0.6343,0.6438,0.5768,0.7511,0.5475,0.8584,0.4649,0.9658,0.4545,1.0731,0.5012,1.1804,0.1919,1.2877,0.0531,1.395,0,1.5023,-0.0086,1.6096,0,1.7169,-0.3403,1.8242,-0.0666,1.9315,0,2.0388,0
1.5623,1.8329,-0,1.3934,0.0623,1.3626,0.1246,1.2492,0.187,1.0729,0.2493,0.9058,0.3116,0.782,0.3739,0.673,0.4362,0.6126,0.4986,0.5623,0.5609,0.5508,0.6232,0.4897,0.6855,0.4691,0.7478,0.4741,0.8101,0.3928,0.8725,0.4162,0.9348,0.3237,0.9971,0.4566,1.0594,0.3477,1.1217,0.2912,1.1841,0
1.5915,1.7849,-0,1.6611,0.0864,1.4489,0.1728,1.1448,0.2592,0.8898,0.3456,0.7303,0.4321,0.6174,0.5185,0.5534,0.6049,0.4831,0.6913,0.495,0.7777,0.3249,0.8641,0.3246,0.9505,0.4912,1.0369,0.3185,1.1234,0.3197,1.2098,0,1.2962,0,1.3826,0,1.469,0,1.5554,0,1.6418,0
1.5608,1.8041,-0,1.5953,0.0887,1.49,0.1774,1.191,0.2661,0.9076,0.3549,0.7536,0.4436,0.659,0.5323,0.5845,0.621,0.5265,0.7097,0.5115,0.7984,0.3905,0.8872,0.5336,0.9759,0.3745,1.0646,0.2191,1.1533,0.3061,1.242,0.3979,1.3307,0.1601,1.4195,0.2616,1.5082,0.362,1.5969,0,1.6856,0
1.553,1.7848,-0,1.5291,0.0743,1.4643,0.1486,1.2297,0.2228,0.9811,0.2971,0.7891,0.3714,0.6805,0.4457,0.5877,0.52,0.5391,0.5943,0.4878,0.6685,0.4369,0.7428,0.4189,0.8171,0.428,0.8914,0.3464,0.9657,0.3961,1.04,0.3826,1.1142,0.237,1.1885,0.3092,1.2628,0.3013,1.3371,0,1.4114,0
1.5776,1.7028,-0,1.4261,0.0424,1.4143,0.0849,1.2892,0.1273,1.0868,0.1697,0.9004,0.2121,0.7427,0.2546,0.6468,0.297,0.5593,0.3394,0.5026,0.3819,0.457,0.4243,0.4354,0.4667,0.395,0.5091,0.3691,0.5516,0.2996,0.594,0.2632,0.6364,0.3185,0.6788,0.2847,0.7213,0.5313,0.7637,0.4149,0.8061,0
1.5701,1.7088,-0,1.5005,0.0473,1.4622,0.0945,1.2741,0.1418,1.0156,0.189,0.817,0.2363,0.6822,0.2835,0.5629,0.3308,0.5055,0.378,0.4405,0.4253,0.3716,0.4725,0.3803,0.5198,0.4527,0.567,0.2986,0.6143,0.1841,0.6615,0.1316,0.7088,0.2288,0.756,0.0758,0.8033,0,0.8505,0,0.8978,0
1.6164,1.7505,-0,1.5191,0.0573,1.4607,0.1147,1.2258,0.172,0.9816,0.2294,0.8184,0.2867,0.7073,0.344,0.6029,0.4014,0.5392,0.4587,0.5007,0.516,0.4536,0.5734,0.4427,0.6307,0.4159,0.6881,0.3267,0.7454,0.2914,0.8027,0.3064,0.8601,0.2216,0.9174,0.3298,0.9748,0.2343,1.0321,0.5399,1.0894,0
1.6368,1.7892,-0,1.5943,0.0797,1.4853,0.1595,1.1918,0.2392,0.9354,0.3189,0.7472,0.3986,0.6345,0.4784,0.5624,0.5581,0.4781,0.6378,0.4566,0.7176,0.3766,0.7973,0.4946,0.877,0.3392,0.9568,0.3789,1.0365,0.4434,1.1162,0,1.1959,0.2061,1.2757,0.3604,1.3554,0.1164,1.4351,0,1.5149,0
1.63,1.7443,-0,1.3957,0.0377,1.38,0.0754,1.283,0.1132,1.1001,0.1509,0.9109,0.1886,0.7591,0.2263,0.6429,0.264,0.5511,0.3017,0.5151,0.3395,0.4917,0.3772,0.4445,0.4149,0.3932,0.4526,0.3652,0.4903,0.3834,0.528,0.2979,0.5658,0.3344,0.6035,0.3791,0.6412,0.2482,0.6789,0.0881,0.7166,0
1.6067,1.7256,-0,1.4402,0.0448,1.4305,0.0895,1.2853,0.1343,1.0542,0.179,0.8614,0.2238,0.7222,0.2685,0.6356,0.3133,0.5655,0.358,0.4882,0.4028,0.4478,0.4475,0.408,0.4923,0.4285,0.5371,0.3962,0.5818,0.4832,0.6266,0.3986,0.6713,0.4518,0.7161,0.3207,0.7608,0.3419,0.8056,0.3463,0.8503,0
1.8631,1.8281,-0,1.3129,0.0129,1.3374,0.0258,1.2724,0.0387,1.1506,0.0516,1.0184,0.0645,0.8962,0.0773,0.7758,0.0902,0.6719,0.1031,0.6031,0.116,0.5395,0.1289,0.4938,0.1418,0.4357,0.1547,0.3262,0.1676,0.3497,0.1805,0.2668,0.1934,0.221,0.2063,0.1414,0.2192,0.2645,0.232,0,0.2449,0
1.8719,1.8344,-0,1.3178,0.0136,1.3422,0.0272,1.2801,0.0408,1.1534,0.0543,1.0113,0.0679,0.8862,0.0815,0.7642,0.0951,0.6719,0.1087,0.5924,0.1223,0.5088,0.1358,0.4921,0.1494,0.4416,0.163,0.3586,0.1766,0.3567,0.1902,0.3366,0.2038,0.3306,0.2173,0.2871,0.2309,0.2684,0.2445,0.2703,0.2581,0
1.888,1.7828,-0,1.2695,0.0097,1.2673,0.0195,1.2553,0.0292,1.1645,0.0389,1.0553,0.0487,0.9343,0.0584,0.8224,0.0681,0.7342,0.0779,0.6483,0.0876,0.5785,0.0973,0.5202,0.1071,0.4619,0.1168,0.4175,0.1265,0.3745,0.1363,0.3139,0.146,0.2915,0.1557,0.2111,0.1655,0.2527,0.1752,0.1079,0.1849,0
1.8827,1.8286,-0,1.3737,0.0132,1.3675,0.0264,1.2652,0.0396,1.1362,0.0527,0.9963,0.0659,0.8728,0.0791,0.7704,0.0923,0.6765,0.1055,0.5981,0.1187,0.5247,0.1318,0.4685,0.145,0.4099,0.1582,0.3112,0.1714,0.3975,0.1846,0.3354,0.1978,0.1059,0.211,0.1512,0.2241,0.5124,0.2373,0,0.2505,0
1.8625,1.8655,-0,1.3657,0.0167,1.356,0.0334,1.248,0.0501,1.0994,0.0668,0.9549,0.0835,0.8453,0.1002,0.7508,0.1169,0.6646,0.1337,0.6047,0.1504,0.5328,0.1671,0.479,0.1838,0.4709,0.2005,0.4297,0.2172,0.4506,0.2339,0.3305,0.2506,0.3422,0.2673,0.2295,0.284,0.4272,0.3007,0.3189,0.3174,0
1.8524,1.851,-0,1.3353,0.015,1.3279,0.03,1.2504,0.045,1.1181,0.0601,0.9888,0.0751,0.8624,0.0901,0.7677,0.1051,0.6807,0.1201,0.6125,0.1351,0.519,0.1502,0.4829,0.1652,0.4705,0.1802,0.3801,0.1952,0.4158,0.2102,0.3718,0.2252,0.5418,0.2403,0.2686,0.2553,0.316,0.2703,0,0.2853,0
1.8773,1.8408,-0,1.3533,0.0149,1.3363,0.0299,1.2405,0.0448,1.1185,0.0597,0.9731,0.0746,0.858,0.0896,0.7556,0.1045,0.6749,0.1194,0.5815,0.1344,0.5308,0.1493,0.5181,0.1642,0.4691,0.1792,0.4255,0.1941,0.3707,0.209,0.3822,0.2239,0.3091,0.2389,0.2726,0.2538,0.1524,0.2687,0.4153,0.2837,0
1.8558,1.8724,-0,1.3133,0.015,1.3254,0.03,1.2402,0.0451,1.1201,0.0601,0.9802,0.0751,0.8797,0.0901,0.7762,0.1051,0.679,0.1202,0.6132,0.1352,0.5604,0.1502,0.5181,0.1652,0.4921,0.1802,0.4238,0.1952,0.3949,0.2103,0.2661,0.2253,0.2759,0.2403,0.2157,0.2553,0.2489,0.2703,0.2384,0.2854,0
1.8848,1.8364,-0,1.3567,0.0132,1.3425,0.0264,1.2785,0.0396,1.1412,0.0528,0.9974,0.0659,0.8846,0.0791,0.7842,0.0923,0.6873,0.1055,0.6289,0.1187,0.5442,0.1319,0.46,0.1451,0.411,0.1583,0.4246,0.1715,0.3597,0.1847,0.374,0.1978,0.1833,0.211,0.2233,0.2242,-0.0326,0.2374,0,0.2506,0
1.884,1.8492,-0,1.3553,0.0149,1.3498,0.0298,1.2728,0.0447,1.1346,0.0596,1.0055,0.0745,0.8933,0.0894,0.7764,0.1043,0.6655,0.1192,0.5716,0.1341,0.5176,0.1489,0.4861,0.1638,0.4653,0.1787,0.4303,0.1936,0.3218,0.2085,0.3564,0.2234,0.3309,0.2383,0.3229,0.2532,0.4339,0.2681,0.7197,0.283,0
1.8968,1.8044,-0,1.3374,0.0115,1.3408,0.023,1.2719,0.0345,1.1587,0.046,1.0318,0.0576,0.908,0.0691,0.797,0.0806,0.6947,0.0921,0.6057,0.1036,0.5271,0.1151,0.4579,0.1266,0.4193,0.1381,0.4103,0.1497,0.3999,0.1612,0.3036,0.1727,0.2459,0.1842,0.1725,0.1957,0.2371,0.2072,0.2839,0.2187,0
1.8922,1.8112,-0,1.4189,0.0142,1.4248,0.0283,1.3226,0.0425,1.1382,0.0567,0.9716,0.0709,0.816,0.085,0.6767,0.0992,0.5653,0.1134,0.496,0.1275,0.4481,0.1417,0.4058,0.1559,0.3026,0.1701,0.4312,0.1842,0.4845,0.1984,0.4402,0.2126,0.1521,0.2267,0.4717,0.2409,0,0.2551,0.4717,0.2693,0
1.8701,1.831,-0,1.4616,0.0178,1.3805,0.0356,1.2146,0.0534,1.033,0.0713,0.9111,0.0891,0.7863,0.1069,0.7087,0.1247,0.6571,0.1425,0.6159,0.1603,0.5445,0.1781,0.4932,0.196,0.4054,0.2138,0.4223,0.2316,0.474,0.2494,0.5937,0.2672,0.4038,0.285,0.4554,0.3028,0.3191,0.3206,0.7703,0.3385,0
1.8512,1.8343,-0,1.3933,0.015,1.3319,0.0301,1.2137,0.0451,1.0784,0.0601,0.942,0.0752,0.8557,0.0902,0.7497,0.1052,0.6869,0.1203,0.6038,0.1353,0.5643,0.1504,0.4975,0.1654,0.5003,0.1804,0.4528,0.1955,0.4099,0.2105,0.3731,0.2255,0.3897,0.2406,0.4505,0.2556,0.1882,0.2706,0.3483,0.2857,0
1.8574,1.7826,-0,1.3768,0.0139,1.3127,0.0279,1.2237,0.0418,1.0846,0.0557,0.9719,0.0697,0.853,0.0836,0.7695,0.0975,0.6826,0.1115,0.62,0.1254,0.5782,0.1393,0.5138,0.1533,0.4504,0.1672,0.4606,0.1811,0.3962,0.195,0.4089,0.209,0.3021,0.2229,0.3035,0.2368,0.4653,0.2508,0.3623,0.2647,0
1.8542,1.8075,-0,1.3959,0.0133,1.31,0.0267,1.2166,0.04,1.0771,0.0534,0.9516,0.0667,0.8498,0.0801,0.7697,0.0934,0.6927,0.1068,0.6447,0.1201,0.5684,0.1335,0.5171,0.1468,0.4568,0.1602,0.4268,0.1735,0.4256,0.1869,0.3733,0.2002,0.345,0.2135,0.3598,0.2269,0.4532,0.2402,0,0.2536,0
1.8296,1.8799,-0,1.3252,0.0155,1.314,0.0309,1.2315,0.0464,1.1006,0.0619,0.9774,0.0774,0.8569,0.0928,0.7575,0.1083,0.6792,0.1238,0.63,0.1393,0.5656,0.1547,0.5061,0.1702,0.4531,0.1857,0.414,0.2011,0.3836,0.2166,0.4075,0.2321,0.3197,0.2476,0.3047,0.263,-0,0.2785,0.3247,0.294,0
1.8374,1.8916,-0,1.399,0.0184,1.3587,0.0367,1.2146,0.0551,1.0625,0.0734,0.9345,0.0918,0.8283,0.1102,0.7467,0.1285,0.6809,0.1469,0.5917,0.1653,0.5403,0.1836,0.5058,0.202,0.5138,0.2203,0.4595,0.2387,0.3907,0.2571,0.3745,0.2754,0.3662,0.2938,0.2408,0.3122,0.2887,0.3305,0,0.3489,0
1.8289,1.8614,-0,1.364,0.0164,1.3567,0.0327,1.2533,0.0491,1.1043,0.0655,0.9684,0.0818,0.8468,0.0982,0.751,0.1146,0.6784,0.1309,0.6016,0.1473,0.5565,0.1637,0.5067,0.18,0.4373,0.1964,0.3931,0.2128,0.3928,0.2291,0.3286,0.2455,0.2756,0.2619,0.1651,0.2783,0,0.2946,0.1979,0.311,0
1.8117,1.8507,-0,1.269,0.0133,1.2411,0.0267,1.1972,0.04,1.1128,0.0534,1.0112,0.0667,0.8978,0.0801,0.8096,0.0934,0.7136,0.1067,0.636,0.1201,0.5621,0.1334,0.5472,0.1468,0.5208,0.1601,0.4698,0.1734,0.4383,0.1868,0.3668,0.2001,0.3531,0.2135,0.3463,0.2268,0.3461,0.2402,0.2459,0.2535,0
1.6124,1.8148,-0,1.8101,0.1568,1.2779,0.3137,0.9734,0.4705,0.8098,0.6273,0.7205,0.7842,0.671,0.941,0.5553,1.0978,0.5032,1.2546,0.5156,1.4115,0.4792,1.5683,0.4395,1.7251,0.3803,1.882,0.5012,2.0388,0.4321,2.1956,0.3092,2.3525,0.3321,2.5093,0.3108,2.6661,0.1765,2.8229,0.3234,2.9798,0
1.7438,1.7798,-0,1.8105,0.1492,1.3265,0.2983,1.0431,0.4475,0.8549,0.5966,0.7229,0.7458,0.6323,0.8949,0.5791,1.0441,0.5025,1.1932,0.476,1.3424,0.4573,1.4915,0.3792,1.6407,0.3255,1.7898,0.0571,1.939,0.1613,2.0881,-0.0214,2.2373,0.0027,2.3864,0.0681,2.5356,0,2.6848,0,2.8339,0
1.6807,1.8021,-0,1.8186,0.1569,1.2838,0.3138,0.9979,0.4707,0.8419,0.6276,0.7138,0.7846,0.6388,0.9415,0.5771,1.0984,0.5433,1.2553,0.5035,1.4122,0.5371,1.5691,0.4915,1.726,0.4188,1.8829,0.4158,2.0398,0.2777,2.1968,0.4877,2.3537,0.2555,2.5106,0.3142,2.6675,0.2134,2.8244,0.1602,2.9813,0
1.6791,1.8045,-0,1.8163,0.154,1.2909,0.308,0.9874,0.462,0.8319,0.616,0.7011,0.77,0.6248,0.924,0.5518,1.078,0.5358,1.232,0.5539,1.3859,0.5329,1.5399,0.5529,1.6939,0.4837,1.8479,0.4166,2.0019,0.4267,2.1559,0.3701,2.3099,0.2595,2.4639,0.3919,2.6179,0.27,2.7719,0.1815,2.9259,0
1.6351,1.7987,-0,1.789,0.1307,1.3466,0.2614,0.9861,0.3921,0.8085,0.5228,0.705,0.6535,0.6397,0.7842,0.578,0.9148,0.5403,1.0455,0.4936,1.1762,0.4965,1.3069,0.512,1.4376,0.5169,1.5683,0.4912,1.699,0.469,1.8297,0.3859,1.9604,0.1297,2.0911,0,2.2218,0,2.3525,0,2.4832,0
1.5967,1.8171,-0,1.8184,0.1559,1.2519,0.3117,0.946,0.4676,0.7896,0.6235,0.6858,0.7794,0.6153,0.9352,0.5635,1.0911,0.5762,1.247,0.5845,1.4029,0.5981,1.5587,0.5653,1.7146,0.5827,1.8705,0.5124,2.0264,0.2632,2.1822,0.3803,2.3381,0.2425,2.494,0.1531,2.6499,0,2.8057,0.0231,2.9616,0
1.7182,1.761,-0,1.6972,0.0979,1.4109,0.1958,1.0908,0.2936,0.8769,0.3915,0.7488,0.4894,0.6782,0.5873,0.6234,0.6851,0.5691,0.783,0.5311,0.8809,0.4771,0.9788,0.4601,1.0766,0.4118,1.1745,0.4295,1.2724,0.4081,1.3703,0.3482,1.4681,0.3495,1.566,0.2013,1.6639,0.1802,1.7618,0.2805,1.8596,0
1.7146,1.7767,-0,1.7956,0.1498,1.3556,0.2996,0.9983,0.4494,0.7998,0.5992,0.6928,0.749,0.6429,0.8988,0.5571,1.0486,0.5466,1.1984,0.5273,1.3482,0.5271,1.498,0.4906,1.6478,0.4139,1.7976,0.3981,1.9474,0.4401,2.0972,0.2185,2.247,0.484,2.3968,0.2583,2.5466,0.3096,2.6963,0.2427,2.8461,0
1.6163,1.8283,-0,1.7924,0.1497,1.2777,0.2994,0.9937,0.4491,0.802,0.5987,0.7015,0.7484,0.6493,0.8981,0.6175,1.0478,0.5465,1.1975,0.5283,1.3472,0.5269,1.4969,0.4854,1.6466,0.4575,1.7962,0.3694,1.9459,0.3744,2.0956,0.2724,2.2453,0.2557,2.395,0.2302,2.5447,0.1266,2.6944,0.3711,2.844,0
1.6144,1.7972,-0,1.809,0.1519,1.2907,0.3039,0.9862,0.4558,0.8212,0.6077,0.7131,0.7597,0.6481,0.9116,0.6022,1.0636,0.5684,1.2155,0.5156,1.3674,0.4824,1.5194,0.5308,1.6713,0.4203,1.8232,0.4608,1.9752,0.1454,2.1271,0.2823,2.2791,0.3175,2.431,0,2.5829,0.2907,2.7349,0,2.8868,0
1.6943,1.8211,-0,1.8075,0.148,1.3048,0.296,0.9944,0.4439,0.8294,0.5919,0.7084,0.7399,0.672,0.8879,0.5958,1.0358,0.5924,1.1838,0.5759,1.3318,0.489,1.4798,0.4953,1.6277,0.4242,1.7757,0.3597,1.9237,0.2824,2.0717,0.2367,2.2197,0.3012,2.3676,0.0631,2.5156,0.1965,2.6636,0.0042,2.8116,0
1.693,1.7899,-0,1.8172,0.1545,1.2941,0.309,0.9653,0.4635,0.7918,0.618,0.7454,0.7726,0.707,0.9271,0.6398,1.0816,0.5578,1.2361,0.562,1.3906,0.4867,1.5451,0.4291,1.6996,0.4535,1.8541,0.2793,2.0086,0.2534,2.1631,0.2847,2.3177,0.065,2.4722,-0.0489,2.6267,0.2969,2.7812,0.1601,2.9357,0
1.6975,1.7784,-0,1.7943,0.148,1.3301,0.296,0.9946,0.4441,0.8281,0.5921,0.7362,0.7401,0.6595,0.8881,0.6092,1.0362,0.5787,1.1842,0.5356,1.3322,0.5069,1.4802,0.408,1.6283,0.3564,1.7763,0.4395,1.9243,0.3754,2.0723,0.3454,2.2203,0.3156,2.3684,0.4187,2.5164,0.2157,2.6644,0,2.8124,0
1.5822,1.8369,-0,1.7093,0.1473,1.4167,0.2946,1.067,0.4419,0.8372,0.5892,0.7404,0.7365,0.6267,0.8837,0.5327,1.031,0.5152,1.1783,0.446,1.3256,0.4721,1.4729,0.5319,1.6202,0.4457,1.7675,0.4045,1.9148,0.3405,2.0621,0.3282,2.2094,0.4113,2.3567,0.1329,2.504,0.1086,2.6512,0.4567,2.7985,0
1.6658,1.8214,-0,1.7802,0.1538,1.345,0.3076,1.0245,0.4615,0.8497,0.6153,0.7279,0.7691,0.6623,0.9229,0.6753,1.0767,0.5967,1.2305,0.5518,1.3844,0.5251,1.5382,0.4923,1.692,0.3142,1.8458,0.333,1.9996,0.2513,2.1534,0.4268,2.3073,0.4655,2.4611,0.4354,2.6149,0.0788,2.7687,0.7314,2.9225,0
1.693,1.7659,-0,1.836,0.1489,1.2693,0.2977,0.955,0.4466,0.8221,0.5955,0.7232,0.7444,0.6224,0.8932,0.5604,1.0421,0.576,1.191,0.5179,1.3399,0.5352,1.4887,0.4852,1.6376,0.3453,1.7865,0.2916,1.9353,0.4487,2.0842,0.4879,2.2331,0,2.382,0,2.5308,0.2666,2.6797,0.199,2.8286,0
1.7324,1.7615,-0,1.8072,0.1504,1.3251,0.3008,1.005,0.4512,0.8391,0.6016,0.7626,0.752,0.697,0.9024,0.6126,1.0528,0.5981,1.2032,0.542,1.3536,0.4735,1.504,0.4607,1.6544,0.4113,1.8048,0.3806,1.9552,0.2841,2.1056,0.2238,2.256,0.1559,2.4064,0.2698,2.5568,0.2424,2.7072,0,2.8576,0
1.6697,1.7953,-0,1.8057,0.1562,1.3109,0.3125,0.9585,0.4687,0.7993,0.6249,0.7036,0.7812,0.6158,0.9374,0.6014,1.0937,0.5531,1.2499,0.5237,1.4061,0.5007,1.5624,0.4602,1.7186,0.3791,1.8748,0.3942,2.0311,0.469,2.1873,0.2366,2.3436,0.1436,2.4998,0.1176,2.656,0.2421,2.8123,0.3358,2.9685,0
1.705,1.7859,-0,1.7514,0.1217,1.3856,0.2435,1.0354,0.3652,0.8579,0.487,0.7369,0.6087,0.6689,0.7305,0.5974,0.8522,0.5658,0.974,0.531,1.0957,0.4281,1.2174,0.4308,1.3392,0.3982,1.4609,0.3349,1.5827,0.0359,1.7044,0.3541,1.8262,0.1909,1.9479,0.3126,2.0696,0.3853,2.1914,0.2777,2.3131,0
1.6796,1.7566,-0,1.7965,0.131,1.3481,0.262,0.9747,0.3931,0.7688,0.5241,0.6832,0.6551,0.6371,0.7861,0.5629,0.9171,0.5295,1.0482,0.5266,1.1792,0.474,1.3102,0.5876,1.4412,0.4502,1.5723,0.5225,1.7033,0.4716,1.8343,0.3249,1.9653,0.2737,2.0963,0.1181,2.2274,0,2.3584,0,2.4894,0
1.8585,1.7426,-0,1.5195,0.0231,1.415,0.0461,1.2348,0.0692,1.0542,0.0923,0.9133,0.1153,0.7934,0.1384,0.7233,0.1615,0.6632,0.1846,0.5933,0.2076,0.5574,0.2307,0.5058,0.2538,0.4658,0.2768,0.3948,0.2999,0.4102,0.323,0.4109,0.346,0.3271,0.3691,0.2856,0.3922,0.2061,0.4153,0.3943,0.4383,0
1.8604,1.7178,-0,1.4933,0.026,1.404,0.052,1.2141,0.078,1.0533,0.104,0.8985,0.13,0.7952,0.156,0.6928,0.182,0.637,0.208,0.5864,0.234,0.5039,0.26,0.5222,0.286,0.5051,0.312,0.5146,0.3379,0.4505,0.3639,0.4451,0.3899,0.4072,0.4159,0.495,0.4419,0.471,0.4679,0.2167,0.4939,0
1.8341,1.7028,-0,1.751,0.0532,1.4123,0.1063,1.1146,0.1595,0.8878,0.2127,0.7643,0.2658,0.6738,0.319,0.5929,0.3722,0.5753,0.4253,0.5284,0.4785,0.5811,0.5316,0.5464,0.5848,0.6226,0.638,0.5283,0.6911,0.4348,0.7443,0.3963,0.7975,0.3013,0.8506,0.5892,0.9038,0,0.957,0.4338,1.0101,0
1.8545,1.7515,-0,1.5787,0.0303,1.4539,0.0606,1.215,0.0909,1.017,0.1213,0.8672,0.1516,0.7563,0.1819,0.6713,0.2122,0.6104,0.2425,0.5945,0.2728,0.5135,0.3031,0.5076,0.3334,0.4649,0.3638,0.5428,0.3941,0.4177,0.4244,0.4198,0.4547,0.3746,0.485,0.4189,0.5153,0.3197,0.5456,0.2831,0.5759,0
1.7853,1.8534,-0,1.4664,0.0277,1.4092,0.0553,1.2527,0.083,1.0753,0.1106,0.9259,0.1383,0.7848,0.1659,0.7035,0.1936,0.6417,0.2212,0.6027,0.2489,0.5417,0.2765,0.5036,0.3042,0.4908,0.3318,0.4488,0.3595,0.4374,0.3872,0.4903,0.4148,0.4042,0.4425,0.2611,0.4701,0.1752,0.4978,0.2761,0.5254,0
1.7869,1.8223,-0,1.5804,0.0415,1.4388,0.0829,1.2039,0.1244,0.9977,0.1658,0.8435,0.2073,0.733,0.2487,0.6796,0.2902,0.6569,0.3316,0.6056,0.3731,0.5714,0.4145,0.4567,0.456,0.5156,0.4974,0.5155,0.5389,0.4707,0.5803,0.3523,0.6218,0.4008,0.6632,0.6963,0.7047,0.4448,0.7461,0,0.7876,0
1.8549,1.7453,-0,1.5597,0.0349,1.4526,0.0698,1.2218,0.1047,1.0063,0.1396,0.8258,0.1745,0.7137,0.2094,0.6471,0.2443,0.6024,0.2792,0.5764,0.3141,0.4854,0.349,0.4355,0.3839,0.4017,0.4188,0.4067,0.4537,0.3685,0.4886,0.5175,0.5234,0.3017,0.5583,0.3925,0.5932,0.1601,0.6281,0,0.663,0
1.8555,1.6522,-0,1.5539,0.0265,1.4166,0.053,1.2121,0.0795,1.0281,0.1061,0.8643,0.1326,0.7593,0.1591,0.7095,0.1856,0.6141,0.2121,0.5738,0.2386,0.5432,0.2652,0.5451,0.2917,0.5409,0.3182,0.5014,0.3447,0.4888,0.3712,0.4219,0.3977,0.3715,0.4243,0.4275,0.4508,0.2126,0.4773,0.5422,0.5038,0
1.8305,1.7855,-0,1.4353,0.0243,1.3934,0.0486,1.2514,0.0729,1.0837,0.0972,0.9162,0.1215,0.8109,0.1458,0.7204,0.1701,0.6521,0.1944,0.5893,0.2187,0.5279,0.2429,0.4872,0.2672,0.4466,0.2915,0.4407,0.3158,0.371,0.3401,0.3255,0.3644,0.2896,0.3887,0.2438,0.413,0.2561,0.4373,0.4038,0.4616,0
1.8317,1.8297,-0,1.4487,0.0231,1.4129,0.0462,1.2668,0.0693,1.0754,0.0923,0.9279,0.1154,0.8026,0.1385,0.7201,0.1616,0.6609,0.1847,0.611,0.2078,0.5348,0.2308,0.5009,0.2539,0.5184,0.277,0.5235,0.3001,0.4542,0.3232,0.3841,0.3463,0.2633,0.3694,0.2898,0.3924,0.3489,0.4155,0,0.4386,0
1.8334,1.7526,-0,1.6046,0.0244,1.4596,0.0488,1.2145,0.0732,1.0123,0.0976,0.8817,0.1219,0.7779,0.1463,0.7285,0.1707,0.6355,0.1951,0.5541,0.2195,0.493,0.2439,0.3428,0.2683,0.4088,0.2927,0.4115,0.3171,0.4107,0.3414,0.3201,0.3658,0.5318,0.3902,0.5463,0.4146,0.4851,0.439,0.3668,0.4634,0
1.8816,1.7288,-0,1.5692,0.0244,1.4318,0.0488,1.2165,0.0732,1.0539,0.0975,0.9093,0.1219,0.7866,0.1463,0.7109,0.1707,0.6428,0.1951,0.5876,0.2195,0.4636,0.2439,0.3917,0.2682,0.4045,0.2926,0.3739,0.317,0.3785,0.3414,0.2955,0.3658,0.4732,0.3902,0.4445,0.4146,0.3093,0.4389,0,0.4633,0
1.9094,1.582,-0,1.6457,0.0268,1.4186,0.0537,1.1914,0.0805,1.0211,0.1074,0.8692,0.1342,0.7674,0.1611,0.6745,0.1879,0.6285,0.2148,0.5874,0.2416,0.5222,0.2685,0.4712,0.2953,0.4535,0.3221,0.346,0.349,0.3703,0.3758,0.4247,0.4027,0.3957,0.4295,0,0.4564,0,0.4832,0,0.5101,0
1.8283,1.8248,-0,1.4513,0.0218,1.4166,0.0436,1.2649,0.0654,1.0957,0.0872,0.9517,0.109,0.842,0.1308,0.7506,0.1526,0.6951,0.1744,0.5894,0.1962,0.5418,0.218,0.519,0.2398,0.4687,0.2616,0.422,0.2834,0.5258,0.3052,0.4085,0.327,0.4977,0.3488,0.3822,0.3706,0.2677,0.3924,0,0.4142,0
1.8869,1.6847,-0,1.6733,0.0389,1.4357,0.0779,1.1629,0.1168,0.9603,0.1557,0.8446,0.1946,0.7224,0.2336,0.6654,0.2725,0.5981,0.3114,0.5247,0.3504,0.4073,0.3893,0.4124,0.4282,0.3966,0.4671,0.4159,0.5061,0.3236,0.545,0.3155,0.5839,0.3472,0.6229,0.2631,0.6618,0.4988,0.7007,0.3934,0.7396,0
1.8678,1.6913,-0,1.5883,0.0295,1.4159,0.0591,1.1987,0.0886,1.0082,0.1181,0.8721,0.1476,0.7515,0.1772,0.6317,0.2067,0.5832,0.2362,0.5356,0.2658,0.4894,0.2953,0.4631,0.3248,0.4646,0.3543,0.4076,0.3839,0.3754,0.4134,0.35,0.4429,0.3753,0.4724,0.1693,0.502,0.3134,0.5315,0.3397,0.561,0
1.8861,1.7196,-0,1.517,0.027,1.4338,0.0539,1.2484,0.0809,1.0606,0.1078,0.8858,0.1348,0.7638,0.1618,0.6742,0.1887,0.5968,0.2157,0.5327,0.2427,0.4819,0.2696,0.4337,0.2966,0.4279,0.3235,0.3962,0.3505,0.3758,0.3775,0.1993,0.4044,0.2417,0.4314,0.4159,0.4584,0.2244,0.4853,0,0.5123,0
1.8455,1.8088,-0,1.5799,0.0359,1.4522,0.0719,1.2357,0.1078,1.0428,0.1438,0.8733,0.1797,0.7513,0.2157,0.6498,0.2516,0.5905,0.2876,0.5154,0.3235,0.4593,0.3595,0.5343,0.3954,0.4904,0.4314,0.4882,0.4673,0.5102,0.5033,0.4191,0.5392,0.0698,0.5752,0.4723,0.6111,0,0.6471,0.0855,0.683,0
1.7879,1.8776,-0,1.5304,0.0238,1.4574,0.0476,1.2355,0.0715,1.0387,0.0953,0.9157,0.1191,0.8245,0.1429,0.7507,0.1667,0.6419,0.1905,0.5911,0.2144,0.5428,0.2382,0.5393,0.262,0.5212,0.2858,0.427,0.3096,0.4298,0.3335,0.4093,0.3573,0.3318,0.3811,0.3953,0.4049,0.2737,0.4287,0,0.4526,0
1.8621,1.7411,-0,1.422,0.0222,1.3878,0.0443,1.2785,0.0665,1.1196,0.0887,0.9759,0.1108,0.8493,0.133,0.724,0.1552,0.6555,0.1773,0.5756,0.1995,0.5253,0.2217,0.4858,0.2438,0.3987,0.266,0.4008,0.2882,0.3668,0.3103,0.304,0.3325,0.2225,0.3546,0.2222,0.3768,0.1652,0.399,-0.0681,0.4211,0
1.6244,1.7643,-0,1.548,0.0508,1.2947,0.1016,1.1793,0.1524,1.041,0.2032,0.8766,0.2541,0.7499,0.3049,0.6581,0.3557,0.5908,0.4065,0.5344,0.4573,0.4857,0.5081,0.4681,0.5589,0.4249,0.6097,0.425,0.6605,0.4003,0.7113,0.4507,0.7622,0.5843,0.813,0.3818,0.8638,0.4232,0.9146,0,0.9654,0
1.5776,1.8189,-0,1.5668,0.0592,1.2844,0.1185,1.1761,0.1777,1.0393,0.2369,0.8816,0.2962,0.7467,0.3554,0.6551,0.4146,0.5832,0.4739,0.5214,0.5331,0.5059,0.5923,0.5096,0.6516,0.5567,0.7108,0.484,0.77,0.4721,0.8293,0.5608,0.8885,0.3728,0.9477,0.116,1.007,0.1698,1.0662,0.2203,1.1254,0
1.5775,1.8056,-0,1.6553,0.0751,1.3328,0.1502,1.1574,0.2253,0.9652,0.3004,0.8242,0.3755,0.6973,0.4506,0.5919,0.5257,0.5371,0.6008,0.4571,0.6759,0.4435,0.751,0.369,0.8261,0.4842,0.9012,0.4236,0.9763,0.4918,1.0515,0.4007,1.1266,0.5124,1.2017,0,1.2768,0,1.3519,0,1.427,0
1.6243,1.7875,-0,1.5685,0.0526,1.3017,0.1053,1.1697,0.1579,1.0211,0.2105,0.8769,0.2631,0.7399,0.3158,0.635,0.3684,0.5759,0.421,0.5505,0.4737,0.5042,0.5263,0.4543,0.5789,0.4228,0.6315,0.4674,0.6842,0.4177,0.7368,0.4459,0.7894,0.4709,0.8421,0.4041,0.8947,0.4329,0.9473,0.3551,0.9999,0
1.612,1.7832,-0,1.5211,0.0515,1.2868,0.1031,1.1834,0.1546,1.0459,0.2062,0.8903,0.2577,0.7812,0.3093,0.6648,0.3608,0.613,0.4124,0.5514,0.4639,0.4944,0.5154,0.4538,0.567,0.4646,0.6185,0.473,0.6701,0.422,0.7216,0.3764,0.7732,0.3793,0.8247,0.3272,0.8763,0.678,0.9278,0.4337,0.9794,0
1.6178,1.7945,-0,1.4792,0.0434,1.2388,0.0868,1.1658,0.1302,1.0539,0.1736,0.9353,0.217,0.8182,0.2605,0.7018,0.3039,0.6294,0.3473,0.5748,0.3907,0.5222,0.4341,0.4807,0.4775,0.4663,0.5209,0.403,0.5643,0.4632,0.6077,0.4247,0.6511,0.398,0.6945,0.3452,0.7379,0.2244,0.7814,0.2944,0.8248,0
1.6188,1.8114,-0,1.638,0.0713,1.3338,0.1427,1.1512,0.214,0.9663,0.2854,0.8101,0.3567,0.7004,0.4281,0.6601,0.4994,0.5623,0.5708,0.5695,0.6421,0.5216,0.7135,0.5365,0.7848,0.5457,0.8561,0.4449,0.9275,0.3553,0.9988,0.5779,1.0702,0.5427,1.1415,0.2377,1.2129,0.3851,1.2842,0.2239,1.3556,0
1.6116,1.815,-0,1.5349,0.0578,1.3044,0.1156,1.2029,0.1734,1.0479,0.2313,0.8869,0.2891,0.7479,0.3469,0.6667,0.4047,0.5835,0.4625,0.5616,0.5203,0.5351,0.5782,0.4905,0.636,0.4961,0.6938,0.4289,0.7516,0.3877,0.8094,0.4597,0.8672,0.2801,0.9251,0.5427,0.9829,0.2926,1.0407,0.3122,1.0985,0
1.6293,1.8132,-0,1.6052,0.0739,1.3904,0.1477,1.1898,0.2216,0.9697,0.2954,0.8096,0.3693,0.7008,0.4432,0.6154,0.517,0.5617,0.5909,0.5603,0.6647,0.5413,0.7386,0.4988,0.8125,0.4843,0.8863,0.5562,0.9602,0.4283,1.034,0.6273,1.1079,0.6187,1.1817,0.293,1.2556,0,1.3295,0,1.4033,0
1.6473,1.8077,-0,1.5195,0.053,1.3055,0.1061,1.1968,0.1591,1.0407,0.2122,0.8909,0.2652,0.7635,0.3182,0.6672,0.3713,0.6045,0.4243,0.5518,0.4773,0.5308,0.5304,0.5002,0.5834,0.4804,0.6365,0.4624,0.6895,0.4278,0.7425,0.4009,0.7956,0.5801,0.8486,0.6834,0.9016,0.3804,0.9547,0.2551,1.0077,0
1.5623,1.8146,-0,1.5032,0.0511,1.2337,0.1023,1.1638,0.1534,1.0611,0.2046,0.9519,0.2557,0.8089,0.3069,0.7007,0.358,0.6257,0.4092,0.5552,0.4603,0.5009,0.5115,0.4978,0.5626,0.4549,0.6138,0.4684,0.6649,0.422,0.716,0.3369,0.7672,0.3856,0.8183,0.3965,0.8695,0.4312,0.9206,0.2737,0.9718,0
1.5915,1.8317,-0,1.4879,0.0535,1.2894,0.1069,1.2124,0.1604,1.0771,0.2139,0.9253,0.2674,0.8057,0.3208,0.6773,0.3743,0.5905,0.4278,0.5235,0.4813,0.4934,0.5347,0.4521,0.5882,0.4855,0.6417,0.504,0.6951,0.3373,0.7486,0.433,0.8021,0.6134,0.8556,0.3982,0.909,0.441,0.9625,0.4826,1.016,0
1.5608,1.8027,-0,1.5574,0.0552,1.2435,0.1104,1.1503,0.1655,1.0256,0.2207,0.8888,0.2759,0.7666,0.3311,0.6965,0.3863,0.6089,0.4414,0.5431,0.4966,0.5034,0.5518,0.4636,0.607,0.4468,0.6622,0.4672,0.7173,0.45,0.7725,0.4711,0.8277,0.3409,0.8829,0.3637,0.9381,0.4643,0.9933,0.3042,1.0484,0
1.553,1.8258,-0,1.4881,0.0511,1.2263,0.1023,1.1656,0.1534,1.0734,0.2046,0.9473,0.2557,0.8242,0.3069,0.6988,0.358,0.626,0.4092,0.5622,0.4603,0.5036,0.5114,0.4781,0.5626,0.4849,0.6137,0.4502,0.6649,0.408,0.716,0.4472,0.7672,0.5101,0.8183,0.3162,0.8695,0.6402,0.9206,0.1095,0.9717,0
1.5776,1.7928,-0,1.5131,0.0463,1.2285,0.0926,1.1441,0.1389,1.0457,0.1852,0.9358,0.2315,0.8053,0.2778,0.7088,0.3241,0.6255,0.3704,0.5516,0.4167,0.5272,0.463,0.4945,0.5093,0.4652,0.5556,0.4042,0.6019,0.3662,0.6482,0.2748,0.6945,0.3289,0.7408,0.3535,0.7871,0.3314,0.8334,0.3726,0.8797,0
1.5701,1.8268,-0,1.5008,0.0533,1.2612,0.1065,1.1828,0.1598,1.0749,0.2131,0.9358,0.2664,0.7912,0.3196,0.6918,0.3729,0.6146,0.4262,0.5281,0.4794,0.5038,0.5327,0.4372,0.586,0.4647,0.6392,0.4549,0.6925,0.4219,0.7458,0.4234,0.7991,0.3385,0.8523,0.2439,0.9056,0.3588,0.9589,0.1462,1.0121,0
1.6164,1.7838,-0,1.4995,0.0428,1.2456,0.0857,1.1642,0.1285,1.0495,0.1714,0.9356,0.2142,0.8163,0.2571,0.7224,0.2999,0.6226,0.3428,0.556,0.3856,0.5272,0.4284,0.474,0.4713,0.4595,0.5141,0.3968,0.557,0.3311,0.5998,0.355,0.6427,0.3543,0.6855,0.3879,0.7284,0.5322,0.7712,0.3078,0.8141,0
1.6368,1.7921,-0,1.5389,0.0506,1.2981,0.1012,1.1835,0.1519,1.0403,0.2025,0.9019,0.2531,0.7684,0.3037,0.6661,0.3543,0.6059,0.405,0.5364,0.4556,0.5316,0.5062,0.4696,0.5568,0.4621,0.6074,0.3765,0.658,0.473,0.7087,0.4646,0.7593,0.3075,0.8099,0.2633,0.8605,0.5387,0.9111,0.619,0.9618,0
1.63,1.7912,-0,1.558,0.0462,1.259,0.0923,1.1582,0.1385,1.0262,0.1846,0.9038,0.2308,0.7837,0.277,0.6812,0.3231,0.6024,0.3693,0.5708,0.4155,0.5163,0.4616,0.4061,0.5078,0.3634,0.5539,0.3709,0.6001,0.3808,0.6463,0.4215,0.6924,0.4523,0.7386,0.5177,0.7847,0.5763,0.8309,0.6185,0.8771,0
1.6067,1.8087,-0,1.5359,0.0534,1.2817,0.1067,1.1774,0.1601,1.0421,0.2134,0.8924,0.2668,0.7717,0.3201,0.6859,0.3735,0.6054,0.4269,0.5419,0.4802,0.512,0.5336,0.4677,0.5869,0.4722,0.6403,0.464,0.6936,0.4749,0.747,0.4965,0.8004,0.3706,0.8537,0.3464,0.9071,0.4787,0.9604,0.4871,1.0138,0
1.7661,1.9032,-0,1.2016,0.018,1.2002,0.0361,1.2056,0.0541,1.1337,0.0722,1.0479,0.0902,0.9514,0.1082,0.8558,0.1263,0.7745,0.1443,0.6829,0.1623,0.6135,0.1804,0.5524,0.1984,0.5012,0.2165,0.5108,0.2345,0.439,0.2525,0.3773,0.2706,0.3157,0.2886,0.4453,0.3066,0.5787,0.3247,0.409,0.3427,0
1.7272,1.9424,-0,1.2809,0.0233,1.2294,0.0467,1.1767,0.07,1.0929,0.0934,1.0247,0.1167,0.946,0.14,0.8641,0.1634,0.7705,0.1867,0.683,0.2101,0.5993,0.2334,0.5219,0.2567,0.4893,0.2801,0.4448,0.3034,0.4274,0.3267,0.4327,0.3501,0.2679,0.3734,0.4681,0.3968,0.4199,0.4201,0,0.4434,0
1.7734,1.8939,-0,1.1852,0.0174,1.1664,0.0347,1.1662,0.0521,1.11,0.0694,1.0316,0.0868,0.9538,0.1041,0.8691,0.1215,0.7985,0.1389,0.7217,0.1562,0.6425,0.1736,0.5914,0.1909,0.5456,0.2083,0.495,0.2256,0.461,0.243,0.4206,0.2604,0.4151,0.2777,0.3083,0.2951,0.3815,0.3124,0.2902,0.3298,0
1.733,1.9043,-0,1.325,0.0297,1.2944,0.0595,1.2275,0.0892,1.1353,0.119,1.0445,0.1487,0.9171,0.1785,0.8002,0.2082,0.6916,0.238,0.5991,0.2677,0.513,0.2975,0.4756,0.3272,0.471,0.357,0.2792,0.3867,0.311,0.4165,0.4086,0.4462,0.3875,0.476,0.2685,0.5057,0.4286,0.5355,0.2359,0.5652,0
1.7938,1.9112,-0,1.223,0.019,1.2533,0.0379,1.268,0.0569,1.1844,0.0759,1.0441,0.0949,0.9364,0.1138,0.8307,0.1328,0.7216,0.1518,0.629,0.1707,0.5889,0.1897,0.4981,0.2087,0.4593,0.2277,0.3775,0.2466,0.3621,0.2656,0.261,0.2846,0.3024,0.3036,0.2793,0.3225,0.2634,0.3415,0.1686,0.3605,0
1.7951,1.93,-0,1.1884,0.018,1.1964,0.036,1.21,0.0539,1.1489,0.0719,1.0571,0.0899,0.9575,0.1079,0.8653,0.1259,0.7575,0.1438,0.6962,0.1618,0.6089,0.1798,0.5571,0.1978,0.4783,0.2158,0.4128,0.2337,0.3853,0.2517,0.3535,0.2697,0.3809,0.2877,0.233,0.3057,0.3474,0.3236,0.3129,0.3416,0
1.7969,1.9396,-0,1.1506,0.018,1.1831,0.036,1.2082,0.054,1.1451,0.072,1.0595,0.09,0.9658,0.1079,0.8748,0.1259,0.7853,0.1439,0.693,0.1619,0.6188,0.1799,0.5621,0.1979,0.4905,0.2159,0.4113,0.2339,0.3861,0.2519,0.3895,0.2699,0.3527,0.2879,0.307,0.3058,0.2829,0.3238,0.361,0.3418,0
1.8184,1.9198,-0,1.2397,0.0206,1.2588,0.0412,1.2458,0.0619,1.146,0.0825,1.0461,0.1031,0.9392,0.1237,0.8181,0.1444,0.7263,0.165,0.6518,0.1856,0.5868,0.2062,0.512,0.2269,0.489,0.2475,0.4026,0.2681,0.3748,0.2887,0.4474,0.3094,0.3317,0.33,0.2221,0.3506,0.3606,0.3712,0,0.3919,0
1.7681,1.9291,-0,1.2619,0.0186,1.2681,0.0371,1.1919,0.0557,1.0743,0.0743,0.9704,0.0928,0.9023,0.1114,0.8252,0.13,0.7579,0.1485,0.6972,0.1671,0.6577,0.1857,0.6152,0.2042,0.5523,0.2228,0.5232,0.2414,0.4501,0.2599,0.4082,0.2785,0.3673,0.2971,0.3114,0.3157,0.3349,0.3342,0.2395,0.3528,0
1.7787,1.9205,-0,1.2435,0.0181,1.2505,0.0362,1.1936,0.0542,1.0992,0.0723,0.9965,0.0904,0.9067,0.1085,0.8216,0.1266,0.7509,0.1446,0.7037,0.1627,0.6495,0.1808,0.6256,0.1989,0.537,0.217,0.4855,0.235,0.4577,0.2531,0.4366,0.2712,0.3713,0.2893,0.3807,0.3074,0.3494,0.3254,0.566,0.3435,0
1.7431,1.9204,-0,1.224,0.0189,1.2109,0.0377,1.1676,0.0566,1.0794,0.0754,1.005,0.0943,0.9262,0.1131,0.8597,0.132,0.7809,0.1508,0.7037,0.1697,0.6568,0.1885,0.6057,0.2074,0.5345,0.2262,0.4868,0.2451,0.4449,0.2639,0.4167,0.2828,0.3755,0.3016,0.3328,0.3205,0.4119,0.3393,0.2759,0.3582,0
1.8039,1.9658,-0,1.1898,0.0166,1.2203,0.0333,1.244,0.0499,1.1567,0.0666,1.0443,0.0832,0.9227,0.0999,0.8176,0.1165,0.7454,0.1332,0.6725,0.1498,0.614,0.1665,0.5632,0.1831,0.5006,0.1998,0.4734,0.2164,0.4614,0.2331,0.4062,0.2497,0.4069,0.2664,0.3527,0.283,0.3336,0.2997,0.3259,0.3163,0
1.8002,1.9473,-0,1.2614,0.019,1.3222,0.038,1.2827,0.057,1.1491,0.076,0.9975,0.095,0.8737,0.114,0.7669,0.133,0.7089,0.1519,0.6222,0.1709,0.6027,0.1899,0.5258,0.2089,0.4867,0.2279,0.4575,0.2469,0.4726,0.2659,0.4273,0.2849,0.3869,0.3039,0.3418,0.3229,0.5375,0.3419,0.7193,0.3609,0
1.804,1.9343,-0,1.2632,0.018,1.2817,0.036,1.2309,0.054,1.1224,0.072,1.016,0.09,0.8945,0.108,0.8249,0.1259,0.7501,0.1439,0.6691,0.1619,0.6093,0.1799,0.5269,0.1979,0.5048,0.2159,0.5004,0.2339,0.4253,0.2519,0.4075,0.2699,0.4029,0.2879,0.3257,0.3059,0.2355,0.3239,0.2256,0.3419,0
1.8296,1.9732,-0,1.2521,0.0188,1.3083,0.0376,1.2772,0.0564,1.1451,0.0753,0.9983,0.0941,0.8911,0.1129,0.7996,0.1317,0.7358,0.1505,0.6584,0.1693,0.5767,0.1881,0.5452,0.207,0.4883,0.2258,0.4557,0.2446,0.4547,0.2634,0.3996,0.2822,0.4276,0.301,0.3514,0.3198,0.4633,0.3386,0.4078,0.3575,0
1.7849,1.7355,-0,1.1791,0.0172,1.1254,0.0344,1.1367,0.0516,1.0965,0.0688,1.03,0.086,0.9771,0.1032,0.8967,0.1204,0.8149,0.1376,0.7442,0.1548,0.6583,0.172,0.5953,0.1892,0.5158,0.2064,0.4818,0.2236,0.4438,0.2408,0.4196,0.258,0.4429,0.2752,0.377,0.2924,0.3696,0.3096,0.4715,0.3268,0
1.7948,1.9361,-0,1.2489,0.0189,1.23,0.0378,1.173,0.0568,1.0738,0.0757,0.9755,0.0946,0.9028,0.1135,0.8336,0.1325,0.7803,0.1514,0.715,0.1703,0.6437,0.1892,0.5858,0.2082,0.5736,0.2271,0.5113,0.246,0.4628,0.2649,0.4424,0.2838,0.4336,0.3028,0.4219,0.3217,0.4946,0.3406,0.2706,0.3595,0
1.7831,1.9258,-0,1.2436,0.0182,1.1887,0.0363,1.1467,0.0545,1.0606,0.0727,0.9782,0.0908,0.9005,0.109,0.8481,0.1272,0.7843,0.1453,0.7341,0.1635,0.6892,0.1817,0.6308,0.1998,0.5534,0.218,0.5157,0.2362,0.4739,0.2543,0.4412,0.2725,0.3926,0.2907,0.3473,0.3088,0.2398,0.327,0.4668,0.3452,0
1.7642,1.9528,-0,1.2287,0.0193,1.2136,0.0386,1.1808,0.0578,1.0914,0.0771,0.9971,0.0964,0.9155,0.1157,0.8458,0.135,0.7885,0.1543,0.7121,0.1735,0.6325,0.1928,0.5904,0.2121,0.5189,0.2314,0.5071,0.2507,0.4616,0.2699,0.412,0.2892,0.4373,0.3085,0.4188,0.3278,0.3875,0.3471,0.2726,0.3664,0
1.8298,1.8051,-0,1.2532,0.0162,1.2959,0.0324,1.274,0.0486,1.151,0.0647,1.029,0.0809,0.9247,0.0971,0.8138,0.1133,0.7135,0.1295,0.6652,0.1457,0.5839,0.1618,0.5238,0.178,0.4979,0.1942,0.4125,0.2104,0.4265,0.2266,0.4564,0.2428,0.4758,0.2589,0.3582,0.2751,0.2171,0.2913,0.2025,0.3075,0
1.728,1.7926,-0,1.9217,0.1569,0.8425,0.3138,0.8152,0.4707,0.886,0.6276,1.0241,0.7846,0.8472,0.9415,0.7966,1.0984,0.7739,1.2553,0.83,1.4122,0.8239,1.5691,0.6228,1.726,0.4585,1.8829,0.3387,2.0398,0.3257,2.1968,0.3928,2.3537,0.3811,2.5106,0.4788,2.6675,0.5104,2.8244,0.4902,2.9813,0
1.6581,1.9959,-0,1.4687,0.1519,0.6308,0.3039,0.6662,0.4558,0.5444,0.6077,0.5526,0.7596,0.6074,0.9116,0.6013,1.0635,0.7395,1.2154,0.8965,1.3674,0.8778,1.5193,0.7431,1.6712,0.4688,1.8231,0.3045,1.9751,0.2073,2.127,0.2016,2.2789,0.064,2.4308,-0,2.5828,0.08,2.7347,0,2.8866,0
1.5557,1.8224,-0,1.7331,0.051,1.2132,0.102,1.0828,0.153,0.9492,0.2041,0.8197,0.2551,0.7458,0.3061,0.6556,0.3571,0.6459,0.4081,0.5175,0.4591,0.4712,0.5101,0.4706,0.5611,0.4197,0.6122,0.4008,0.6632,0.3624,0.7142,0.3814,0.7652,0.4182,0.8162,0.2613,0.8672,0.3475,0.9182,0.4257,0.9693,0
1.968,1.0524,-0,1.6741,0.011,1.5018,0.0221,1.1849,0.0331,0.8865,0.0441,0.6448,0.0552,0.501,0.0662,0.4076,0.0772,0.3636,0.0883,0.321,0.0993,0.2873,0.1103,0.2765,0.1214,0.1911,0.1324,0.186,0.1434,0.1273,0.1545,0.2875,0.1655,0.0759,0.1765,0.5047,0.1876,0,0.1986,0,0.2096,0
1.619,1.9632,-0,1.8722,0.1326,1.3096,0.2651,0.9077,0.3977,0.7091,0.5302,0.759,0.6628,0.5742,0.7953,0.6436,0.9279,0.6289,1.0605,0.6232,1.193,0.4069,1.3256,0.4307,1.4581,0.4546,1.5907,0.2386,1.7232,0.6093,1.8558,0.2616,1.9884,0.3285,2.1209,0.1521,2.2535,0,2.386,0,2.5186,0
1.7903,1.6651,-0,1.7961,0.0616,1.2378,0.1233,1.0166,0.1849,0.9293,0.2466,0.8121,0.3082,0.7497,0.3699,0.7082,0.4315,0.6519,0.4932,0.6429,0.5548,0.6109,0.6165,0.4918,0.6781,0.6162,0.7398,0.5644,0.8014,0.5787,0.8631,0.6168,0.9247,0.5219,0.9864,0.5635,1.048,0.437,1.1097,0.2001,1.1713,0
1.6268,1.9269,-0,1.6242,0.0831,1.3821,0.1661,1.0698,0.2492,0.8809,0.3323,0.7959,0.4153,0.7455,0.4984,0.6996,0.5815,0.7188,0.6645,0.6684,0.7476,0.6198,0.8306,0.5789,0.9137,0.4989,0.9968,0.5182,1.0798,0.4917,1.1629,0.3618,1.246,0.4525,1.329,0.3552,1.4121,0.228,1.4952,0.516,1.5782,0
1.5887,1.6763,-0,1.6109,0.0221,1.1085,0.0441,1.0022,0.0662,0.8945,0.0883,0.8293,0.1103,0.7217,0.1324,0.6716,0.1545,0.5693,0.1765,0.5611,0.1986,0.5558,0.2207,0.5413,0.2427,0.4804,0.2648,0.4713,0.2869,0.4546,0.3089,0.3618,0.331,0.3454,0.3531,0.4233,0.3751,0.4351,0.3972,0.4878,0.4193,0
1.7632,1.8203,-0,1.8301,0.1245,1.2046,0.249,1.0788,0.3735,0.9023,0.498,0.85,0.6225,0.7681,0.747,0.6416,0.8715,0.7144,0.996,0.7506,1.1205,0.5023,1.245,0.5841,1.3695,0.455,1.494,0.5018,1.6185,0.4753,1.743,0.3682,1.8675,0.2478,1.992,0.5229,2.1166,0.4353,2.2411,0.2061,2.3656,0
1.7412,1.5896,-0,1.9266,0.1022,1.0864,0.2045,0.8464,0.3067,0.8181,0.409,0.7249,0.5112,0.6585,0.6135,0.5864,0.7157,0.5637,0.8179,0.5902,0.9202,0.5341,1.0224,0.5435,1.1247,0.5944,1.2269,0.6504,1.3292,0.5286,1.4314,0.3971,1.5336,0.3702,1.6359,0.4088,1.7381,0.1721,1.8404,0.381,1.9426,0
1.6103,1.5863,-0,1.9312,0.0477,0.9166,0.0955,0.8443,0.1432,0.8708,0.191,0.816,0.2387,0.6947,0.2865,0.6437,0.3342,0.6788,0.3819,0.4619,0.4297,0.4713,0.4774,0.4654,0.5252,0.5812,0.5729,0.6054,0.6207,0.5643,0.6684,0.5688,0.7162,0.7294,0.7639,0.6631,0.8116,0.5629,0.8594,0.4265,0.9071,0
1.6843,1.3253,-0,1.766,0.0212,1.1923,0.0424,1.0425,0.0637,0.8812,0.0849,0.7579,0.1061,0.7588,0.1273,0.8371,0.1486,0.7285,0.1698,0.6296,0.191,0.5771,0.2122,0.4819,0.2335,0.5407,0.2547,0.5842,0.2759,0.6579,0.2971,0.5364,0.3184,0.3754,0.3396,0.3773,0.3608,0.433,0.382,0.4528,0.4033,0
1.6478,1.8374,-0,1.815,0.0953,1.3058,0.1906,1.1227,0.2859,1.0105,0.3812,0.9434,0.4765,0.8919,0.5718,0.8598,0.6671,0.836,0.7624,0.8134,0.8577,0.7846,0.953,0.7163,1.0483,0.6299,1.1436,0.5274,1.2389,0.4827,1.3342,0.4089,1.4295,0.391,1.5248,0.3481,1.6201,0.294,1.7154,0.2412,1.8107,0
1.7192,1.6621,-0,1.9407,0.1256,0.7635,0.2512,0.7781,0.3768,0.5369,0.5024,0.4127,0.628,0.4347,0.7536,0.4987,0.8793,0.6532,1.0049,0.7194,1.1305,0.6881,1.2561,0.5985,1.3817,0.5217,1.5073,0.2226,1.6329,0.4218,1.7585,0.3076,1.8841,0.0189,2.0097,0.2824,2.1353,0,2.2609,0,2.3865,0
1.7394,1.5029,-0,1.9521,0.0267,1.1666,0.0534,0.9029,0.0801,0.6368,0.1068,0.4875,0.1335,0.4181,0.1602,0.341,0.1869,0.381,0.2137,0.3338,0.2404,0.3848,0.2671,0.3928,0.2938,0.5917,0.3205,0.6765,0.3472,0.7807,0.3739,0.8218,0.4006,0.75,0.4273,0.5679,0.454,0.39,0.4807,0.3687,0.5074,0
1.4785,1.793,-0,1.8634,0.0886,1.3083,0.1772,1.074,0.2658,0.8816,0.3544,0.7515,0.4429,0.6426,0.5315,0.575,0.6201,0.5468,0.7087,0.4836,0.7973,0.4247,0.8859,0.4256,0.9745,0.3454,1.0631,0.2793,1.1517,0.2784,1.2402,0.2785,1.3288,0.1893,1.4174,0.0838,1.506,0,1.5946,0,1.6832,0
1.628,1.6394,-0,1.8786,0.0964,1.1842,0.1927,0.9556,0.2891,0.6599,0.3854,0.7701,0.4818,0.3874,0.5781,0.2518,0.6745,0.4356,0.7708,0.4303,0.8672,0.4186,0.9635,0.3251,1.0599,0.2287,1.1562,0.4495,1.2526,0.4019,1.3489,0.459,1.4453,0.479,1.5416,0.4241,1.638,0.4536,1.7343,0.1422,1.8307,0
1.7304,1.7991,-0,1.889,0.0801,0.8573,0.1602,0.8152,0.2403,0.6853,0.3203,0.6947,0.4004,0.7656,0.4805,0.7111,0.5606,0.9071,0.6407,0.4766,0.7208,0.1816,0.8008,0.0835,0.8809,0.3672,0.961,0.3027,1.0411,0.2453,1.1212,0.2847,1.2013,0.2579,1.2813,0.2168,1.3614,0.276,1.4415,0.6438,1.5216,0
1.752,1.5537,-0,1.8932,0.0892,1.216,0.1783,0.9088,0.2675,0.6749,0.3566,0.7156,0.4458,0.467,0.535,0.5746,0.6241,0.3917,0.7133,0.6083,0.8025,0.4518,0.8916,0.4254,0.9808,0.3985,1.0699,0.4763,1.1591,0.5988,1.2483,0.4505,1.3374,0.5815,1.4266,0.3783,1.5157,0,1.6049,0,1.6941,0
1.7024,1.4008,-0,1.8947,0.0229,1.1401,0.0458,1.0338,0.0688,0.8658,0.0917,0.7861,0.1146,0.6736,0.1375,0.5527,0.1605,0.4406,0.1834,0.4813,0.2063,0.588,0.2292,0.6041,0.2522,0.567,0.2751,0.5571,0.298,0.5997,0.3209,0.5164,0.3439,0.4787,0.3668,0.4064,0.3897,0.2867,0.4126,0.1636,0.4356,0
1.7874,1.8693,-0,1.8677,0.1238,1.3143,0.2476,1.0117,0.3714,0.8869,0.4952,0.7783,0.619,0.7427,0.7429,0.7101,0.8667,0.6417,0.9905,0.6572,1.1143,0.7384,1.2381,0.6405,1.3619,0.6768,1.4857,0.4835,1.6095,0.362,1.7333,0.2929,1.8571,0.1872,1.981,0.1299,2.1048,0.1136,2.2286,0,2.3524,0
1.7604,1.8874,-0,1.8693,0.0608,1.3253,0.1215,1.0118,0.1823,0.9137,0.2431,0.8808,0.3038,0.8305,0.3646,0.7817,0.4253,0.7029,0.4861,0.6174,0.5469,0.6341,0.6076,0.6685,0.6684,0.6358,0.7292,0.5515,0.7899,0.5127,0.8507,0.5069,0.9114,0.4223,0.9722,0.3421,1.033,0.3154,1.0937,0.5682,1.1545,0
1.6944,1.6997,-0,1.9522,0.1469,0.9177,0.2937,0.7595,0.4406,0.6618,0.5874,0.6553,0.7343,0.6033,0.8812,0.6777,1.028,0.7456,1.1749,0.7812,1.3217,0.7083,1.4686,0.6858,1.6155,0.5362,1.7623,0.4003,1.9092,0.4225,2.0561,0.3332,2.2029,0.2468,2.3498,0.0929,2.4966,0.2357,2.6435,0,2.7904,0
1.7156,1.9699,-0,1.8435,0.1503,1.1671,0.3005,0.939,0.4508,0.805,0.6011,0.8026,0.7514,0.7817,0.9016,0.7852,1.0519,0.8462,1.2022,0.8534,1.3524,0.8189,1.5027,0.6859,1.653,0.5412,1.8032,0.4425,1.9535,0.4134,2.1038,0.4559,2.2541,0.4258,2.4043,0.3384,2.5546,0.4955,2.7049,0.6638,2.8551,0
1.7363,1.7148,-0,1.8945,0.1538,0.996,0.3075,0.8345,0.4613,0.6544,0.615,0.7082,0.7688,0.6549,0.9226,0.7304,1.0763,0.8085,1.2301,0.7617,1.3838,0.7511,1.5376,0.7697,1.6914,0.8104,1.8451,0.5622,1.9989,0.5628,2.1527,0.8208,2.3064,0.4103,2.4602,0.5168,2.6139,0.7789,2.7677,0.2246,2.9215,0
1.6482,1.6761,-0,1.9347,0.1228,1.1659,0.2455,0.8525,0.3683,0.804,0.491,0.897,0.6138,0.8851,0.7365,0.7669,0.8593,0.7195,0.982,0.7164,1.1048,0.6391,1.2276,0.6545,1.3503,0.5118,1.4731,0.5719,1.5958,0.5331,1.7186,0.2772,1.8413,0.3743,1.9641,0.4272,2.0868,0.4798,2.2096,0,2.3324,0
1.852,1.9474,-0,1.8172,0.1094,1.189,0.2189,1.0588,0.3283,0.9964,0.4377,0.8725,0.5471,0.8393,0.6566,0.7926,0.766,0.7079,0.8754,0.6488,0.9848,0.5612,1.0943,0.574,1.2037,0.4419,1.3131,0.3804,1.4225,0.2366,1.532,0.2064,1.6414,0.1089,1.7508,0,1.8602,0,1.9697,0,2.0791,0
1.921,1.2541,0,1.951,0.0526,0.0204,0.1051,0.1647,0.1577,0.8191,0.2102,1.1214,0.2628,0.016,0.3153,0.0015,0.3679,0.0777,0.4204,-0.0166,0.473,-0.0681,0.5255,0.1136,0.5781,0.0467,0.6306,0.1693,0.6832,0.1137,0.7357,0.2302,0.7883,0.4716,0.8408,0.1905,0.8934,0.3287,0.9459,0.3079,0.9985,0
1.623,1.9872,-0,1.8008,0.0456,1.0597,0.0912,0.9525,0.1368,0.7411,0.1824,0.7682,0.2281,0.4962,0.2737,0.5241,0.3193,1.0859,0.3649,0.8271,0.4105,0.7218,0.4561,0.5325,0.5017,0.6248,0.5473,0.6917,0.593,0.7565,0.6386,0.8398,0.6842,0.9233,0.7298,0.7547,0.7754,0.818,0.821,0.4342,0.8666,0
1.764,1.7178,-0,1.8236,0.0636,1.365,0.1272,1.117,0.1908,0.9654,0.2544,0.815,0.318,0.774,0.3816,0.7045,0.4452,0.6433,0.5088,0.6176,0.5724,0.4778,0.636,0.5828,0.6997,0.5996,0.7633,0.4245,0.8269,0.451,0.8905,0.4064,0.9541,0.6776,1.0177,0.6022,1.0813,0.5062,1.1449,0.5692,1.2085,0
1.5859,1.7898,-0,1.8657,0.1026,1.1142,0.2051,0.9659,0.3077,0.9756,0.4102,0.5167,0.5128,0.573,0.6154,0.4225,0.7179,0.4839,0.8205,0.5127,0.9231,0.5862,1.0256,0.5263,1.1282,0.6054,1.2307,0.5664,1.3333,0.6608,1.4359,0.6269,1.5384,0.6051,1.641,0.3339,1.7435,0.2844,1.8461,0,1.9487,0
1.7484,1.7531,-0,1.7136,0.0607,1.3383,0.1215,1.0885,0.1822,0.9136,0.2429,0.8112,0.3036,0.7481,0.3644,0.7146,0.4251,0.7105,0.4858,0.6476,0.5466,0.6051,0.6073,0.5772,0.668,0.5334,0.7288,0.5317,0.7895,0.6145,0.8502,0.5132,0.9109,0.3373,0.9717,0.3068,1.0324,0,1.0931,0,1.1539,0
1.5656,1.9637,-0,1.7629,0.1292,1.3561,0.2585,0.9239,0.3877,0.8425,0.517,0.8484,0.6462,0.8094,0.7755,0.6799,0.9047,0.5734,1.034,0.5474,1.1632,0.5647,1.2925,0.4171,1.4217,0.3462,1.551,0.3395,1.6802,0.3765,1.8095,0.3322,1.9387,0.3438,2.068,0.4239,2.1972,0.4821,2.3265,0.4643,2.4557,0
1.7122,1.8588,-0,1.8486,0.0689,1.2896,0.1378,0.9748,0.2067,0.8051,0.2756,0.6811,0.3445,0.6288,0.4134,0.6307,0.4823,0.5925,0.5512,0.6459,0.6201,0.657,0.6891,0.6411,0.758,0.632,0.8269,0.6409,0.8958,0.6969,0.9647,0.6455,1.0336,0.5407,1.1025,0.4009,1.1714,0.4491,1.2403,0.4342,1.3092,0
1.618,1.674,-0,1.9499,0.1396,0.5962,0.2791,0.3956,0.4187,0.444,0.5583,0.3195,0.6979,0.3116,0.8374,0.3765,0.977,0.3887,1.1166,0.5211,1.2562,0.608,1.3957,0.6564,1.5353,0.637,1.6749,0.6197,1.8144,0.5322,1.954,0.3296,2.0936,0.3544,2.2332,0.3559,2.3727,0.1482,2.5123,0.4214,2.6519,0
1.6168,1.8904,-0,1.8261,0.0869,1.2114,0.1738,1.0241,0.2607,0.9213,0.3476,0.851,0.4345,0.764,0.5214,0.6914,0.6083,0.5711,0.6952,0.5327,0.7821,0.4615,0.869,0.3228,0.9559,0.3874,1.0428,0.2605,1.1297,0.2935,1.2166,0.4227,1.3035,0.3368,1.3904,0.2949,1.4773,0.1898,1.5642,0.1542,1.6511,0
1.699,1.9576,-0,1.6238,0.0779,1.1844,0.1559,0.9517,0.2338,0.8262,0.3117,0.7679,0.3896,0.7056,0.4676,0.7145,0.5455,0.6734,0.6234,0.6567,0.7013,0.6291,0.7793,0.6423,0.8572,0.6307,0.9351,0.617,1.013,0.5873,1.091,0.5028,1.1689,0.5287,1.2468,0.3855,1.3247,0.3344,1.4027,0.3076,1.4806,0
1.7806,1.5985,-0,1.8893,0.0995,1.34,0.1989,1.124,0.2984,1.0357,0.3979,0.969,0.4973,0.8844,0.5968,0.8346,0.6963,0.7929,0.7958,0.7586,0.8952,0.6988,0.9947,0.6582,1.0942,0.5891,1.1936,0.567,1.2931,0.5207,1.3926,0.4174,1.492,0.3643,1.5915,0.2987,1.691,0.3711,1.7905,0.2563,1.8899,0
1.6607,1.6165,-0,1.8683,0.0741,1.0695,0.1482,0.8649,0.2223,0.7484,0.2965,0.5016,0.3706,0.4824,0.4447,0.3925,0.5188,0.4068,0.5929,0.3848,0.667,0.1914,0.7411,0.311,0.8153,0.1819,0.8894,0.3185,0.9635,0.3534,1.0376,0.1304,1.1117,0,1.1858,0.1837,1.2599,0.4825,1.334,0.3215,1.4082,0
1.7525,1.7384,-0,1.8421,0.0261,1.273,0.0521,1.1228,0.0782,0.9859,0.1043,0.8884,0.1303,0.7762,0.1564,0.7445,0.1825,0.693,0.2085,0.6425,0.2346,0.6215,0.2606,0.6082,0.2867,0.5772,0.3128,0.6329,0.3388,0.6083,0.3649,0.5625,0.391,0.6117,0.417,0.5774,0.4431,0.549,0.4692,0.5662,0.4952,0
