1.6244,1.7184,-0,1.8355,0.1481,1.3176,0.2963,0.9305,0.4444,0.7917,0.5925,0.6984,0.7407,0.6449,0.8888,0.6569,1.0369,0.576,1.1851,0.5696,1.3332,0.575,1.4813,0.5882,1.6295,0.5061,1.7776,0.4645,1.9257,0.4714,2.0739,0.4629,2.222,0.5244,2.3701,0.2898,2.5182,0.5439,2.6664,0.396,2.8145,0,-2.9379,0.43661,-2.791,0.63602,-2.6441,0.58794,-2.4972,0.50082,-2.3503,0.48255,-2.2034,0.41191,-2.0565,0.58602,-1.9096,0.55522,-1.7627,0.53103,-1.6158,0.57311,-1.4689,0.55656,-1.322,0.61991,-1.1752,0.62705,-1.0283,0.67285,-0.88136,0.74729,-0.73447,0.82545,-0.58758,0.93689,-0.44068,1.1384,-0.29379,1.4729,-0.14689,0
1.5776,1.7222,-0,1.648,0.0572,1.3906,0.1144,1.1425,0.1717,0.9108,0.2289,0.7481,0.2861,0.6348,0.3433,0.5619,0.4005,0.5099,0.4578,0.4678,0.515,0.4875,0.5722,0.4799,0.6294,0.3752,0.6866,0.4312,0.7439,0.3723,0.8011,0.3214,0.8583,0.432,0.9155,0.3075,0.9727,0.5316,1.03,0.2953,1.0872,0,-3.0743,0.78687,-2.9206,0.85979,-2.7669,0.62454,-2.6132,0.59595,-2.4595,0.4728,-2.3058,0.42125,-2.152,0.57307,-1.9983,0.51751,-1.8446,0.54374,-1.6909,0.54071,-1.5372,0.57639,-1.3835,0.70161,-1.2297,0.60798,-1.076,0.65512,-0.9223,0.67774,-0.76859,0.75792,-0.61487,0.87322,-0.46115,1.1467,-0.30743,1.5089,-0.15372,0
1.5775,1.7672,-0,1.7685,0.0875,1.3868,0.1751,1.0314,0.2626,0.8309,0.3501,0.6696,0.4376,0.5968,0.5252,0.5388,0.6127,0.4879,0.7002,0.4578,0.7877,0.3984,0.8753,0.2703,0.9628,0.3555,1.0503,0.1427,1.1378,0.1649,1.2254,0.0925,1.3129,0.2737,1.4004,0.741,1.4879,0,1.5755,-0.3403,1.663,0,-3.0859,0.53811,-2.9316,0.40757,-2.7773,0.43742,-2.623,0.47321,-2.4687,0.43925,-2.3144,0.41454,-2.1601,0.46897,-2.0058,0.52413,-1.8515,0.49687,-1.6972,0.5077,-1.5429,0.55151,-1.3886,0.53507,-1.2344,0.6056,-1.0801,0.66084,-0.92577,0.70097,-0.77147,0.76654,-0.61718,0.9195,-0.46288,1.1605,-0.30859,1.449,-0.15429,0
1.6243,1.775,-0,1.7821,0.1263,1.4295,0.2526,0.9701,0.3789,0.738,0.5052,0.6561,0.6315,0.5307,0.7578,0.4926,0.8841,0.5506,1.0104,0.4417,1.1367,0.3673,1.263,0.4127,1.3893,0.398,1.5156,0.4438,1.6419,0.235,1.7682,0.2703,1.8945,0.2737,2.0208,0,2.1471,0,2.2734,-0.3403,2.3997,0,-2.9375,0.23304,-2.7906,0.55019,-2.6437,0.4897,-2.4968,0.44444,-2.35,0.41227,-2.2031,0.39525,-2.0562,0.50211,-1.9094,0.5169,-1.7625,0.49958,-1.6156,0.45359,-1.4687,0.48825,-1.3219,0.53642,-1.175,0.59949,-1.0281,0.65552,-0.88124,0.68701,-0.73437,0.76875,-0.58749,0.90016,-0.44062,1.1683,-0.29375,1.5154,-0.14687,0
1.612,1.7701,-0,1.8223,0.147,1.3688,0.294,0.9548,0.441,0.7602,0.588,0.6819,0.735,0.6454,0.882,0.634,1.029,0.6182,1.176,0.5977,1.323,0.5978,1.4701,0.5082,1.6171,0.5318,1.7641,0.5482,1.9111,0.4548,2.0581,0.7297,2.2051,0.4301,2.3521,0.2239,2.4991,0,2.6461,0.3403,2.7931,0,-3.1046,0.33457,-2.9494,0.42501,-2.7942,0.59632,-2.6389,0.41138,-2.4837,0.44796,-2.3285,0.51672,-2.1732,0.4706,-2.018,0.53843,-1.8628,0.44896,-1.7075,0.56909,-1.5523,0.59193,-1.3971,0.62339,-1.2419,0.66921,-1.0866,0.68833,-0.93139,0.70874,-0.77616,0.76966,-0.62093,0.92377,-0.4657,1.1086,-0.31046,1.4766,-0.15523,0
1.6178,1.7204,-0,1.7215,0.0758,1.4245,0.1516,1.0593,0.2274,0.7996,0.3031,0.6952,0.3789,0.6086,0.4547,0.5776,0.5305,0.5856,0.6063,0.5218,0.6821,0.4693,0.7578,0.3537,0.8336,0.4199,0.9094,0.584,0.9852,0.4501,1.061,0.4264,1.1368,0.1854,1.2125,0.3537,1.2883,0.3403,1.3641,0,1.4399,0,-2.9758,0.6657,-2.827,0.52467,-2.6782,0.49524,-2.5294,0.4888,-2.3806,0.41315,-2.2318,0.46649,-2.083,0.35607,-1.9342,0.58495,-1.7855,0.68549,-1.6367,0.60733,-1.4879,0.58465,-1.3391,0.61632,-1.1903,0.62888,-1.0415,0.68396,-0.89273,0.70031,-0.74394,0.77,-0.59515,0.88656,-0.44637,1.1048,-0.29758,1.4939,-0.14879,0
1.6188,1.7518,-0,1.8867,0.1486,1.2397,0.2972,0.8527,0.4458,0.6786,0.5944,0.5711,0.743,0.5434,0.8917,0.4612,1.0403,0.5555,1.1889,0.5184,1.3375,0.3673,1.4861,0.5107,1.6347,0.5117,1.7833,0.26,1.9319,0.5542,2.0805,0.2232,2.2291,0,2.3778,0.2616,2.5264,0,2.675,0,2.8236,0,-3.0728,0.39705,-2.9192,0.6034,-2.7655,0.55954,-2.6119,0.49184,-2.4582,0.421,-2.3046,0.42376,-2.151,0.47832,-1.9973,0.58412,-1.8437,0.55978,-1.69,0.49453,-1.5364,0.55782,-1.3828,0.54192,-1.2291,0.55853,-1.0755,0.65574,-0.92184,0.70634,-0.7682,0.72945,-0.61456,0.90361,-0.46092,1.1446,-0.30728,1.4799,-0.15364,0
1.6116,1.7626,-0,1.8695,0.1547,1.2504,0.3095,0.8606,0.4642,0.7034,0.619,0.6903,0.7737,0.5926,0.9285,0.5347,1.0832,0.4116,1.2379,0.3157,1.3927,0.3944,1.5474,0.4517,1.7022,0.3453,1.8569,0.4509,2.0116,0.5268,2.1664,0.5503,2.3211,0.6404,2.4759,0.3751,2.6306,0.4243,2.7854,0.0929,2.9401,0,-3.075,0.52677,-2.9212,0.5638,-2.7675,0.62961,-2.6137,0.40578,-2.46,0.48797,-2.3062,0.45742,-2.1525,0.5462,-1.9987,0.56337,-1.845,0.49537,-1.6912,0.53185,-1.5375,0.57264,-1.3837,0.59824,-1.23,0.60321,-1.0762,0.64463,-0.92249,0.74112,-0.76874,0.83518,-0.61499,0.97837,-0.46124,1.2329,-0.3075,1.4838,-0.15375,0
1.6293,1.7596,-0,1.8367,0.1535,1.3157,0.307,0.9024,0.4605,0.7166,0.614,0.7034,0.7675,0.5962,0.921,0.6086,1.0744,0.5768,1.2279,0.4329,1.3814,0.4481,1.5349,0.4417,1.6884,0.2726,1.8419,0.1739,1.9954,0.208,2.1489,0.2643,2.3024,0,2.4559,0,2.6094,0,2.7629,0.1462,2.9164,0,-3.0869,0.4693,-2.9326,0.56101,-2.7782,0.62112,-2.6239,0.66274,-2.4695,0.51373,-2.3152,0.5098,-2.1608,0.52142,-2.0065,0.56126,-1.8521,0.57207,-1.6978,0.53356,-1.5434,0.5691,-1.3891,0.58716,-1.2348,0.62054,-1.0804,0.67859,-0.92607,0.70946,-0.77172,0.80569,-0.61738,0.92464,-0.46303,1.1644,-0.30869,1.48,-0.15434,0
1.6473,1.771,-0,1.8114,0.1264,1.3855,0.2528,0.9246,0.3791,0.7419,0.5055,0.6591,0.6319,0.6056,0.7583,0.5997,0.8847,0.5975,1.0111,0.7596,1.1374,0.6544,1.2638,0.5361,1.3902,0.4569,1.5166,0.5988,1.643,0.7957,1.7693,0.5871,1.8957,0.1808,2.0221,0,2.1485,0,2.2749,-0.3403,2.4013,0,-3.0319,0.80944,-2.8803,0.52884,-2.7287,0.45163,-2.5771,0.33564,-2.4255,0.44386,-2.2739,0.43664,-2.1223,0.48231,-1.9707,0.55481,-1.8192,0.56517,-1.6676,0.53279,-1.516,0.57716,-1.3644,0.61226,-1.2128,0.58823,-1.0612,0.62986,-0.90958,0.7199,-0.75798,0.74292,-0.60638,0.85905,-0.45479,1.1,-0.30319,1.5022,-0.1516,0
1.5623,1.7867,-0,1.7179,0.0973,1.4367,0.1947,1.0506,0.292,0.8366,0.3893,0.7128,0.4866,0.6677,0.584,0.6087,0.6813,0.5498,0.7786,0.4514,0.876,0.5672,0.9733,0.3803,1.0706,0.5082,1.1679,0.5189,1.2653,0.5889,1.3626,0.5156,1.4599,0.5156,1.5573,0.2337,1.6546,0.5083,1.7519,0.2702,1.8492,0,-2.9512,0.30755,-2.8037,0.43388,-2.6561,0.43976,-2.5085,0.47844,-2.361,0.38656,-2.2134,0.37763,-2.0659,0.47641,-1.9183,0.42472,-1.7707,0.44445,-1.6232,0.52132,-1.4756,0.502,-1.3281,0.5693,-1.1805,0.63747,-1.0329,0.68591,-0.88537,0.71976,-0.73781,0.79507,-0.59025,0.93941,-0.44268,1.1826,-0.29512,1.4816,-0.14756,0
1.5915,1.7638,-0,1.8703,0.1559,1.2201,0.3117,0.8636,0.4676,0.7142,0.6235,0.5997,0.7794,0.5957,0.9352,0.5625,1.0911,0.6725,1.247,0.6208,1.4029,0.6322,1.5587,0.7489,1.7146,0.5522,1.8705,0.5428,2.0264,0.4933,2.1822,0.5879,2.3381,0.5093,2.494,0.2947,2.6499,0.1668,2.8057,0.2237,2.9616,0,-3.1009,0.32559,-2.9458,0.52777,-2.7908,0.62463,-2.6357,0.56599,-2.4807,0.57919,-2.3257,0.526,-2.1706,0.54734,-2.0156,0.55552,-1.8605,0.53159,-1.7055,0.56197,-1.5504,0.54752,-1.3954,0.6066,-1.2404,0.64239,-1.0853,0.69292,-0.93026,0.76759,-0.77522,0.83253,-0.62018,0.97378,-0.46513,1.2361,-0.31009,1.4674,-0.15504,0
1.5608,1.7173,-0,1.856,0.1562,1.3031,0.3123,0.857,0.4685,0.7543,0.6246,0.7214,0.7808,0.7018,0.937,0.5644,1.0931,0.6228,1.2493,0.5872,1.4054,0.6639,1.5616,0.6332,1.7177,0.6726,1.8739,0.4184,2.0301,0.3079,2.1862,0.3778,2.3424,0.0681,2.4985,0,2.6547,0,2.8109,0,2.967,0,-2.9993,0.30519,-2.8493,0.67682,-2.6994,0.58047,-2.5494,0.48859,-2.3994,0.60466,-2.2495,0.42955,-2.0995,0.55046,-1.9495,0.55698,-1.7996,0.55387,-1.6496,0.56075,-1.4996,0.57653,-1.3497,0.55554,-1.1997,0.57994,-1.0498,0.65756,-0.89979,0.68519,-0.74982,0.78179,-0.59986,0.88317,-0.44989,1.119,-0.29993,1.4959,-0.14996,0
1.553,1.7805,-0,1.7768,0.1055,1.3322,0.2109,1.0041,0.3164,0.7935,0.4218,0.6692,0.5273,0.6038,0.6327,0.5327,0.7382,0.5068,0.8437,0.5444,0.9491,0.5508,1.0546,0.4476,1.16,0.4261,1.2655,0.3396,1.3709,0.4637,1.4764,0.4973,1.5818,0.4189,1.6873,0.5184,1.7928,0.5074,1.8982,0.1136,2.0037,0,-3.0851,0.37632,-2.9309,0.53736,-2.7766,0.49835,-2.6224,0.47176,-2.4681,0.44229,-2.3139,0.52734,-2.1596,0.52032,-2.0053,0.54771,-1.8511,0.5335,-1.6968,0.55011,-1.5426,0.58722,-1.3883,0.62034,-1.2341,0.6636,-1.0798,0.70792,-0.92554,0.75226,-0.77129,0.85279,-0.61703,1.0057,-0.46277,1.2412,-0.30851,1.4702,-0.15426,0
1.5776,1.6375,-0,1.888,0.1502,1.2192,0.3005,0.9308,0.4507,0.8001,0.6009,0.7068,0.7512,0.6541,0.9014,0.5669,1.0516,0.4989,1.2019,0.5353,1.3521,0.5386,1.5023,0.4883,1.6526,0.5471,1.8028,0.4689,1.953,0.4754,2.1033,0.2816,2.2535,0.2551,2.4038,0.3738,2.554,0.3646,2.7042,0.1979,2.8545,0,-2.9709,0.51862,-2.8224,0.56067,-2.6739,0.67862,-2.5253,0.64566,-2.3768,0.56959,-2.2282,0.45345,-2.0797,0.57386,-1.9311,0.47345,-1.7826,0.4958,-1.634,0.46099,-1.4855,0.48876,-1.3369,0.52683,-1.1884,0.64166,-1.0398,0.63119,-0.89128,0.7536,-0.74274,0.79263,-0.59419,0.90055,-0.44564,1.0895,-0.29709,1.4008,-0.14855,0
1.5701,1.7485,-0,1.8512,0.1456,1.2762,0.2913,0.881,0.4369,0.7119,0.5826,0.6511,0.7282,0.6315,0.8739,0.6948,1.0195,0.6016,1.1652,0.6769,1.3108,0.609,1.4565,0.3219,1.6021,0.3469,1.7478,0.399,1.8934,0.0395,2.039,0.2968,2.1847,0.2737,2.3303,0,2.476,0.1521,2.6216,0,2.7673,0,-3.0169,0.46716,-2.8661,0.57222,-2.7152,0.57977,-2.5644,0.60577,-2.4135,0.52961,-2.2627,0.49055,-2.1118,0.51138,-1.961,0.50944,-1.8101,0.5085,-1.6593,0.56939,-1.5085,0.5777,-1.3576,0.56882,-1.2068,0.65981,-1.0559,0.70238,-0.90507,0.72903,-0.75423,0.82603,-0.60338,0.99409,-0.45254,1.2391,-0.30169,1.4739,-0.15085,0
1.6164,1.7837,-0,1.8683,0.1521,1.236,0.3042,0.8695,0.4563,0.6899,0.6084,0.5761,0.7605,0.6187,0.9126,0.6252,1.0647,0.4019,1.2168,0.5365,1.3689,0.7941,1.521,0.7432,1.6731,0.5436,1.8252,0.4268,1.9773,0.7496,2.1294,0.6103,2.2815,0.2685,2.4336,0,2.5857,0.5004,2.7377,0,2.8898,0,-3.0513,0.37326,-2.8988,0.62363,-2.7462,0.63641,-2.5936,0.55586,-2.4411,0.54493,-2.2885,0.55545,-2.1359,0.55676,-1.9834,0.5678,-1.8308,0.58268,-1.6782,0.54639,-1.5257,0.5545,-1.3731,0.64256,-1.2205,0.61047,-1.068,0.66563,-0.9154,0.73925,-0.76284,0.82646,-0.61027,0.99536,-0.4577,1.2501,-0.30513,1.4618,-0.15257,0
1.6368,1.726,-0,1.8756,0.1527,1.2568,0.3055,0.8592,0.4582,0.751,0.611,0.7015,0.7637,0.6952,0.9164,0.5701,1.0692,0.4727,1.2219,0.6062,1.3747,0.6721,1.5274,0.5613,1.6801,0.4401,1.8329,0.2535,1.9856,0.328,2.1384,0.2076,2.2911,0.2497,2.4438,0.1398,2.5966,0.1601,2.7493,0.149,2.9021,0,-2.8204,0.41447,-2.6794,0.58213,-2.5384,0.54275,-2.3974,0.5451,-2.2564,0.51456,-2.1153,0.5199,-1.9743,0.51263,-1.8333,0.4959,-1.6923,0.47101,-1.5512,0.44236,-1.4102,0.47285,-1.2692,0.52085,-1.1282,0.59234,-0.98716,0.65328,-0.84613,0.7348,-0.70511,0.80325,-0.56409,0.862,-0.42307,1.0524,-0.28204,1.4653,-0.14102,0
1.63,1.7456,-0,1.8335,0.1195,1.303,0.2389,0.9409,0.3584,0.7741,0.4779,0.6592,0.5974,0.6683,0.7168,0.5953,0.8363,0.4621,0.9558,0.3644,1.0752,0.3672,1.1947,0.4421,1.3142,0.4734,1.4336,0.4143,1.5531,0.497,1.6726,0.6355,1.7921,0.6731,1.9115,0.5899,2.031,0.3616,2.1505,0.6207,2.2699,0,-3.0973,0.39656,-2.9425,0.55568,-2.7876,0.51219,-2.6327,0.63034,-2.4779,0.41938,-2.323,0.48089,-2.1681,0.4508,-2.0133,0.51903,-1.8584,0.52728,-1.7035,0.49887,-1.5487,0.58142,-1.3938,0.57424,-1.2389,0.59058,-1.0841,0.67873,-0.9292,0.71422,-0.77434,0.7953,-0.61947,0.94131,-0.4646,1.2063,-0.30973,1.4858,-0.15487,0
1.6067,1.784,-0,1.8126,0.1421,1.3685,0.2842,0.9536,0.4263,0.7469,0.5684,0.677,0.7105,0.638,0.8526,0.6394,0.9947,0.539,1.1369,0.5407,1.279,0.3961,1.4211,0.4401,1.5632,0.4146,1.7053,0.4094,1.8474,0.3733,1.9895,0.467,2.1316,0.0631,2.2737,0.1096,2.4158,0,2.5579,0,2.7,0,-2.99,0.44338,-2.8405,0.44785,-2.691,0.52565,-2.5415,0.5459,-2.392,0.5081,-2.2425,0.48278,-2.093,0.47028,-1.9435,0.52346,-1.794,0.5283,-1.6445,0.51699,-1.495,0.55131,-1.3455,0.57612,-1.196,0.63465,-1.0465,0.65963,-0.89699,0.70503,-0.74749,0.81476,-0.59799,0.93815,-0.44849,1.167,-0.299,1.4934,-0.1495,0
1.6244,1.8034,-0,1.5269,0.0731,1.423,0.1461,1.2195,0.2192,0.9848,0.2923,0.8204,0.3653,0.7046,0.4384,0.6246,0.5115,0.5381,0.5845,0.5228,0.6576,0.4542,0.7306,0.4461,0.8037,0.3866,0.8768,0.3368,0.9498,0.3967,1.0229,0.2531,1.096,0.3188,1.169,0.2907,1.2421,0.1721,1.3152,0.138,1.3882,0,-3.0814,0.2759,-2.9273,0.55374,-2.7732,0.57428,-2.6192,0.47068,-2.4651,0.46445,-2.311,0.49362,-2.157,0.4722,-2.0029,0.53945,-1.8488,0.4758,-1.6948,0.56464,-1.5407,0.56066,-1.3866,0.59041,-1.2326,0.62881,-1.0785,0.69673,-0.92442,0.74657,-0.77035,0.8263,-0.61628,0.98578,-0.46221,1.2318,-0.30814,1.4821,-0.15407,0
1.5776,1.7775,-0,1.4521,0.0549,1.3495,0.1097,1.2511,0.1646,1.0708,0.2194,0.8858,0.2743,0.7353,0.3291,0.6548,0.384,0.5752,0.4388,0.5026,0.4937,0.4666,0.5485,0.4245,0.6034,0.337,0.6583,0.3628,0.7131,0.348,0.768,0.2874,0.8228,0.3167,0.8777,0.2809,0.9325,0.0702,0.9874,0.2193,1.0422,0,-2.9107,0.37512,-2.7652,0.5173,-2.6196,0.52157,-2.4741,0.3992,-2.3285,0.36448,-2.183,0.31837,-2.0375,0.39537,-1.8919,0.55364,-1.7464,0.43163,-1.6009,0.50337,-1.4553,0.54264,-1.3098,0.54587,-1.1643,0.5711,-1.0187,0.66208,-0.87321,0.69075,-0.72767,0.78314,-0.58214,0.94904,-0.4366,1.2182,-0.29107,1.5111,-0.14553,0
1.5775,1.7672,-0,1.5602,0.0611,1.3818,0.1222,1.216,0.1834,1.007,0.2445,0.8068,0.3056,0.6986,0.3667,0.5966,0.4279,0.5028,0.489,0.5056,0.5501,0.4434,0.6112,0.4531,0.6724,0.3845,0.7335,0.3552,0.7946,0.3432,0.8557,0.2999,0.9169,0.2767,0.978,0.6926,1.0391,0,1.1002,-0.3403,1.1614,0,-2.913,0.8662,-2.7674,0.69027,-2.6217,0.43782,-2.4761,0.24553,-2.3304,0.42518,-2.1848,0.38639,-2.0391,0.58431,-1.8935,0.55512,-1.7478,0.49756,-1.6022,0.53424,-1.4565,0.56675,-1.3109,0.56298,-1.1652,0.61292,-1.0196,0.66179,-0.8739,0.6875,-0.72825,0.79175,-0.5826,0.92823,-0.43695,1.2028,-0.2913,1.5129,-0.14565,0
1.6243,1.8325,-0,1.4521,0.0536,1.2779,0.1072,1.2085,0.1608,1.065,0.2144,0.9134,0.268,0.7922,0.3216,0.7012,0.3752,0.6104,0.4288,0.5362,0.4824,0.5066,0.536,0.452,0.5896,0.3982,0.6432,0.3754,0.6968,0.3691,0.7504,0.3282,0.804,0.301,0.8576,0.0878,0.9112,0.3876,0.9648,0.2787,1.0184,0,-2.9545,0.61694,-2.8068,0.73998,-2.6591,0.51002,-2.5113,0.50588,-2.3636,0.57825,-2.2159,0.45104,-2.0682,0.4141,-1.9204,0.56712,-1.7727,0.56463,-1.625,0.53051,-1.4773,0.53109,-1.3295,0.58545,-1.1818,0.61644,-1.0341,0.60985,-0.88635,0.70014,-0.73863,0.78827,-0.5909,0.98741,-0.44318,1.2472,-0.29545,1.5002,-0.14773,0
1.612,1.8205,-0,1.5824,0.0774,1.4087,0.1547,1.1906,0.2321,0.9797,0.3095,0.8167,0.3868,0.6801,0.4642,0.5951,0.5416,0.5553,0.619,0.4871,0.6963,0.5124,0.7737,0.4636,0.8511,0.4364,0.9284,0.3841,1.0058,0.3338,1.0832,0.324,1.1605,0.257,1.2379,0.4117,1.3153,0.0712,1.3926,0.1164,1.47,0,-3.0521,0.43724,-2.8995,0.51341,-2.7469,0.54882,-2.5943,0.55467,-2.4416,0.39567,-2.289,0.52295,-2.1364,0.48481,-1.9838,0.54369,-1.8312,0.54428,-1.6786,0.54491,-1.526,0.60293,-1.3734,0.58916,-1.2208,0.60741,-1.0682,0.694,-0.91562,0.70607,-0.76301,0.80587,-0.61041,0.96117,-0.45781,1.2107,-0.30521,1.4849,-0.1526,0
1.6178,1.788,-0,1.4969,0.0542,1.3325,0.1085,1.2225,0.1627,1.0479,0.217,0.8764,0.2712,0.7389,0.3255,0.6287,0.3797,0.5603,0.4339,0.5173,0.4882,0.4523,0.5424,0.4655,0.5967,0.4019,0.6509,0.3874,0.7051,0.3228,0.7594,0.2597,0.8136,0.3369,0.8679,0.3966,0.9221,0.319,0.9764,0.2566,1.0306,0,-2.9137,0.28838,-2.768,0.505,-2.6224,0.54787,-2.4767,0.47575,-2.331,0.50643,-2.1853,0.48664,-2.0396,0.42896,-1.8939,0.54708,-1.7482,0.5245,-1.6025,0.48545,-1.4569,0.527,-1.3112,0.5785,-1.1655,0.6305,-1.0198,0.65521,-0.87412,0.68234,-0.72843,0.77985,-0.58275,0.9598,-0.43706,1.229,-0.29137,1.5035,-0.14569,0
1.6188,1.821,-0,1.497,0.0691,1.4164,0.1382,1.2264,0.2072,1.0091,0.2763,0.8262,0.3454,0.718,0.4145,0.6498,0.4836,0.5818,0.5526,0.5231,0.6217,0.5039,0.6908,0.4791,0.7599,0.4787,0.829,0.4519,0.898,0.4406,0.9671,0.4883,1.0362,0.4532,1.1053,0.4521,1.1744,0.381,1.2434,0.3055,1.3125,0,-3.01,0.37104,-2.8595,0.47411,-2.709,0.49615,-2.5585,0.38391,-2.408,0.39828,-2.2575,0.42273,-2.107,0.44177,-1.9565,0.56948,-1.806,0.45885,-1.6555,0.51041,-1.505,0.54023,-1.3545,0.60031,-1.204,0.64868,-1.0535,0.67905,-0.903,0.73808,-0.7525,0.80836,-0.602,0.97178,-0.4515,1.1898,-0.301,1.4711,-0.1505,0
1.6116,1.8253,-0,1.5492,0.0756,1.3873,0.1511,1.2028,0.2267,0.997,0.3022,0.8376,0.3778,0.7331,0.4534,0.6389,0.5289,0.5889,0.6045,0.5462,0.68,0.5203,0.7556,0.4068,0.8311,0.46,0.9067,0.412,0.9823,0.4539,1.0578,0.2216,1.1334,0.1929,1.2089,0.3368,1.2845,0.2106,1.3601,0,1.4356,0,-2.9967,0.36489,-2.8469,0.41898,-2.697,0.41999,-2.5472,0.52483,-2.3974,0.47402,-2.2475,0.48858,-2.0977,0.42697,-1.9479,0.5401,-1.798,0.52107,-1.6482,0.60049,-1.4984,0.53279,-1.3485,0.61347,-1.1987,0.64505,-1.0489,0.71261,-0.89901,0.73181,-0.74918,0.84975,-0.59934,0.99347,-0.44951,1.2248,-0.29967,1.4666,-0.14984,0
1.6293,1.7831,-0,1.496,0.0435,1.2857,0.0871,1.1625,0.1306,1.0381,0.1741,0.9035,0.2176,0.777,0.2612,0.6818,0.3047,0.6021,0.3482,0.5291,0.3918,0.489,0.4353,0.4479,0.4788,0.4118,0.5223,0.3487,0.5659,0.2892,0.6094,0.2493,0.6529,0.1845,0.6964,0.31,0.74,0.1787,0.7835,0.0776,0.827,0,-3.0573,0.56776,-2.9045,0.56258,-2.7516,0.51082,-2.5987,0.47746,-2.4459,0.52647,-2.293,0.4298,-2.1401,0.57485,-1.9873,0.54871,-1.8344,0.59783,-1.6815,0.54397,-1.5287,0.45948,-1.3758,0.56118,-1.2229,0.56873,-1.0701,0.62751,-0.9172,0.67311,-0.76434,0.7738,-0.61147,0.90087,-0.4586,1.1728,-0.30573,1.5218,-0.15287,0
1.6473,1.803,-0,1.6789,0.1073,1.4458,0.2146,1.116,0.3219,0.884,0.4292,0.7288,0.5365,0.6343,0.6438,0.5768,0.7511,0.5475,0.8584,0.4649,0.9658,0.4545,1.0731,0.5012,1.1804,0.1919,1.2877,0.0531,1.395,0,1.5023,-0.0086,1.6096,0,1.7169,-0.3403,1.8242,-0.0666,1.9315,0,2.0388,0,-3.0649,0.36388,-2.9117,0.49037,-2.7585,0.52569,-2.6052,0.5522,-2.452,0.43173,-2.2987,0.46249,-2.1455,0.53974,-1.9922,0.58723,-1.839,0.57067,-1.6857,0.58745,-1.5325,0.5881,-1.3792,0.56992,-1.226,0.61793,-1.0727,0.68089,-0.91948,0.72022,-0.76624,0.81076,-0.61299,0.95657,-0.45974,1.2159,-0.30649,1.492,-0.15325,0
1.5623,1.8329,-0,1.3934,0.0623,1.3626,0.1246,1.2492,0.187,1.0729,0.2493,0.9058,0.3116,0.782,0.3739,0.673,0.4362,0.6126,0.4986,0.5623,0.5609,0.5508,0.6232,0.4897,0.6855,0.4691,0.7478,0.4741,0.8101,0.3928,0.8725,0.4162,0.9348,0.3237,0.9971,0.4566,1.0594,0.3477,1.1217,0.2912,1.1841,0,-2.9508,0.46578,-2.8032,0.50729,-2.6557,0.48481,-2.5081,0.53074,-2.3606,0.50251,-2.2131,0.32423,-2.0655,0.47462,-1.918,0.53642,-1.7705,0.50858,-1.6229,0.59934,-1.4754,0.56597,-1.3278,0.57349,-1.1803,0.65366,-1.0328,0.65262,-0.88523,0.71865,-0.73769,0.81197,-0.59015,0.98602,-0.44261,1.1972,-0.29508,1.4656,-0.14754,0
1.5915,1.7849,-0,1.6611,0.0864,1.4489,0.1728,1.1448,0.2592,0.8898,0.3456,0.7303,0.4321,0.6174,0.5185,0.5534,0.6049,0.4831,0.6913,0.495,0.7777,0.3249,0.8641,0.3246,0.9505,0.4912,1.0369,0.3185,1.1234,0.3197,1.2098,0,1.2962,0,1.3826,0,1.469,0,1.5554,0,1.6418,0,-2.9771,0.64234,-2.8282,0.64217,-2.6794,0.5589,-2.5305,0.45413,-2.3817,0.44659,-2.2328,0.48767,-2.084,0.5383,-1.9351,0.54931,-1.7863,0.54522,-1.6374,0.60413,-1.4885,0.55192,-1.3397,0.56979,-1.1908,0.58741,-1.042,0.60188,-0.89313,0.67695,-0.74427,0.7597,-0.59542,0.87012,-0.44656,1.1447,-0.29771,1.5151,-0.14885,0
1.5608,1.8041,-0,1.5953,0.0887,1.49,0.1774,1.191,0.2661,0.9076,0.3549,0.7536,0.4436,0.659,0.5323,0.5845,0.621,0.5265,0.7097,0.5115,0.7984,0.3905,0.8872,0.5336,0.9759,0.3745,1.0646,0.2191,1.1533,0.3061,1.242,0.3979,1.3307,0.1601,1.4195,0.2616,1.5082,0.362,1.5969,0,1.6856,0,-2.9016,0.36713,-2.7565,0.52467,-2.6114,0.67285,-2.4663,0.73193,-2.3213,0.38486,-2.1762,0.40013,-2.0311,0.69045,-1.886,0.4011,-1.7409,0.56053,-1.5959,0.57176,-1.4508,0.54325,-1.3057,0.59026,-1.1606,0.59673,-1.0156,0.66243,-0.87047,0.69506,-0.72539,0.77229,-0.58031,0.92276,-0.43524,1.1582,-0.29016,1.5033,-0.14508,0
1.553,1.7848,-0,1.5291,0.0743,1.4643,0.1486,1.2297,0.2228,0.9811,0.2971,0.7891,0.3714,0.6805,0.4457,0.5877,0.52,0.5391,0.5943,0.4878,0.6685,0.4369,0.7428,0.4189,0.8171,0.428,0.8914,0.3464,0.9657,0.3961,1.04,0.3826,1.1142,0.237,1.1885,0.3092,1.2628,0.3013,1.3371,0,1.4114,0,-2.8275,0.53904,-2.6861,0.5506,-2.5447,0.60888,-2.4034,0.63191,-2.262,0.48987,-2.1206,0.55977,-1.9792,0.37312,-1.8379,0.48023,-1.6965,0.47259,-1.5551,0.46615,-1.4137,0.58431,-1.2724,0.55845,-1.131,0.58956,-0.98962,0.63932,-0.84824,0.72539,-0.70687,0.8133,-0.5655,0.95094,-0.42412,1.1873,-0.28275,1.5083,-0.14137,0
1.5776,1.7028,-0,1.4261,0.0424,1.4143,0.0849,1.2892,0.1273,1.0868,0.1697,0.9004,0.2121,0.7427,0.2546,0.6468,0.297,0.5593,0.3394,0.5026,0.3819,0.457,0.4243,0.4354,0.4667,0.395,0.5091,0.3691,0.5516,0.2996,0.594,0.2632,0.6364,0.3185,0.6788,0.2847,0.7213,0.5313,0.7637,0.4149,0.8061,0,-1.0755,0.40796,-1.0218,0.29221,-0.96798,0.51844,-0.91421,0.30692,-0.86043,0.36515,-0.80665,0.49435,-0.75288,0.45251,-0.6991,0.35205,-0.64532,0.43756,-0.59154,0.42542,-0.53777,0.49917,-0.48399,0.50951,-0.43021,0.58188,-0.37644,0.6637,-0.32266,0.77521,-0.26888,0.90459,-0.21511,1.1076,-0.16133,1.3333,-0.10755,1.4373,-0.053777,0
1.5701,1.7088,-0,1.5005,0.0473,1.4622,0.0945,1.2741,0.1418,1.0156,0.189,0.817,0.2363,0.6822,0.2835,0.5629,0.3308,0.5055,0.378,0.4405,0.4253,0.3716,0.4725,0.3803,0.5198,0.4527,0.567,0.2986,0.6143,0.1841,0.6615,0.1316,0.7088,0.2288,0.756,0.0758,0.8033,0,0.8505,0,0.8978,0,-1.9815,0.31148,-1.8825,0,-1.7834,0,-1.6843,0,-1.5852,0.41559,-1.4862,0.53361,-1.3871,0.57554,-1.288,0.60313,-1.1889,0.36414,-1.0898,0.29992,-0.99077,0.43735,-0.89169,0.4373,-0.79261,0.57973,-0.69354,0.6166,-0.59446,0.64222,-0.49538,0.72916,-0.39631,0.88005,-0.29723,1.1455,-0.19815,1.5379,-0.099077,0
1.6164,1.7505,-0,1.5191,0.0573,1.4607,0.1147,1.2258,0.172,0.9816,0.2294,0.8184,0.2867,0.7073,0.344,0.6029,0.4014,0.5392,0.4587,0.5007,0.516,0.4536,0.5734,0.4427,0.6307,0.4159,0.6881,0.3267,0.7454,0.2914,0.8027,0.3064,0.8601,0.2216,0.9174,0.3298,0.9748,0.2343,1.0321,0.5399,1.0894,0,-2.7611,0.70228,-2.623,0,-2.485,0.6763,-2.3469,0.31215,-2.2088,0,-2.0708,0.35816,-1.9327,0.43358,-1.7947,0.36664,-1.6566,0.39611,-1.5186,0.39871,-1.3805,0.5561,-1.2425,0.52908,-1.1044,0.49821,-0.96637,0.5714,-0.82832,0.65768,-0.69026,0.72805,-0.55221,0.88202,-0.41416,1.1258,-0.27611,1.5032,-0.13805,0
1.6368,1.7892,-0,1.5943,0.0797,1.4853,0.1595,1.1918,0.2392,0.9354,0.3189,0.7472,0.3986,0.6345,0.4784,0.5624,0.5581,0.4781,0.6378,0.4566,0.7176,0.3766,0.7973,0.4946,0.877,0.3392,0.9568,0.3789,1.0365,0.4434,1.1162,0,1.1959,0.2061,1.2757,0.3604,1.3554,0.1164,1.4351,0,1.5149,0,-2.8306,0.54067,-2.6891,0.69109,-2.5475,0.54355,-2.406,0.25481,-2.2645,0.1669,-2.123,0.23174,-1.9814,0.41532,-1.8399,0.54081,-1.6984,0.3889,-1.5568,0.34086,-1.4153,0.50023,-1.2738,0.57201,-1.1322,0.5828,-0.99071,0.66912,-0.84918,0.6977,-0.70765,0.74425,-0.56612,0.89275,-0.42459,1.126,-0.28306,1.5092,-0.14153,0
1.63,1.7443,-0,1.3957,0.0377,1.38,0.0754,1.283,0.1132,1.1001,0.1509,0.9109,0.1886,0.7591,0.2263,0.6429,0.264,0.5511,0.3017,0.5151,0.3395,0.4917,0.3772,0.4445,0.4149,0.3932,0.4526,0.3652,0.4903,0.3834,0.528,0.2979,0.5658,0.3344,0.6035,0.3791,0.6412,0.2482,0.6789,0.0881,0.7166,0,-0.9943,0.29399,-0.94459,0.14794,-0.89487,0.44236,-0.84516,0.24575,-0.79544,0.44196,-0.74573,0.39439,-0.69601,0.38683,-0.6463,0.36963,-0.59658,0.41528,-0.54687,0.45969,-0.49715,0.48373,-0.44744,0.53359,-0.39772,0.6053,-0.34801,0.68037,-0.29829,0.78099,-0.24858,0.93327,-0.19886,1.1375,-0.14915,1.3322,-0.09943,1.4068,-0.049715,0
1.6067,1.7256,-0,1.4402,0.0448,1.4305,0.0895,1.2853,0.1343,1.0542,0.179,0.8614,0.2238,0.7222,0.2685,0.6356,0.3133,0.5655,0.358,0.4882,0.4028,0.4478,0.4475,0.408,0.4923,0.4285,0.5371,0.3962,0.5818,0.4832,0.6266,0.3986,0.6713,0.4518,0.7161,0.3207,0.7608,0.3419,0.8056,0.3463,0.8503,0,-1.8565,0.63028,-1.7637,0.43408,-1.6708,0,-1.578,0.61291,-1.4852,0.40483,-1.3924,0.56284,-1.2995,0.39247,-1.2067,0.56412,-1.1139,0.43008,-1.0211,0.43084,-0.92824,0.44615,-0.83541,0.5803,-0.74259,0.56871,-0.64977,0.60201,-0.55694,0.67894,-0.46412,0.77212,-0.37129,0.92714,-0.27847,1.189,-0.18565,1.5281,-0.092824,0
1.6124,1.8148,-0,1.8101,0.1568,1.2779,0.3137,0.9734,0.4705,0.8098,0.6273,0.7205,0.7842,0.671,0.941,0.5553,1.0978,0.5032,1.2546,0.5156,1.4115,0.4792,1.5683,0.4395,1.7251,0.3803,1.882,0.5012,2.0388,0.4321,2.1956,0.3092,2.3525,0.3321,2.5093,0.3108,2.6661,0.1765,2.8229,0.3234,2.9798,0,-3.1297,0.3176,-2.9732,0.52722,-2.8168,0.56705,-2.6603,0.58106,-2.5038,0.56372,-2.3473,0.54311,-2.1908,0.54402,-2.0343,0.53408,-1.8778,0.54051,-1.7214,0.56754,-1.5649,0.5875,-1.4084,0.64773,-1.2519,0.70161,-1.0954,0.74147,-0.93892,0.8129,-0.78243,0.89121,-0.62595,1.0336,-0.46946,1.2115,-0.31297,1.3395,-0.15649,0
1.7438,1.7798,-0,1.8105,0.1492,1.3265,0.2983,1.0431,0.4475,0.8549,0.5966,0.7229,0.7458,0.6323,0.8949,0.5791,1.0441,0.5025,1.1932,0.476,1.3424,0.4573,1.4915,0.3792,1.6407,0.3255,1.7898,0.0571,1.939,0.1613,2.0881,-0.0214,2.2373,0.0027,2.3864,0.0681,2.5356,0,2.6848,0,2.8339,0,-3.0505,0.20194,-2.898,0.54065,-2.7455,0.40759,-2.5929,0.45623,-2.4404,0.42304,-2.2879,0.47953,-2.1354,0.52475,-1.9828,0.577,-1.8303,0.43844,-1.6778,0.41405,-1.5253,0.4906,-1.3727,0.58107,-1.2202,0.6594,-1.0677,0.69652,-0.91515,0.77267,-0.76263,0.84964,-0.6101,0.99783,-0.45758,1.1957,-0.30505,1.4593,-0.15253,0
1.6807,1.8021,-0,1.8186,0.1569,1.2838,0.3138,0.9979,0.4707,0.8419,0.6276,0.7138,0.7846,0.6388,0.9415,0.5771,1.0984,0.5433,1.2553,0.5035,1.4122,0.5371,1.5691,0.4915,1.726,0.4188,1.8829,0.4158,2.0398,0.2777,2.1968,0.4877,2.3537,0.2555,2.5106,0.3142,2.6675,0.2134,2.8244,0.1602,2.9813,0,-3.1103,0.27376,-2.9548,0.5167,-2.7993,0.55802,-2.6438,0.50424,-2.4882,0.51484,-2.3327,0.50092,-2.1772,0.48779,-2.0217,0.52469,-1.8662,0.5516,-1.7107,0.5027,-1.5552,0.55458,-1.3996,0.58747,-1.2441,0.69052,-1.0886,0.75479,-0.93309,0.77866,-0.77758,0.88662,-0.62206,1.0139,-0.46655,1.1959,-0.31103,1.4216,-0.15552,0
1.6791,1.8045,-0,1.8163,0.154,1.2909,0.308,0.9874,0.462,0.8319,0.616,0.7011,0.77,0.6248,0.924,0.5518,1.078,0.5358,1.232,0.5539,1.3859,0.5329,1.5399,0.5529,1.6939,0.4837,1.8479,0.4166,2.0019,0.4267,2.1559,0.3701,2.3099,0.2595,2.4639,0.3919,2.6179,0.27,2.7719,0.1815,2.9259,0,-3.0696,0.4229,-2.9161,0.50347,-2.7627,0.5483,-2.6092,0.55331,-2.4557,0.55343,-2.3022,0.51831,-2.1487,0.54583,-1.9952,0.53733,-1.8418,0.51291,-1.6883,0.54369,-1.5348,0.56659,-1.3813,0.6526,-1.2278,0.6831,-1.0744,0.72339,-0.92088,0.77637,-0.7674,0.86005,-0.61392,1,-0.46044,1.1919,-0.30696,1.411,-0.15348,0
1.6351,1.7987,-0,1.789,0.1307,1.3466,0.2614,0.9861,0.3921,0.8085,0.5228,0.705,0.6535,0.6397,0.7842,0.578,0.9148,0.5403,1.0455,0.4936,1.1762,0.4965,1.3069,0.512,1.4376,0.5169,1.5683,0.4912,1.699,0.469,1.8297,0.3859,1.9604,0.1297,2.0911,0,2.2218,0,2.3525,0,2.4832,0,-3.0442,0.37486,-2.892,0.43151,-2.7397,0.51534,-2.5875,0.50242,-2.4353,0.4862,-2.2831,0.52734,-2.1309,0.57121,-1.9787,0.52778,-1.8265,0.51527,-1.6743,0.56829,-1.5221,0.59077,-1.3699,0.64131,-1.2177,0.67921,-1.0655,0.74938,-0.91325,0.77856,-0.76104,0.87516,-0.60883,1.0033,-0.45662,1.2276,-0.30442,1.4081,-0.15221,0
1.5967,1.8171,-0,1.8184,0.1559,1.2519,0.3117,0.946,0.4676,0.7896,0.6235,0.6858,0.7794,0.6153,0.9352,0.5635,1.0911,0.5762,1.247,0.5845,1.4029,0.5981,1.5587,0.5653,1.7146,0.5827,1.8705,0.5124,2.0264,0.2632,2.1822,0.3803,2.3381,0.2425,2.494,0.1531,2.6499,0,2.8057,0.0231,2.9616,0,-3.1108,0.38879,-2.9552,0.48696,-2.7997,0.57743,-2.6442,0.56463,-2.4886,0.51301,-2.3331,0.52106,-2.1775,0.54807,-2.022,0.54757,-1.8665,0.55169,-1.7109,0.56611,-1.5554,0.63738,-1.3998,0.64634,-1.2443,0.72178,-1.0888,0.76345,-0.93323,0.80512,-0.77769,0.91069,-0.62215,1.0355,-0.46662,1.2034,-0.31108,1.3228,-0.15554,0
1.7182,1.761,-0,1.6972,0.0979,1.4109,0.1958,1.0908,0.2936,0.8769,0.3915,0.7488,0.4894,0.6782,0.5873,0.6234,0.6851,0.5691,0.783,0.5311,0.8809,0.4771,0.9788,0.4601,1.0766,0.4118,1.1745,0.4295,1.2724,0.4081,1.3703,0.3482,1.4681,0.3495,1.566,0.2013,1.6639,0.1802,1.7618,0.2805,1.8596,0,-3.0733,0.58985,-2.9196,0.40024,-2.7659,0.45281,-2.6123,0.43911,-2.4586,0.48008,-2.305,0.48864,-2.1513,0.52817,-1.9976,0.49867,-1.844,0.48464,-1.6903,0.4665,-1.5366,0.53499,-1.383,0.60652,-1.2293,0.66323,-1.0756,0.74236,-0.92198,0.77729,-0.76832,0.86919,-0.61465,0.98553,-0.46099,1.1781,-0.30733,1.4627,-0.15366,0
1.7146,1.7767,-0,1.7956,0.1498,1.3556,0.2996,0.9983,0.4494,0.7998,0.5992,0.6928,0.749,0.6429,0.8988,0.5571,1.0486,0.5466,1.1984,0.5273,1.3482,0.5271,1.498,0.4906,1.6478,0.4139,1.7976,0.3981,1.9474,0.4401,2.0972,0.2185,2.247,0.484,2.3968,0.2583,2.5466,0.3096,2.6963,0.2427,2.8461,0,-3.0206,0.49815,-2.8696,0.4072,-2.7185,0.41739,-2.5675,0.40758,-2.4165,0.50234,-2.2654,0.54956,-2.1144,0.51826,-1.9634,0.54102,-1.8123,0.54039,-1.6613,0.54712,-1.5103,0.55792,-1.3593,0.60369,-1.2082,0.67387,-1.0572,0.72892,-0.90617,0.74876,-0.75515,0.84247,-0.60412,0.99248,-0.45309,1.1804,-0.30206,1.4593,-0.15103,0
1.6163,1.8283,-0,1.7924,0.1497,1.2777,0.2994,0.9937,0.4491,0.802,0.5987,0.7015,0.7484,0.6493,0.8981,0.6175,1.0478,0.5465,1.1975,0.5283,1.3472,0.5269,1.4969,0.4854,1.6466,0.4575,1.7962,0.3694,1.9459,0.3744,2.0956,0.2724,2.2453,0.2557,2.395,0.2302,2.5447,0.1266,2.6944,0.3711,2.844,0,-3.1117,0.44913,-2.9561,0.51559,-2.8006,0.55751,-2.645,0.56764,-2.4894,0.57008,-2.3338,0.55711,-2.1782,0.56961,-2.0226,0.56582,-1.867,0.58561,-1.7114,0.57674,-1.5559,0.60274,-1.4003,0.64956,-1.2447,0.69656,-1.0891,0.74432,-0.93352,0.79336,-0.77793,0.89027,-0.62234,1.0435,-0.46676,1.1946,-0.31117,1.3179,-0.15559,0
1.6144,1.7972,-0,1.809,0.1519,1.2907,0.3039,0.9862,0.4558,0.8212,0.6077,0.7131,0.7597,0.6481,0.9116,0.6022,1.0636,0.5684,1.2155,0.5156,1.3674,0.4824,1.5194,0.5308,1.6713,0.4203,1.8232,0.4608,1.9752,0.1454,2.1271,0.2823,2.2791,0.3175,2.431,0,2.5829,0.2907,2.7349,0,2.8868,0,-3.0902,0.43275,-2.9357,0.44256,-2.7812,0.52819,-2.6267,0.50775,-2.4722,0.50779,-2.3177,0.49594,-2.1632,0.49901,-2.0086,0.51566,-1.8541,0.50874,-1.6996,0.53508,-1.5451,0.5914,-1.3906,0.63393,-1.2361,0.69136,-1.0816,0.7451,-0.92707,0.79768,-0.77256,0.87888,-0.61805,1.0358,-0.46353,1.2385,-0.30902,1.3845,-0.15451,0
1.6943,1.8211,-0,1.8075,0.148,1.3048,0.296,0.9944,0.4439,0.8294,0.5919,0.7084,0.7399,0.672,0.8879,0.5958,1.0358,0.5924,1.1838,0.5759,1.3318,0.489,1.4798,0.4953,1.6277,0.4242,1.7757,0.3597,1.9237,0.2824,2.0717,0.2367,2.2197,0.3012,2.3676,0.0631,2.5156,0.1965,2.6636,0.0042,2.8116,0,-3.059,0.31665,-2.906,0.49178,-2.7531,0.4979,-2.6001,0.48807,-2.4472,0.51254,-2.2942,0.51729,-2.1413,0.51931,-1.9883,0.57231,-1.8354,0.52119,-1.6824,0.54083,-1.5295,0.60533,-1.3765,0.6536,-1.2236,0.67783,-1.0706,0.71436,-0.91769,0.77846,-0.76474,0.86894,-0.6118,0.9977,-0.45885,1.1834,-0.3059,1.4355,-0.15295,0
1.693,1.7899,-0,1.8172,0.1545,1.2941,0.309,0.9653,0.4635,0.7918,0.618,0.7454,0.7726,0.707,0.9271,0.6398,1.0816,0.5578,1.2361,0.562,1.3906,0.4867,1.5451,0.4291,1.6996,0.4535,1.8541,0.2793,2.0086,0.2534,2.1631,0.2847,2.3177,0.065,2.4722,-0.0489,2.6267,0.2969,2.7812,0.1601,2.9357,0,-2.9506,0.3988,-2.803,0.48682,-2.6555,0.4096,-2.508,0.45885,-2.3605,0.48996,-2.2129,0.46717,-2.0654,0.51407,-1.9179,0.52517,-1.7703,0.48784,-1.6228,0.55246,-1.4753,0.55054,-1.3278,0.5883,-1.1802,0.67364,-1.0327,0.73017,-0.88517,0.78238,-0.73764,0.87345,-0.59011,1.0003,-0.44259,1.1991,-0.29506,1.4401,-0.14753,0
1.6975,1.7784,-0,1.7943,0.148,1.3301,0.296,0.9946,0.4441,0.8281,0.5921,0.7362,0.7401,0.6595,0.8881,0.6092,1.0362,0.5787,1.1842,0.5356,1.3322,0.5069,1.4802,0.408,1.6283,0.3564,1.7763,0.4395,1.9243,0.3754,2.0723,0.3454,2.2203,0.3156,2.3684,0.4187,2.5164,0.2157,2.6644,0,2.8124,0,-3.0617,0.32213,-2.9086,0.48744,-2.7555,0.47509,-2.6025,0.40307,-2.4494,0.48691,-2.2963,0.51458,-2.1432,0.51517,-1.9901,0.53951,-1.837,0.47294,-1.6839,0.49439,-1.5309,0.53777,-1.3778,0.59628,-1.2247,0.67688,-1.0716,0.73564,-0.91851,0.78519,-0.76543,0.87105,-0.61234,0.99886,-0.45926,1.1955,-0.30617,1.4543,-0.15309,0
1.5822,1.8369,-0,1.7093,0.1473,1.4167,0.2946,1.067,0.4419,0.8372,0.5892,0.7404,0.7365,0.6267,0.8837,0.5327,1.031,0.5152,1.1783,0.446,1.3256,0.4721,1.4729,0.5319,1.6202,0.4457,1.7675,0.4045,1.9148,0.3405,2.0621,0.3282,2.2094,0.4113,2.3567,0.1329,2.504,0.1086,2.6512,0.4567,2.7985,0,-2.9926,0.37869,-2.8429,0.41662,-2.6933,0.51741,-2.5437,0.56339,-2.394,0.52894,-2.2444,0.53483,-2.0948,0.55773,-1.9452,0.57678,-1.7955,0.57063,-1.6459,0.5746,-1.4963,0.60717,-1.3466,0.63319,-1.197,0.69029,-1.0474,0.77717,-0.89777,0.83281,-0.74814,0.92787,-0.59851,1.0509,-0.44888,1.1927,-0.29926,1.3357,-0.14963,0
1.6658,1.8214,-0,1.7802,0.1538,1.345,0.3076,1.0245,0.4615,0.8497,0.6153,0.7279,0.7691,0.6623,0.9229,0.6753,1.0767,0.5967,1.2305,0.5518,1.3844,0.5251,1.5382,0.4923,1.692,0.3142,1.8458,0.333,1.9996,0.2513,2.1534,0.4268,2.3073,0.4655,2.4611,0.4354,2.6149,0.0788,2.7687,0.7314,2.9225,0,-2.9804,0.44612,-2.8314,0.44186,-2.6823,0.45033,-2.5333,0.4686,-2.3843,0.51784,-2.2353,0.47674,-2.0863,0.54538,-1.9372,0.52166,-1.7882,0.52438,-1.6392,0.51393,-1.4902,0.58065,-1.3412,0.62798,-1.1922,0.70324,-1.0431,0.73311,-0.89412,0.80429,-0.7451,0.89547,-0.59608,1.0498,-0.44706,1.2375,-0.29804,1.4202,-0.14902,0
1.693,1.7659,-0,1.836,0.1489,1.2693,0.2977,0.955,0.4466,0.8221,0.5955,0.7232,0.7444,0.6224,0.8932,0.5604,1.0421,0.576,1.191,0.5179,1.3399,0.5352,1.4887,0.4852,1.6376,0.3453,1.7865,0.2916,1.9353,0.4487,2.0842,0.4879,2.2331,0,2.382,0,2.5308,0.2666,2.6797,0.199,2.8286,0,-3.069,0.44078,-2.9156,0.43801,-2.7621,0.50443,-2.6087,0.48831,-2.4552,0.52947,-2.3018,0.48906,-2.1483,0.48435,-1.9949,0.50652,-1.8414,0.50395,-1.688,0.55598,-1.5345,0.55797,-1.3811,0.6379,-1.2276,0.65295,-1.0742,0.7098,-0.92071,0.75341,-0.76726,0.86692,-0.61381,1.004,-0.46036,1.2136,-0.3069,1.454,-0.15345,0
1.7324,1.7615,-0,1.8072,0.1504,1.3251,0.3008,1.005,0.4512,0.8391,0.6016,0.7626,0.752,0.697,0.9024,0.6126,1.0528,0.5981,1.2032,0.542,1.3536,0.4735,1.504,0.4607,1.6544,0.4113,1.8048,0.3806,1.9552,0.2841,2.1056,0.2238,2.256,0.1559,2.4064,0.2698,2.5568,0.2424,2.7072,0,2.8576,0,-2.9757,0.41451,-2.827,0.49482,-2.6782,0.44764,-2.5294,0.45629,-2.3806,0.45543,-2.2318,0.46146,-2.083,0.49498,-1.9342,0.51277,-1.7854,0.49719,-1.6367,0.52114,-1.4879,0.57345,-1.3391,0.62518,-1.1903,0.68579,-1.0415,0.72129,-0.89272,0.802,-0.74393,0.89882,-0.59515,1.0055,-0.44636,1.194,-0.29757,1.4441,-0.14879,0
1.6697,1.7953,-0,1.8057,0.1562,1.3109,0.3125,0.9585,0.4687,0.7993,0.6249,0.7036,0.7812,0.6158,0.9374,0.6014,1.0937,0.5531,1.2499,0.5237,1.4061,0.5007,1.5624,0.4602,1.7186,0.3791,1.8748,0.3942,2.0311,0.469,2.1873,0.2366,2.3436,0.1436,2.4998,0.1176,2.656,0.2421,2.8123,0.3358,2.9685,0,-3.1001,0.34434,-2.9451,0.42391,-2.7901,0.55086,-2.6351,0.53456,-2.48,0.47317,-2.325,0.50423,-2.17,0.5035,-2.015,0.51892,-1.86,0.52757,-1.705,0.52012,-1.55,0.5504,-1.395,0.61324,-1.24,0.68279,-1.085,0.72309,-0.93002,0.7619,-0.77502,0.84382,-0.62001,0.99893,-0.46501,1.2095,-0.31001,1.4369,-0.155,0
1.705,1.7859,-0,1.7514,0.1217,1.3856,0.2435,1.0354,0.3652,0.8579,0.487,0.7369,0.6087,0.6689,0.7305,0.5974,0.8522,0.5658,0.974,0.531,1.0957,0.4281,1.2174,0.4308,1.3392,0.3982,1.4609,0.3349,1.5827,0.0359,1.7044,0.3541,1.8262,0.1909,1.9479,0.3126,2.0696,0.3853,2.1914,0.2777,2.3131,0,-3.0088,0.39345,-2.8583,0.39245,-2.7079,0.50813,-2.5574,0.464,-2.407,0.49724,-2.2566,0.51148,-2.1061,0.52256,-1.9557,0.55666,-1.8053,0.48114,-1.6548,0.52639,-1.5044,0.57013,-1.3539,0.6147,-1.2035,0.64952,-1.0531,0.70657,-0.90263,0.77467,-0.75219,0.8779,-0.60175,1.0189,-0.45131,1.214,-0.30088,1.4602,-0.15044,0
1.6796,1.7566,-0,1.7965,0.131,1.3481,0.262,0.9747,0.3931,0.7688,0.5241,0.6832,0.6551,0.6371,0.7861,0.5629,0.9171,0.5295,1.0482,0.5266,1.1792,0.474,1.3102,0.5876,1.4412,0.4502,1.5723,0.5225,1.7033,0.4716,1.8343,0.3249,1.9653,0.2737,2.0963,0.1181,2.2274,0,2.3584,0,2.4894,0,-2.9445,0.4181,-2.7972,0.58652,-2.65,0.48759,-2.5028,0.40818,-2.3556,0.47173,-2.2084,0.48662,-2.0611,0.50701,-1.9139,0.51865,-1.7667,0.51679,-1.6195,0.56092,-1.4722,0.60851,-1.325,0.63732,-1.1778,0.6944,-1.0306,0.7207,-0.88334,0.78897,-0.73612,0.87613,-0.58889,1.0053,-0.44167,1.2094,-0.29445,1.4465,-0.14722,0
1.6244,1.7643,-0,1.548,0.0508,1.2947,0.1016,1.1793,0.1524,1.041,0.2032,0.8766,0.2541,0.7499,0.3049,0.6581,0.3557,0.5908,0.4065,0.5344,0.4573,0.4857,0.5081,0.4681,0.5589,0.4249,0.6097,0.425,0.6605,0.4003,0.7113,0.4507,0.7622,0.5843,0.813,0.3818,0.8638,0.4232,0.9146,0,0.9654,0,-2.9647,0.30633,-2.8164,0.48131,-2.6682,0.49175,-2.52,0.62342,-2.3717,0.46719,-2.2235,0.24739,-2.0753,0.35263,-1.927,0.57952,-1.7788,0.54675,-1.6306,0.59152,-1.4823,0.50411,-1.3341,0.62671,-1.1859,0.5806,-1.0376,0.58465,-0.88941,0.6816,-0.74117,0.74606,-0.59294,0.89696,-0.4447,1.1511,-0.29647,1.4993,-0.14823,0
1.5776,1.8189,-0,1.5668,0.0592,1.2844,0.1185,1.1761,0.1777,1.0393,0.2369,0.8816,0.2962,0.7467,0.3554,0.6551,0.4146,0.5832,0.4739,0.5214,0.5331,0.5059,0.5923,0.5096,0.6516,0.5567,0.7108,0.484,0.77,0.4721,0.8293,0.5608,0.8885,0.3728,0.9477,0.116,1.007,0.1698,1.0662,0.2203,1.1254,0,-3.003,0.5315,-2.8529,0.50474,-2.7027,0.44505,-2.5526,0.3026,-2.4024,0.44259,-2.2523,0.54076,-2.1021,0.46296,-1.952,0.51741,-1.8018,0.49688,-1.6517,0.54765,-1.5015,0.5048,-1.3514,0.57947,-1.2012,0.64187,-1.0511,0.65667,-0.9009,0.68106,-0.75075,0.77941,-0.6006,0.93315,-0.45045,1.1956,-0.3003,1.4944,-0.15015,0
1.5775,1.8056,-0,1.6553,0.0751,1.3328,0.1502,1.1574,0.2253,0.9652,0.3004,0.8242,0.3755,0.6973,0.4506,0.5919,0.5257,0.5371,0.6008,0.4571,0.6759,0.4435,0.751,0.369,0.8261,0.4842,0.9012,0.4236,0.9763,0.4918,1.0515,0.4007,1.1266,0.5124,1.2017,0,1.2768,0,1.3519,0,1.427,0,-3.0184,0.40936,-2.8675,0.60457,-2.7166,0.61027,-2.5656,0.49264,-2.4147,0.42655,-2.2638,0.47749,-2.1129,0.4881,-1.962,0.51983,-1.811,0.5325,-1.6601,0.51515,-1.5092,0.57669,-1.3583,0.58275,-1.2074,0.64043,-1.0564,0.65127,-0.90552,0.70087,-0.7546,0.80609,-0.60368,0.96877,-0.45276,1.2204,-0.30184,1.4789,-0.15092,0
1.6243,1.7875,-0,1.5685,0.0526,1.3017,0.1053,1.1697,0.1579,1.0211,0.2105,0.8769,0.2631,0.7399,0.3158,0.635,0.3684,0.5759,0.421,0.5505,0.4737,0.5042,0.5263,0.4543,0.5789,0.4228,0.6315,0.4674,0.6842,0.4177,0.7368,0.4459,0.7894,0.4709,0.8421,0.4041,0.8947,0.4329,0.9473,0.3551,0.9999,0,-3.046,0.44783,-2.8937,0.46373,-2.7414,0.50817,-2.5891,0.42148,-2.4368,0.42046,-2.2845,0.50014,-2.1322,0.48189,-1.9799,0.56525,-1.8276,0.51764,-1.6753,0.51815,-1.523,0.5117,-1.3707,0.54423,-1.2184,0.57295,-1.0661,0.67131,-0.9138,0.67925,-0.7615,0.78263,-0.6092,0.92027,-0.4569,1.1621,-0.3046,1.4817,-0.1523,0
1.612,1.7832,-0,1.5211,0.0515,1.2868,0.1031,1.1834,0.1546,1.0459,0.2062,0.8903,0.2577,0.7812,0.3093,0.6648,0.3608,0.613,0.4124,0.5514,0.4639,0.4944,0.5154,0.4538,0.567,0.4646,0.6185,0.473,0.6701,0.422,0.7216,0.3764,0.7732,0.3793,0.8247,0.3272,0.8763,0.678,0.9278,0.4337,0.9794,0,-2.9957,0.53248,-2.8459,0.58925,-2.6962,0.46712,-2.5464,0.33721,-2.3966,0.39178,-2.2468,0.49941,-2.097,0.68037,-1.9472,0.62064,-1.7974,0.54303,-1.6477,0.64609,-1.4979,0.58156,-1.3481,0.5719,-1.1983,0.576,-1.0485,0.60881,-0.89872,0.68755,-0.74893,0.7663,-0.59915,0.90157,-0.44936,1.1787,-0.29957,1.4935,-0.14979,0
1.6178,1.7945,-0,1.4792,0.0434,1.2388,0.0868,1.1658,0.1302,1.0539,0.1736,0.9353,0.217,0.8182,0.2605,0.7018,0.3039,0.6294,0.3473,0.5748,0.3907,0.5222,0.4341,0.4807,0.4775,0.4663,0.5209,0.403,0.5643,0.4632,0.6077,0.4247,0.6511,0.398,0.6945,0.3452,0.7379,0.2244,0.7814,0.2944,0.8248,0,-2.9995,0.48239,-2.8496,0.31716,-2.6996,0.7526,-2.5496,0.50888,-2.3996,0.34994,-2.2496,0,-2.0997,0.66346,-1.9497,0.5395,-1.7997,0.50547,-1.6497,0.5788,-1.4998,0.4668,-1.3498,0.45294,-1.1998,0.56556,-1.0498,0.64333,-0.89986,0.67917,-0.74988,0.74135,-0.59991,0.89579,-0.44993,1.1727,-0.29995,1.4854,-0.14998,0
1.6188,1.8114,-0,1.638,0.0713,1.3338,0.1427,1.1512,0.214,0.9663,0.2854,0.8101,0.3567,0.7004,0.4281,0.6601,0.4994,0.5623,0.5708,0.5695,0.6421,0.5216,0.7135,0.5365,0.7848,0.5457,0.8561,0.4449,0.9275,0.3553,0.9988,0.5779,1.0702,0.5427,1.1415,0.2377,1.2129,0.3851,1.2842,0.2239,1.3556,0,-3.0805,0.46726,-2.9264,0.46358,-2.7724,0.52278,-2.6184,0.5372,-2.4644,0.43753,-2.3104,0.43554,-2.1563,0.51724,-2.0023,0.54215,-1.8483,0.53444,-1.6943,0.61091,-1.5402,0.5679,-1.3862,0.56493,-1.2322,0.64983,-1.0782,0.6303,-0.92414,0.70537,-0.77012,0.79677,-0.61609,0.97088,-0.46207,1.1906,-0.30805,1.4654,-0.15402,0
1.6116,1.815,-0,1.5349,0.0578,1.3044,0.1156,1.2029,0.1734,1.0479,0.2313,0.8869,0.2891,0.7479,0.3469,0.6667,0.4047,0.5835,0.4625,0.5616,0.5203,0.5351,0.5782,0.4905,0.636,0.4961,0.6938,0.4289,0.7516,0.3877,0.8094,0.4597,0.8672,0.2801,0.9251,0.5427,0.9829,0.2926,1.0407,0.3122,1.0985,0,-3.0243,0.43343,-2.8731,0.39448,-2.7219,0.44376,-2.5707,0.62741,-2.4195,0.56284,-2.2682,0.44516,-2.117,0.50539,-1.9658,0.58434,-1.8146,0.56063,-1.6634,0.61696,-1.5122,0.6347,-1.3609,0.61724,-1.2097,0.61337,-1.0585,0.63913,-0.90729,0.71785,-0.75608,0.77962,-0.60486,0.94996,-0.45365,1.1941,-0.30243,1.4915,-0.15122,0
1.6293,1.8132,-0,1.6052,0.0739,1.3904,0.1477,1.1898,0.2216,0.9697,0.2954,0.8096,0.3693,0.7008,0.4432,0.6154,0.517,0.5617,0.5909,0.5603,0.6647,0.5413,0.7386,0.4988,0.8125,0.4843,0.8863,0.5562,0.9602,0.4283,1.034,0.6273,1.1079,0.6187,1.1817,0.293,1.2556,0,1.3295,0,1.4033,0,-2.9792,0.57925,-2.8303,0.48369,-2.6813,0.47583,-2.5324,0.45801,-2.3834,0.53377,-2.2344,0.44116,-2.0855,0.50174,-1.9365,0.56348,-1.7875,0.52977,-1.6386,0.5936,-1.4896,0.55325,-1.3407,0.64025,-1.1917,0.60426,-1.0427,0.62921,-0.89377,0.68005,-0.74481,0.7838,-0.59585,0.91845,-0.44689,1.1619,-0.29792,1.4752,-0.14896,0
1.6473,1.8077,-0,1.5195,0.053,1.3055,0.1061,1.1968,0.1591,1.0407,0.2122,0.8909,0.2652,0.7635,0.3182,0.6672,0.3713,0.6045,0.4243,0.5518,0.4773,0.5308,0.5304,0.5002,0.5834,0.4804,0.6365,0.4624,0.6895,0.4278,0.7425,0.4009,0.7956,0.5801,0.8486,0.6834,0.9016,0.3804,0.9547,0.2551,1.0077,0,-3.0222,0.31225,-2.8711,0.62217,-2.72,0.59462,-2.5689,0.57538,-2.4178,0.46089,-2.2667,0.46378,-2.1156,0.53691,-1.9645,0.58859,-1.8133,0.57923,-1.6622,0.62026,-1.5111,0.61732,-1.36,0.6411,-1.2089,0.69276,-1.0578,0.6777,-0.90667,0.69761,-0.75556,0.78064,-0.60445,0.89276,-0.45334,1.1312,-0.30222,1.466,-0.15111,0
1.5623,1.8146,-0,1.5032,0.0511,1.2337,0.1023,1.1638,0.1534,1.0611,0.2046,0.9519,0.2557,0.8089,0.3069,0.7007,0.358,0.6257,0.4092,0.5552,0.4603,0.5009,0.5115,0.4978,0.5626,0.4549,0.6138,0.4684,0.6649,0.422,0.716,0.3369,0.7672,0.3856,0.8183,0.3965,0.8695,0.4312,0.9206,0.2737,0.9718,0,-3.0695,0.47407,-2.9161,0.55834,-2.7626,0.41247,-2.6091,0.47766,-2.4556,0.45098,-2.3021,0.49426,-2.1487,0.47386,-1.9952,0.52777,-1.8417,0.51794,-1.6882,0.47006,-1.5348,0.53546,-1.3813,0.55289,-1.2278,0.55815,-1.0743,0.60697,-0.92086,0.72157,-0.76738,0.79238,-0.61391,0.93483,-0.46043,1.1699,-0.30695,1.4804,-0.15348,0
1.5915,1.8317,-0,1.4879,0.0535,1.2894,0.1069,1.2124,0.1604,1.0771,0.2139,0.9253,0.2674,0.8057,0.3208,0.6773,0.3743,0.5905,0.4278,0.5235,0.4813,0.4934,0.5347,0.4521,0.5882,0.4855,0.6417,0.504,0.6951,0.3373,0.7486,0.433,0.8021,0.6134,0.8556,0.3982,0.909,0.441,0.9625,0.4826,1.016,0,-3.0457,0.39534,-2.8934,0.28745,-2.7411,0.67794,-2.5888,0.49854,-2.4365,0.38862,-2.2842,0.50941,-2.132,0.50292,-1.9797,0.5626,-1.8274,0.53423,-1.6751,0.48409,-1.5228,0.60989,-1.3705,0.61437,-1.2183,0.6151,-1.066,0.65857,-0.9137,0.6771,-0.76142,0.77436,-0.60913,0.90002,-0.45685,1.1205,-0.30457,1.4747,-0.15228,0
1.5608,1.8027,-0,1.5574,0.0552,1.2435,0.1104,1.1503,0.1655,1.0256,0.2207,0.8888,0.2759,0.7666,0.3311,0.6965,0.3863,0.6089,0.4414,0.5431,0.4966,0.5034,0.5518,0.4636,0.607,0.4468,0.6622,0.4672,0.7173,0.45,0.7725,0.4711,0.8277,0.3409,0.8829,0.3637,0.9381,0.4643,0.9933,0.3042,1.0484,0,-3.1095,0.18542,-2.9541,0.52208,-2.7986,0.66257,-2.6431,0.57302,-2.4876,0.47642,-2.3322,0.4047,-2.1767,0.51521,-2.0212,0.52623,-1.8657,0.52637,-1.7102,0.55015,-1.5548,0.60249,-1.3993,0.61512,-1.2438,0.63268,-1.0883,0.68341,-0.93286,0.72295,-0.77738,0.83558,-0.62191,0.96705,-0.46643,1.208,-0.31095,1.4641,-0.15548,0
1.553,1.8258,-0,1.4881,0.0511,1.2263,0.1023,1.1656,0.1534,1.0734,0.2046,0.9473,0.2557,0.8242,0.3069,0.6988,0.358,0.626,0.4092,0.5622,0.4603,0.5036,0.5114,0.4781,0.5626,0.4849,0.6137,0.4502,0.6649,0.408,0.716,0.4472,0.7672,0.5101,0.8183,0.3162,0.8695,0.6402,0.9206,0.1095,0.9717,0,-2.945,0.52078,-2.7978,0.66419,-2.6505,0.49126,-2.5033,0.4903,-2.356,0.50664,-2.2088,0.60094,-2.0615,0.56148,-1.9143,0.50177,-1.767,0.55396,-1.6198,0.51708,-1.4725,0.56279,-1.3253,0.61633,-1.178,0.60809,-1.0308,0.6423,-0.8835,0.7017,-0.73625,0.80303,-0.589,0.95812,-0.44175,1.1851,-0.2945,1.4657,-0.14725,0
1.5776,1.7928,-0,1.5131,0.0463,1.2285,0.0926,1.1441,0.1389,1.0457,0.1852,0.9358,0.2315,0.8053,0.2778,0.7088,0.3241,0.6255,0.3704,0.5516,0.4167,0.5272,0.463,0.4945,0.5093,0.4652,0.5556,0.4042,0.6019,0.3662,0.6482,0.2748,0.6945,0.3289,0.7408,0.3535,0.7871,0.3314,0.8334,0.3726,0.8797,0,-3.0269,0.45347,-2.8755,0.49027,-2.7242,0.41702,-2.5729,0.53721,-2.4215,0.44292,-2.2702,0.52455,-2.1188,0.53618,-1.9675,0.47446,-1.8161,0.61178,-1.6648,0.47809,-1.5134,0.50398,-1.3621,0.56532,-1.2108,0.68025,-1.0594,0.62114,-0.90807,0.73997,-0.75672,0.78793,-0.60538,0.91833,-0.45403,1.1889,-0.30269,1.4884,-0.15134,0
1.5701,1.8268,-0,1.5008,0.0533,1.2612,0.1065,1.1828,0.1598,1.0749,0.2131,0.9358,0.2664,0.7912,0.3196,0.6918,0.3729,0.6146,0.4262,0.5281,0.4794,0.5038,0.5327,0.4372,0.586,0.4647,0.6392,0.4549,0.6925,0.4219,0.7458,0.4234,0.7991,0.3385,0.8523,0.2439,0.9056,0.3588,0.9589,0.1462,1.0121,0,-3.0611,0.48675,-2.9081,0.48026,-2.755,0.60652,-2.602,0.60491,-2.4489,0.60996,-2.2959,0.42911,-2.1428,0.45551,-1.9897,0.54193,-1.8367,0.44502,-1.6836,0.56268,-1.5306,0.62302,-1.3775,0.58281,-1.2245,0.60583,-1.0714,0.6551,-0.91834,0.68949,-0.76528,0.7877,-0.61223,0.93897,-0.45917,1.1878,-0.30611,1.4795,-0.15306,0
1.6164,1.7838,-0,1.4995,0.0428,1.2456,0.0857,1.1642,0.1285,1.0495,0.1714,0.9356,0.2142,0.8163,0.2571,0.7224,0.2999,0.6226,0.3428,0.556,0.3856,0.5272,0.4284,0.474,0.4713,0.4595,0.5141,0.3968,0.557,0.3311,0.5998,0.355,0.6427,0.3543,0.6855,0.3879,0.7284,0.5322,0.7712,0.3078,0.8141,0,-2.2474,0.56209,-2.1351,0.11642,-2.0227,0.18243,-1.9103,0.57873,-1.7979,0.4756,-1.6856,0.6167,-1.5732,0.30687,-1.4608,0.39252,-1.3485,0.36046,-1.2361,0.56234,-1.1237,0.49467,-1.0113,0.59281,-0.89897,0.57773,-0.7866,0.67083,-0.67423,0.70786,-0.56186,0.81686,-0.44949,0.9853,-0.33711,1.235,-0.22474,1.4839,-0.11237,0
1.6368,1.7921,-0,1.5389,0.0506,1.2981,0.1012,1.1835,0.1519,1.0403,0.2025,0.9019,0.2531,0.7684,0.3037,0.6661,0.3543,0.6059,0.405,0.5364,0.4556,0.5316,0.5062,0.4696,0.5568,0.4621,0.6074,0.3765,0.658,0.473,0.7087,0.4646,0.7593,0.3075,0.8099,0.2633,0.8605,0.5387,0.9111,0.619,0.9618,0,-1.6474,0.5961,-1.565,0.55722,-1.4826,0.54828,-1.4002,0.53479,-1.3179,0.41109,-1.2355,0.45713,-1.1531,0.49718,-1.0708,0.5303,-0.98841,0.52523,-0.90604,0.55368,-0.82368,0.57066,-0.74131,0.56227,-0.65894,0.61235,-0.57657,0.64868,-0.49421,0.73548,-0.41184,0.87004,-0.32947,1.0541,-0.2471,1.2664,-0.16474,1.4526,-0.082368,0
1.63,1.7912,-0,1.558,0.0462,1.259,0.0923,1.1582,0.1385,1.0262,0.1846,0.9038,0.2308,0.7837,0.277,0.6812,0.3231,0.6024,0.3693,0.5708,0.4155,0.5163,0.4616,0.4061,0.5078,0.3634,0.5539,0.3709,0.6001,0.3808,0.6463,0.4215,0.6924,0.4523,0.7386,0.5177,0.7847,0.5763,0.8309,0.6185,0.8771,0,-2.3179,0.45023,-2.202,0.5598,-2.0861,0.64422,-1.9702,0.42276,-1.8543,0.53776,-1.7385,0.49089,-1.6226,0.6009,-1.5067,0.50044,-1.3908,0.52378,-1.2749,0.47863,-1.159,0.52976,-1.0431,0.60945,-0.92717,0.59533,-0.81128,0.65925,-0.69538,0.67879,-0.57948,0.80476,-0.46359,0.98694,-0.34769,1.2342,-0.23179,1.4953,-0.1159,0
1.6067,1.8087,-0,1.5359,0.0534,1.2817,0.1067,1.1774,0.1601,1.0421,0.2134,0.8924,0.2668,0.7717,0.3201,0.6859,0.3735,0.6054,0.4269,0.5419,0.4802,0.512,0.5336,0.4677,0.5869,0.4722,0.6403,0.464,0.6936,0.4749,0.747,0.4965,0.8004,0.3706,0.8537,0.3464,0.9071,0.4787,0.9604,0.4871,1.0138,0,-2.9698,0.34365,-2.8213,0.58136,-2.6728,0.46259,-2.5243,0.53568,-2.3758,0.48074,-2.2273,0.52388,-2.0788,0.53207,-1.9303,0.5492,-1.7819,0.53855,-1.6334,0.61456,-1.4849,0.60771,-1.3364,0.62589,-1.1879,0.64482,-1.0394,0.67252,-0.89093,0.71919,-0.74244,0.81556,-0.59395,0.96035,-0.44546,1.1923,-0.29698,1.4806,-0.14849,0
1.6583,1.7632,-1.2901e-15,1.8966,0.15578,0.7918,0.31156,0.69669,0.46734,0.68261,0.62311,0.84009,0.77889,0.7191,0.93467,0.72383,1.0904,0.69319,1.2462,0.71844,1.402,0.71083,1.5578,0.69921,1.7136,0.56029,1.8693,0.49331,2.0251,0.37475,2.1809,0.26742,2.3367,0.17656,2.4925,0.20773,2.6482,0.25454,2.804,0.022058,2.9598,0,-3.1365,0.99728,-2.9797,0.62111,-2.8229,0.54784,-2.6661,0.53492,-2.5092,0.51692,-2.3524,0.59437,-2.1956,0.69366,-2.0387,0.57066,-1.8819,0.53801,-1.7251,0.5769,-1.5683,0.58321,-1.4114,0.6421,-1.2546,0.66772,-1.0978,0.6932,-0.94096,0.7225,-0.78413,0.75774,-0.62731,0.70524,-0.47048,0.70182,-0.31365,0.82662,-0.15683,0
1.7095,1.8771,-1.2901e-15,1.7395,0.045326,1.2761,0.090652,1.1426,0.13598,1.0208,0.1813,0.90284,0.22663,0.81108,0.27195,0.73392,0.31728,0.69262,0.36261,0.63385,0.40793,0.55388,0.45326,0.47172,0.49858,0.44814,0.54391,0.40531,0.58924,0.40108,0.63456,0.34975,0.67989,0.37532,0.72521,0.34675,0.77054,0.60358,0.81586,0.36521,0.86119,0,-1.2966,0.18822,-1.2318,0.26548,-1.1669,0.41879,-1.1021,0.39189,-1.0373,0.4017,-0.97244,0.58059,-0.90762,0.40541,-0.84279,0.49112,-0.77796,0.55267,-0.71313,0.56375,-0.6483,0.56359,-0.58347,0.63618,-0.51864,0.68523,-0.45381,0.78538,-0.38898,0.89099,-0.32415,0.9536,-0.25932,1.0676,-0.19449,1.1886,-0.12966,1.3166,-0.06483,0
1.98,1.1148,-1.2901e-15,1.672,0.010801,1.4901,0.021603,1.1556,0.032404,0.88832,0.043206,0.65891,0.054007,0.5157,0.064808,0.43083,0.07561,0.39764,0.086411,0.36426,0.097213,0.2376,0.10801,0.15579,0.11882,0.17535,0.12962,0.16246,0.14042,0.079633,0.15122,0.27941,0.16202,0.23914,0.17282,0.11777,0.18362,0.068103,0.19443,0.17191,0.20523,0,-0.5998,0.66048,-0.56981,0.50834,-0.53982,0.38081,-0.50983,0.33266,-0.47984,0.4075,-0.44985,0.37452,-0.41986,0.64273,-0.38987,0.61972,-0.35988,0.53687,-0.32989,0.62729,-0.2999,0.67439,-0.26991,0.72315,-0.23992,0.76049,-0.20993,0.82396,-0.17994,0.86441,-0.14995,0.87264,-0.11996,0.92957,-0.089971,1.0125,-0.05998,1.2415,-0.02999,0
1.6433,1.951,-1.2901e-15,1.8773,0.11578,1.2747,0.23156,0.90073,0.34734,0.76425,0.46312,0.69926,0.5789,0.63893,0.69468,0.58347,0.81046,0.56442,0.92623,0.60034,1.042,0.48384,1.1578,0.4379,1.2736,0.4173,1.3894,0.34781,1.5051,0.21058,1.6209,0.24517,1.7367,0.076422,1.8525,0.30949,1.9682,0.51307,2.084,5.2103e-17,2.1998,0,-3.0038,0.41025,-2.8536,0.44299,-2.7034,0.49504,-2.5532,0.50614,-2.403,0.60392,-2.2529,0.64607,-2.1027,0.65665,-1.9525,0.6666,-1.8023,0.68724,-1.6521,0.66102,-1.5019,0.67897,-1.3517,0.71084,-1.2015,0.76587,-1.0513,0.75866,-0.90114,0.77608,-0.75095,0.77818,-0.60076,0.83176,-0.45057,0.90222,-0.30038,1.1407,-0.15019,0
1.8612,1.6976,-1.2901e-15,1.839,0.065255,1.3177,0.13051,1.133,0.19576,1.0093,0.26102,0.9119,0.32627,0.83264,0.39153,0.73894,0.45678,0.66788,0.52204,0.59753,0.58729,0.58368,0.65255,0.55911,0.7178,0.53988,0.78306,0.60036,0.84831,0.47681,0.91357,0.42623,0.97882,0.45072,1.0441,0.23117,1.1093,0.23204,1.1746,0.14623,1.2398,0,-2.5603,0.1181,-2.4323,0.35234,-2.3043,0.3197,-2.1763,0.45184,-2.0483,0.25415,-1.9203,0.60902,-1.7922,0.53761,-1.6642,0.50045,-1.5362,0.5749,-1.4082,0.66312,-1.2802,0.59991,-1.1522,0.7084,-1.0241,0.76689,-0.89612,0.71642,-0.7681,0.77192,-0.64008,0.86519,-0.51207,1.0037,-0.38405,1.1688,-0.25603,1.3923,-0.12802,0
1.6764,1.9179,-1.2901e-15,1.7382,0.098769,1.3482,0.19754,1.0208,0.29631,0.90337,0.39508,0.81757,0.49385,0.7923,0.59262,0.75376,0.69139,0.68512,0.79015,0.63464,0.88892,0.53453,0.98769,0.49734,1.0865,0.50535,1.1852,0.40441,1.284,0.43959,1.3828,0.29536,1.4815,0.099235,1.5803,0.20959,1.6791,5.2103e-17,1.7778,0,1.8766,0,-2.8107,0.17191,-2.6702,0.41259,-2.5296,0.34935,-2.3891,0.48718,-2.2486,0.39858,-2.108,0.52132,-1.9675,0.50369,-1.827,0.57482,-1.6864,0.55054,-1.5459,0.54589,-1.4054,0.60235,-1.2648,0.64074,-1.1243,0.73857,-0.98375,0.77833,-0.84321,0.86799,-0.70268,0.95011,-0.56214,0.99345,-0.42161,1.0846,-0.28107,1.2756,-0.14054,0
1.6897,1.7328,-1.2901e-15,1.6415,0.024736,1.2801,0.049472,1.1566,0.074208,1.0415,0.098944,0.91126,0.12368,0.80178,0.14842,0.74603,0.17315,0.684,0.19789,0.65152,0.22262,0.59204,0.24736,0.53864,0.2721,0.54091,0.29683,0.4952,0.32157,0.46694,0.34631,0.41457,0.37104,0.33761,0.39578,0.36054,0.42051,0.2449,0.44525,0.16926,0.46999,0,-0.54191,0.14163,-0.51481,0.19246,-0.48772,0.38714,-0.46062,0.48619,-0.43353,0.48028,-0.40643,0.54036,-0.37933,0.59141,-0.35224,0.66376,-0.32514,0.65842,-0.29805,0.66233,-0.27095,0.67082,-0.24386,0.69582,-0.21676,0.73474,-0.18967,0.76027,-0.16257,0.82434,-0.13548,0.91786,-0.10838,1.0564,-0.081286,1.1976,-0.054191,1.2889,-0.027095,0
1.8242,1.787,-1.2901e-15,1.8809,0.1357,1.2528,0.27139,1.066,0.40709,0.97992,0.54278,0.85627,0.67848,0.77358,0.81417,0.77209,0.94987,0.74972,1.0856,0.70175,1.2213,0.69034,1.357,0.55546,1.4926,0.51298,1.6283,0.62867,1.764,0.66571,1.8997,0.56198,2.0354,0.73117,2.1711,0.67399,2.3068,0.69272,2.4425,0,2.5782,0,-2.6282,0.81826,-2.4968,0.76198,-2.3654,0.62995,-2.234,0.79112,-2.1026,0.80453,-1.9712,0.65491,-1.8398,0.66899,-1.7084,0.72693,-1.5769,0.77337,-1.4455,0.69293,-1.3141,0.68718,-1.1827,0.77572,-1.0513,0.81008,-0.91988,0.81599,-0.78847,0.87944,-0.65706,0.96308,-0.52565,1.0509,-0.39424,1.1118,-0.26282,1.3253,-0.13141,0
1.7757,1.4627,-1.2901e-15,1.9343,0.11836,1.0872,0.23673,0.92035,0.35509,0.83194,0.47346,0.75025,0.59182,0.65628,0.71019,0.6406,0.82855,0.58993,0.94692,0.56797,1.0653,0.60518,1.1836,0.58284,1.302,0.62362,1.4204,0.50072,1.5387,0.41397,1.6571,0.30576,1.7755,0.43575,1.8938,5.2103e-17,2.0122,0.40075,2.1306,0,2.2489,0,-3.092,0.40574,-2.9374,0.39154,-2.7828,0.44537,-2.6282,0.50512,-2.4736,0.57122,-2.319,0.52404,-2.1644,0.5635,-2.0098,0.55997,-1.8552,0.56709,-1.7006,0.5989,-1.546,0.63834,-1.3914,0.70854,-1.2368,0.80811,-1.0822,0.77856,-0.9276,0.75547,-0.773,0.76741,-0.6184,0.8393,-0.4638,0.97523,-0.3092,1.2318,-0.1546,0
1.6421,1.6389,-1.2901e-15,1.9094,0.054988,0.99153,0.10998,0.88115,0.16496,0.79559,0.21995,0.70004,0.27494,0.6248,0.32993,0.59756,0.38491,0.56861,0.4399,0.57186,0.49489,0.5599,0.54988,0.5603,0.60487,0.5832,0.65985,0.5724,0.71484,0.61198,0.76983,0.619,0.82482,0.48403,0.8798,0.31926,0.93479,0.19869,0.98978,0.22385,1.0448,0,-2.8774,0.40218,-2.7336,0,-2.5897,0,-2.4458,0.3501,-2.3019,0.26208,-2.1581,0.30077,-2.0142,0.38961,-1.8703,0.26959,-1.7265,0.47294,-1.5826,0.37521,-1.4387,0.4684,-1.2948,0.61541,-1.151,0.80749,-1.0071,0.84832,-0.86323,0.90849,-0.71936,0.95391,-0.57549,0.96315,-0.43162,1.0091,-0.28774,1.1755,-0.14387,0
1.6335,1.3418,-1.2901e-15,1.8199,0.021524,1.274,0.043048,1.0825,0.064573,0.90568,0.086097,0.83009,0.10762,0.86027,0.12915,0.6988,0.15067,0.52799,0.17219,0.48711,0.19372,0.54725,0.21524,0.52022,0.23677,0.49966,0.25829,0.48249,0.27981,0.48205,0.30134,0.4357,0.32286,0.45953,0.34439,0.31093,0.36591,0.30122,0.38744,0.16248,0.40896,0,-0.53484,0.29907,-0.5081,0.2836,-0.48135,0.22298,-0.45461,0.354,-0.42787,0.47209,-0.40113,0.4017,-0.37439,0.51382,-0.34764,0.53657,-0.3209,0.57547,-0.29416,0.47406,-0.26742,0.46819,-0.24068,0.52314,-0.21394,0.53172,-0.18719,0.53322,-0.16045,0.68776,-0.13371,0.86439,-0.10697,0.98359,-0.080226,1.0902,-0.053484,1.3026,-0.026742,0
1.7231,1.7781,-1.2901e-15,1.7628,0.082867,1.2138,0.16573,1.0406,0.2486,0.95662,0.33147,0.88591,0.41434,0.85195,0.4972,0.80827,0.58007,0.75503,0.66294,0.7092,0.7458,0.62133,0.82867,0.57016,0.91154,0.52832,0.99441,0.49098,1.0773,0.49687,1.1601,0.55587,1.243,0.38095,1.3259,0.40559,1.4087,0.3766,1.4916,0.20585,1.5745,0,-2.9198,0.2177,-2.7738,0.44813,-2.6278,0.32718,-2.4818,0.34016,-2.3359,0.46802,-2.1899,0.47127,-2.0439,0.51109,-1.8979,0.55776,-1.7519,0.57672,-1.6059,0.58053,-1.4599,0.72802,-1.3139,0.82217,-1.1679,0.81147,-1.0219,0.86984,-0.87594,0.93555,-0.72995,0.93973,-0.58396,0.95026,-0.43797,1.0761,-0.29198,1.2198,-0.14599,0
1.7452,1.6793,-1.2901e-15,1.9194,0.12459,1.0836,0.24917,0.91929,0.37376,0.82,0.49834,0.80139,0.62293,0.83427,0.74751,0.83325,0.8721,0.7782,0.99668,0.69953,1.1213,0.60874,1.2459,0.54567,1.3704,0.45336,1.495,0.33416,1.6196,0.25329,1.7442,0.36548,1.8688,0.1699,1.9934,0.36921,2.1179,0.068103,2.2425,0.31264,2.3671,0,-3.0457,0.34613,-2.8934,0.3966,-2.7411,0.36289,-2.5888,0.42805,-2.4365,0.58058,-2.2842,0.58351,-2.132,0.53074,-1.9797,0.53366,-1.8274,0.57348,-1.6751,0.61402,-1.5228,0.71608,-1.3705,0.77609,-1.2183,0.84154,-1.066,0.86532,-0.9137,0.86285,-0.76142,0.85649,-0.60913,0.86386,-0.45685,1.0216,-0.30457,1.2367,-0.15228,0
1.9098,1.1491,-6.4504e-16,1.9495,0.026033,1.0352,0.052065,0.78172,0.078098,0.60781,0.10413,0.47553,0.13016,0.44076,0.1562,0.49706,0.18223,0.47284,0.20826,0.46597,0.23429,0.40481,0.26033,0.33814,0.28636,0.39722,0.31239,0.38364,0.33842,0.43395,0.36446,0.525,0.39049,0.51614,0.41652,0.21749,0.44255,0.40866,0.46859,0.10859,0.49462,0,-0.59676,0.50888,-0.56692,0.37496,-0.53708,0.48777,-0.50725,0.40486,-0.47741,0.42151,-0.44757,0.61265,-0.41773,0.53731,-0.38789,0.49353,-0.35806,0.53707,-0.32822,0.63444,-0.29838,0.73802,-0.26854,0.83743,-0.2387,0.90627,-0.20887,0.93671,-0.17903,0.89585,-0.14919,0.94554,-0.11935,0.98127,-0.089514,1.0197,-0.059676,1.0559,-0.029838,0
1.5301,1.8027,-1.2901e-15,1.8279,0.073955,1.254,0.14791,1.1264,0.22186,0.99687,0.29582,0.87182,0.36977,0.72562,0.44373,0.61687,0.51768,0.52531,0.59164,0.5162,0.66559,0.5273,0.73955,0.4692,0.8135,0.4544,0.88746,0.44473,0.96141,0.2676,1.0354,0.31174,1.1093,0.18527,1.1833,0.28376,1.2572,0.25076,1.3312,0.23518,1.4051,0,-3.0707,0.6411,-2.9172,0.493,-2.7637,0.53508,-2.6101,0.52474,-2.4566,0.48832,-2.3031,0.60379,-2.1495,0.63902,-1.996,0.67663,-1.8424,0.72266,-1.6889,0.766,-1.5354,0.77089,-1.3818,0.81681,-1.2283,0.78759,-1.0748,0.81202,-0.92122,0.85828,-0.76769,0.91671,-0.61415,0.9548,-0.46061,1.0172,-0.30707,1.22,-0.15354,0
1.715,1.7349,-1.2901e-15,1.8858,0.13582,1.2006,0.27163,0.97597,0.40745,0.8068,0.54326,0.73202,0.67908,0.64478,0.8149,0.62429,0.95071,0.66896,1.0865,0.70325,1.2223,0.72801,1.3582,0.59372,1.494,0.41167,1.6298,0.44456,1.7656,0.35335,1.9014,0.28974,2.0372,0.33162,2.1731,0.26669,2.3089,0.20559,2.4447,0,2.5805,0,-2.9075,0.16286,-2.7621,0.46481,-2.6168,0.45218,-2.4714,0.53144,-2.326,0.68798,-2.1806,0.68101,-2.0353,0.62306,-1.8899,0.60836,-1.7445,0.58489,-1.5991,0.62364,-1.4538,0.67565,-1.3084,0.76483,-1.163,0.78297,-1.0176,0.81615,-0.87225,0.86069,-0.72688,0.89622,-0.5815,0.96942,-0.43613,1.0878,-0.29075,1.2533,-0.14538,0
1.7637,1.7621,-1.2901e-15,1.9283,0.11651,1.1285,0.23303,0.9679,0.34954,0.93669,0.46605,0.74215,0.58256,0.53397,0.69908,0.53344,0.81559,0.46577,0.9321,0.44707,1.0486,0.5236,1.1651,0.54313,1.2816,0.45967,1.3982,0.42172,1.5147,0.4526,1.6312,0.2641,1.7477,0.23113,1.8642,0,1.9807,0.088111,2.0972,5.2103e-17,2.2137,0,-3.0289,0.45689,-2.8774,0.41207,-2.726,0.49106,-2.5745,0.48137,-2.4231,0.68694,-2.2716,0.64381,-2.1202,0.56641,-1.9688,0.62002,-1.8173,0.63287,-1.6659,0.63964,-1.5144,0.74528,-1.363,0.78122,-1.2115,0.76285,-1.0601,0.8386,-0.90866,0.88366,-0.75721,0.87757,-0.60577,0.9883,-0.45433,1.0612,-0.30289,1.147,-0.15144,0
1.7405,1.6225,-1.2901e-15,1.924,0.12053,1.2202,0.24105,0.95675,0.36158,0.81686,0.4821,0.7139,0.60263,0.71488,0.72316,0.67386,0.84368,0.57216,0.96421,0.55867,1.0847,0.63623,1.2053,0.57065,1.3258,0.54377,1.4463,0.42423,1.5668,0.19385,1.6874,0.2001,1.8079,1.0421e-16,1.9284,0.1641,2.0489,0,2.1695,0,2.29,0,-2.8976,0.026997,-2.7527,0.18575,-2.6078,0.26205,-2.4629,0.42789,-2.318,0.54438,-2.1732,0.48976,-2.0283,0.42364,-1.8834,0.50223,-1.7385,0.5341,-1.5937,0.54977,-1.4488,0.63152,-1.3039,0.69989,-1.159,0.75854,-1.0141,0.80205,-0.86927,0.8659,-0.72439,0.85645,-0.57951,1.0276,-0.43463,1.1747,-0.28976,1.2695,-0.14488,0
1.6788,1.5344,-1.2901e-15,1.9082,0.029186,1.2077,0.058373,0.9779,0.087559,0.83335,0.11675,0.73532,0.14593,0.6677,0.17512,0.65033,0.20431,0.58047,0.23349,0.56442,0.26268,0.55505,0.29186,0.54192,0.32105,0.60084,0.35024,0.56304,0.37942,0.51828,0.40861,0.35423,0.4378,0.2996,0.46698,0.27539,0.49617,0.24049,0.52536,0.25799,0.55454,0,-1.2223,0.2737,-1.1612,0.2737,-1.1001,0,-1.039,0.11359,-0.97786,0.38055,-0.91675,0.31121,-0.85563,0.39671,-0.79451,0.51325,-0.7334,0.51537,-0.67228,0.58772,-0.61116,0.67421,-0.55005,0.69443,-0.48893,0.76283,-0.42782,0.80974,-0.3667,0.85047,-0.30558,0.90718,-0.24447,1.024,-0.18335,1.1395,-0.12223,1.1984,-0.061116,0
1.8222,1.8613,-1.2901e-15,1.8944,0.12361,1.2949,0.24722,1.0176,0.37083,0.88868,0.49444,0.77418,0.61805,0.80793,0.74166,0.71839,0.86527,0.66583,0.98888,0.66186,1.1125,0.61659,1.2361,0.50966,1.3597,0.50335,1.4833,0.48078,1.6069,0.51077,1.7305,0.17521,1.8542,0.13016,1.9778,0.32441,2.1014,0,2.225,5.2103e-17,2.3486,0,-2.8108,0.2031,-2.6702,0.23049,-2.5297,0.39311,-2.3892,0.44003,-2.2486,0.50784,-2.1081,0.65769,-1.9675,0.63438,-1.827,0.43379,-1.6865,0.51379,-1.5459,0.59803,-1.4054,0.63388,-1.2649,0.66804,-1.1243,0.73884,-0.98377,0.74271,-0.84324,0.81546,-0.7027,0.87341,-0.56216,0.87939,-0.42162,1.0678,-0.28108,1.3251,-0.14054,0
