1.8046,1.7188,-0,1.3409,0.0202,1.3057,0.0405,1.2698,0.0607,1.1644,0.0809,1.041,0.1012,0.9183,0.1214,0.7854,0.1416,0.7048,0.1619,0.596,0.1821,0.5245,0.2023,0.4949,0.2226,0.4577,0.2428,0.3755,0.263,0.3213,0.2833,0.342,0.3035,0.1266,0.3237,0.5086,0.344,0.5867,0.3642,0.4619,0.3844,0,-0.39738,0.4647,-0.37751,0.58817,-0.35764,0.61387,-0.33777,0.42975,-0.31791,0.37804,-0.29804,0.40355,-0.27817,0.29074,-0.2583,0.2765,-0.23843,0.32421,-0.21856,0.37428,-0.19869,0.40781,-0.17882,0.47789,-0.15895,0.54711,-0.13908,0.63097,-0.11921,0.74414,-0.099345,0.87342,-0.079476,1.0425,-0.059607,1.2441,-0.039738,1.4445,-0.019869,0
1.8489,1.6847,-0,1.4749,0.0256,1.4179,0.0512,1.2899,0.0768,1.1133,0.1023,0.9398,0.1279,0.8089,0.1535,0.6627,0.1791,0.5576,0.2047,0.5118,0.2303,0.4043,0.2558,0.4114,0.2814,0.2624,0.307,0.5383,0.3326,0.2501,0.3582,0.3328,0.3838,0.1412,0.4093,0.3317,0.4349,0.4742,0.4605,0.4176,0.4861,0,-0.55649,0.17216,-0.52866,0.44064,-0.50084,0.43339,-0.47302,0.52007,-0.44519,0.26011,-0.41737,0.32385,-0.38954,0.3741,-0.36172,0.36446,-0.33389,0.37592,-0.30607,0.51275,-0.27824,0.34423,-0.25042,0.44765,-0.2226,0.50286,-0.19477,0.56669,-0.16695,0.67649,-0.13912,0.79747,-0.1113,0.95199,-0.083473,1.1874,-0.055649,1.4647,-0.027824,0
1.7917,1.7513,-0,1.3712,0.0233,1.3443,0.0465,1.2884,0.0698,1.1515,0.0931,1.0049,0.1163,0.8639,0.1396,0.7667,0.1629,0.6801,0.1861,0.6001,0.2094,0.5678,0.2327,0.4525,0.2559,0.3922,0.2792,0.4071,0.3025,0.3666,0.3257,0.4138,0.349,0.2387,0.3723,0.4199,0.3955,0,0.4188,0,0.4421,0,-0.4964,0,-0.47158,0.3418,-0.44676,0.088111,-0.42194,0.26354,-0.39712,0.24961,-0.3723,0.38748,-0.34748,0.41954,-0.32266,0.51226,-0.29784,0.50348,-0.27302,0.49091,-0.2482,0.43427,-0.22338,0.4388,-0.19856,0.54649,-0.17374,0.61504,-0.14892,0.70076,-0.1241,0.82281,-0.09928,0.99536,-0.07446,1.2283,-0.04964,1.471,-0.02482,0
1.7395,1.8143,-0,1.4257,0.0344,1.3733,0.0689,1.3099,0.1033,1.1617,0.1377,0.9894,0.1722,0.7983,0.2066,0.643,0.241,0.5076,0.2755,0.3793,0.3099,0.3278,0.3443,0.3552,0.3788,0.3042,0.4132,0.1114,0.4476,0,0.4821,0.1367,0.5165,0.4717,0.5509,0.2891,0.5854,0.4776,0.6198,0.0071,0.6542,0,-0.78695,0.12165,-0.7476,0.15205,-0.70825,0.14275,-0.66891,0.39496,-0.62956,0.26831,-0.59021,0.366,-0.55086,0.57447,-0.51152,0.6727,-0.47217,0.60254,-0.43282,0.55467,-0.39347,0.65722,-0.35413,0.62991,-0.31478,0.46527,-0.27543,0.51296,-0.23608,0.55834,-0.19674,0.6957,-0.15739,0.86287,-0.11804,1.1299,-0.078695,1.4634,-0.039347,0
1.7914,1.6846,-0,1.5495,0.0373,1.4782,0.0747,1.2727,0.112,1.0504,0.1494,0.8365,0.1867,0.7045,0.224,0.6441,0.2614,0.6469,0.2987,0.5676,0.336,0.5941,0.3734,0.4677,0.4107,0.354,0.4481,0.1743,0.4854,0.2609,0.5227,0.3984,0.5601,0,0.5974,0.3198,0.6347,-0.1164,0.6721,-0.3403,0.7094,0,-0.79728,0.26782,-0.75742,-0.13999,-0.71755,0.071158,-0.67769,0.081465,-0.63782,0.00073604,-0.59796,0.095999,-0.5581,0.23591,-0.51823,0.039995,-0.47837,0.4769,-0.4385,0.35394,-0.39864,0.46634,-0.35878,0.5046,-0.31891,0.61273,-0.27905,0.64629,-0.23918,0.58466,-0.19932,0.68683,-0.15946,0.84177,-0.11959,1.0986,-0.079728,1.4594,-0.039864,0
1.7817,1.796,-0,1.2806,0.0195,1.1882,0.0389,1.1933,0.0584,1.1187,0.0779,1.0359,0.0973,0.9463,0.1168,0.8429,0.1363,0.7473,0.1557,0.6704,0.1752,0.6191,0.1947,0.5191,0.2141,0.5074,0.2336,0.4218,0.2531,0.4384,0.2725,0.388,0.292,0.4039,0.3115,0.5072,0.3309,0.3252,0.3504,0.336,0.3699,0,-0.51191,0.38307,-0.48632,0.54455,-0.46072,0.50538,-0.43513,0,-0.40953,0.24853,-0.38394,0.5181,-0.35834,0.35334,-0.33274,0.454,-0.30715,0.4122,-0.28155,0.3757,-0.25596,0.43768,-0.23036,0.53504,-0.20477,0.58049,-0.17917,0.62544,-0.15357,0.71938,-0.12798,0.8475,-0.10238,1.0228,-0.076787,1.2301,-0.051191,1.4492,-0.025596,0
1.8356,1.7507,-0,1.2894,0.0183,1.2471,0.0366,1.2321,0.055,1.1658,0.0733,1.0526,0.0916,0.9308,0.1099,0.8071,0.1282,0.709,0.1465,0.6175,0.1649,0.5717,0.1832,0.4898,0.2015,0.4247,0.2198,0.3751,0.2381,0.3445,0.2565,0.4067,0.2748,0.4974,0.2931,0.2871,0.3114,0,0.3297,0.2737,0.3481,0,-0.37779,0.2317,-0.3589,-0.34028,-0.34001,-0.038945,-0.32112,-0.19905,-0.30223,0.28663,-0.28334,0.30045,-0.26445,0.27998,-0.24556,0.25476,-0.22667,0.38542,-0.20779,0.39785,-0.1889,0.48786,-0.17001,0.52654,-0.15112,0.59534,-0.13223,0.7019,-0.11334,0.78954,-0.094448,0.92846,-0.075558,1.0803,-0.056669,1.2581,-0.037779,1.405,-0.01889,0
1.8311,1.7079,-0,1.2613,0.0155,1.1781,0.0309,1.1663,0.0464,1.1252,0.0619,1.0437,0.0773,0.9551,0.0928,0.8543,0.1083,0.7735,0.1237,0.6866,0.1392,0.6108,0.1547,0.5661,0.1701,0.5113,0.1856,0.4182,0.2011,0.4082,0.2165,0.4245,0.232,0.4105,0.2475,0.4047,0.263,0.5396,0.2784,0.5411,0.2939,0,-0.32957,0,-0.31309,0,-0.29661,0.22034,-0.28013,0.11624,-0.26365,0.23165,-0.24717,0.31783,-0.2307,0.28794,-0.21422,0.30266,-0.19774,0.35403,-0.18126,0.40171,-0.16478,0.46352,-0.1483,0.51897,-0.13183,0.61208,-0.11535,0.72269,-0.09887,0.84343,-0.082392,0.95118,-0.065913,1.0943,-0.049435,1.2435,-0.032957,1.3747,-0.016478,0
1.8486,1.7644,-0,1.3174,0.0146,1.3128,0.0291,1.2592,0.0437,1.1376,0.0583,1.0214,0.0728,0.9203,0.0874,0.817,0.1019,0.7319,0.1165,0.6686,0.1311,0.5979,0.1456,0.5402,0.1602,0.5487,0.1748,0.4802,0.1893,0.4154,0.2039,0.4147,0.2185,0.3813,0.233,0.4147,0.2476,0.2704,0.2622,0.3589,0.2767,0,-0.30157,0.1181,-0.28649,0.30908,-0.27141,0.30939,-0.25633,0.27106,-0.24126,0.33765,-0.22618,0.27231,-0.2111,0.39879,-0.19602,0.3656,-0.18094,0.44811,-0.16586,0.46311,-0.15078,0.51055,-0.13571,0.53791,-0.12063,0.62154,-0.10555,0.70253,-0.090471,0.79445,-0.075392,0.94364,-0.060314,1.0953,-0.045235,1.2811,-0.030157,1.4146,-0.015078,0
1.8461,1.7628,-0,1.3601,0.0198,1.3025,0.0396,1.2479,0.0595,1.1245,0.0793,1.0154,0.0991,0.8914,0.1189,0.7885,0.1387,0.6929,0.1586,0.6359,0.1784,0.6131,0.1982,0.5547,0.218,0.5237,0.2378,0.4274,0.2577,0.459,0.2775,0.5144,0.2973,0.4164,0.3171,0.2903,0.3369,0.5614,0.3568,0.3784,0.3766,0,-0.43603,0.2737,-0.41423,0.2737,-0.39243,0.6854,-0.37063,0.39434,-0.34883,0.24235,-0.32702,0.369,-0.30522,0.35853,-0.28342,0.33936,-0.26162,0.41768,-0.23982,0.42482,-0.21802,0.47769,-0.19621,0.53156,-0.17441,0.60689,-0.15261,0.65254,-0.13081,0.74503,-0.10901,0.88001,-0.087206,1.0308,-0.065405,1.227,-0.043603,1.4416,-0.021802,0
1.7263,1.9056,-0,1.2659,0.0191,1.2517,0.0382,1.2431,0.0572,1.1564,0.0763,1.0487,0.0954,0.9549,0.1145,0.8512,0.1336,0.7515,0.1526,0.6481,0.1717,0.5709,0.1908,0.4867,0.2099,0.4627,0.229,0.4179,0.2481,0.3614,0.2671,0.3663,0.2862,0.3485,0.3053,0.2124,0.3244,0.2777,0.3435,0.672,0.3625,0,-0.41221,0,-0.3916,0.26847,-0.37099,0.47175,-0.35038,0.17593,-0.32977,0.39727,-0.30916,0.3654,-0.28855,0.33485,-0.26794,0.38805,-0.24733,0.33585,-0.22672,0.3733,-0.20611,0.42656,-0.1855,0.49847,-0.16488,0.56091,-0.14427,0.6337,-0.12366,0.75377,-0.10305,0.8917,-0.082442,1.0496,-0.061832,1.2537,-0.041221,1.443,-0.020611,0
1.7881,1.8517,-0,1.485,0.031,1.4593,0.062,1.2892,0.093,1.0884,0.124,0.9082,0.155,0.7668,0.186,0.6639,0.217,0.567,0.248,0.553,0.279,0.5445,0.31,0.4334,0.3409,0.4744,0.3719,0.5531,0.4029,0.2528,0.4339,0.4131,0.4649,0.5021,0.4959,0,0.5269,0,0.5579,0,0.5889,0,-0.72054,0.2019,-0.68451,0.27653,-0.64849,0.068103,-0.61246,0.14123,-0.57643,0.52213,-0.5404,0.56294,-0.50438,0.65437,-0.46835,0.44006,-0.43232,0.53262,-0.3963,0.63921,-0.36027,0.48684,-0.32424,0.53395,-0.28822,0.54174,-0.25219,0.59055,-0.21616,0.61028,-0.18013,0.73289,-0.14411,0.91445,-0.10808,1.1398,-0.072054,1.4608,-0.036027,0
1.7689,1.8871,-0,1.3353,0.0234,1.3234,0.0468,1.2664,0.0701,1.1436,0.0935,1.0161,0.1169,0.8929,0.1403,0.7888,0.1637,0.6981,0.187,0.6112,0.2104,0.5547,0.2338,0.4949,0.2572,0.4315,0.2806,0.3126,0.3039,0.3289,0.3273,0.3569,0.3507,0.3175,0.3741,0.2687,0.3975,0.3451,0.4209,0.6319,0.4442,0,-0.55942,0.3442,-0.53145,0.088945,-0.50348,0.27833,-0.47551,0.26354,-0.44754,0.25522,-0.41957,0.42913,-0.39159,0.43874,-0.36362,0.42386,-0.33565,0.26295,-0.30768,0.42169,-0.27971,0.42379,-0.25174,0.50798,-0.22377,0.56746,-0.1958,0.64245,-0.16783,0.73979,-0.13986,0.84469,-0.11188,1.0036,-0.083913,1.2188,-0.055942,1.4697,-0.027971,0
1.7294,1.8539,-0,1.2513,0.0212,1.1826,0.0423,1.2049,0.0635,1.1424,0.0847,1.0566,0.1059,0.9574,0.127,0.8403,0.1482,0.7323,0.1694,0.6468,0.1905,0.5997,0.2117,0.5493,0.2329,0.5226,0.254,0.4358,0.2752,0.3801,0.2964,0.3122,0.3176,0.3938,0.3387,0.42,0.3599,0.4959,0.3811,0.252,0.4022,0,-0.4455,0.31264,-0.42323,0.39575,-0.40095,0.32665,-0.37868,0.29461,-0.3564,0.33537,-0.33413,0.33133,-0.31185,0.2861,-0.28958,0.3864,-0.2673,0.38997,-0.24503,0.42646,-0.22275,0.48076,-0.20048,0.53038,-0.1782,0.58925,-0.15593,0.68231,-0.13365,0.78677,-0.11138,0.90578,-0.0891,1.0486,-0.066825,1.2393,-0.04455,1.3924,-0.022275,0
1.7479,1.8719,-0,1.5117,0.0388,1.4648,0.0777,1.2972,0.1165,1.0824,0.1554,0.8679,0.1942,0.7226,0.233,0.5992,0.2719,0.5215,0.3107,0.4428,0.3495,0.5045,0.3884,0.3489,0.4272,0.459,0.4661,0.5227,0.5049,0.5551,0.5437,0.4477,0.5826,0.4552,0.6214,0.5122,0.6603,0.5795,0.6991,0.3864,0.7379,0,-0.81383,0.3769,-0.77314,0.1601,-0.73245,0.59505,-0.69176,0.51836,-0.65107,0.38111,-0.61038,0.36793,-0.56968,0.47437,-0.52899,0.58758,-0.4883,0.62436,-0.44761,0.38603,-0.40692,0.40891,-0.36623,0.51949,-0.32553,0.42789,-0.28484,0.56051,-0.24415,0.60048,-0.20346,0.70221,-0.16277,0.87909,-0.12208,1.1361,-0.081383,1.4637,-0.040692,0
1.7441,1.883,-0,1.2082,0.0181,1.1318,0.0363,1.1497,0.0544,1.1066,0.0725,1.0354,0.0906,0.9419,0.1088,0.8898,0.1269,0.8001,0.145,0.7136,0.1631,0.6483,0.1813,0.5732,0.1994,0.5346,0.2175,0.4914,0.2356,0.4708,0.2538,0.4272,0.2719,0.4287,0.29,0.38,0.3081,0.3443,0.3263,0.2363,0.3444,0,-0.45533,0,-0.43257,0.4692,-0.4098,0.39925,-0.38703,0.21314,-0.36427,0.21017,-0.3415,0.2305,-0.31873,0.29587,-0.29597,0.29515,-0.2732,0.40289,-0.25043,0.41304,-0.22767,0.45321,-0.2049,0.50669,-0.18213,0.57475,-0.15937,0.63209,-0.1366,0.74383,-0.11383,0.88014,-0.091067,1.0521,-0.0683,1.2466,-0.045533,1.4285,-0.022767,0
1.7283,1.8922,-0,1.2133,0.0174,1.1906,0.0348,1.2143,0.0522,1.1507,0.0696,1.0557,0.087,0.9556,0.1043,0.8484,0.1217,0.7664,0.1391,0.6797,0.1565,0.6143,0.1739,0.5636,0.1913,0.4967,0.2087,0.4561,0.2261,0.4206,0.2435,0.427,0.2609,0.3829,0.2783,0.3319,0.2956,0.3961,0.313,0.3868,0.3304,0,-0.37134,0.43781,-0.35278,0.30937,-0.33421,0.42579,-0.31564,0.26206,-0.29707,0.32356,-0.27851,0.37443,-0.25994,0.32047,-0.24137,0.35752,-0.22281,0.41602,-0.20424,0.40117,-0.18567,0.48866,-0.1671,0.49988,-0.14854,0.60261,-0.12997,0.67396,-0.1114,0.79504,-0.092836,0.94194,-0.074268,1.1,-0.055701,1.2803,-0.037134,1.3816,-0.018567,0
1.7534,1.8902,-0,1.2338,0.0166,1.2312,0.0332,1.2375,0.0498,1.1682,0.0664,1.0492,0.0831,0.9331,0.0997,0.8326,0.1163,0.7465,0.1329,0.6851,0.1495,0.5746,0.1661,0.5286,0.1827,0.4835,0.1993,0.4371,0.216,0.4058,0.2326,0.382,0.2492,0.2813,0.2658,0.3408,0.2824,0.4311,0.299,0.3698,0.3156,0,-0.32845,0.35832,-0.31202,0.30055,-0.2956,0.36738,-0.27918,0.22309,-0.26276,0.37438,-0.24633,0.30592,-0.22991,0.33407,-0.21349,0.40265,-0.19707,0.44543,-0.18065,0.45503,-0.16422,0.50102,-0.1478,0.55569,-0.13138,0.63302,-0.11496,0.69487,-0.098534,0.8224,-0.082111,0.96765,-0.065689,1.1228,-0.049267,1.2798,-0.032845,1.362,-0.016422,0
1.7619,1.8904,-0,1.2288,0.0183,1.1918,0.0366,1.1954,0.0549,1.1408,0.0732,1.0444,0.0915,0.9433,0.1098,0.863,0.1282,0.7669,0.1465,0.6785,0.1648,0.6225,0.1831,0.5472,0.2014,0.4819,0.2197,0.4574,0.238,0.449,0.2563,0.3847,0.2746,0.3857,0.2929,0.2924,0.3112,0.2511,0.3295,0.3383,0.3478,0,-0.37859,0.18822,-0.35966,0.36581,-0.34073,0.36905,-0.3218,0.26926,-0.30287,0.28243,-0.28394,0.35678,-0.26501,0.37306,-0.24608,0.39159,-0.22715,0.3941,-0.20823,0.45101,-0.1893,0.48927,-0.17037,0.56609,-0.15144,0.6061,-0.13251,0.68088,-0.11358,0.77335,-0.094648,0.90703,-0.075718,1.0804,-0.056789,1.2544,-0.037859,1.3985,-0.01893,0
1.728,1.8959,-0,1.2261,0.0183,1.1891,0.0365,1.1882,0.0548,1.1223,0.073,1.0376,0.0913,0.9606,0.1095,0.8647,0.1278,0.7866,0.146,0.6962,0.1643,0.6301,0.1826,0.5571,0.2008,0.5229,0.2191,0.4535,0.2373,0.4349,0.2556,0.4213,0.2738,0.3883,0.2921,0.2825,0.3103,0.2456,0.3286,0.33,0.3468,0,-0.41248,0.10959,-0.39185,0,-0.37123,0.3915,-0.3506,0.12545,-0.32998,0.28771,-0.30936,0.2627,-0.28873,0.27879,-0.26811,0.32583,-0.24749,0.39538,-0.22686,0.40274,-0.20624,0.4714,-0.18561,0.52389,-0.16499,0.58471,-0.14437,0.66354,-0.12374,0.77073,-0.10312,0.90815,-0.082495,1.0642,-0.061871,1.2504,-0.041248,1.4158,-0.020624,0
1.8631,1.8281,-0,1.3129,0.0129,1.3374,0.0258,1.2724,0.0387,1.1506,0.0516,1.0184,0.0645,0.8962,0.0773,0.7758,0.0902,0.6719,0.1031,0.6031,0.116,0.5395,0.1289,0.4938,0.1418,0.4357,0.1547,0.3262,0.1676,0.3497,0.1805,0.2668,0.1934,0.221,0.2063,0.1414,0.2192,0.2645,0.232,0,0.2449,0,-0.28731,0.15305,-0.27294,0.36181,-0.25857,0.32329,-0.24421,0.29606,-0.22984,0.40021,-0.21548,0.26693,-0.20111,0.35258,-0.18675,0.39609,-0.17238,0.42859,-0.15802,0.465,-0.14365,0.51874,-0.12929,0.57445,-0.11492,0.66749,-0.10056,0.76056,-0.086192,0.88775,-0.071826,1.0248,-0.057461,1.1535,-0.043096,1.2888,-0.028731,1.3834,-0.014365,0
1.8719,1.8344,-0,1.3178,0.0136,1.3422,0.0272,1.2801,0.0408,1.1534,0.0543,1.0113,0.0679,0.8862,0.0815,0.7642,0.0951,0.6719,0.1087,0.5924,0.1223,0.5088,0.1358,0.4921,0.1494,0.4416,0.163,0.3586,0.1766,0.3567,0.1902,0.3366,0.2038,0.3306,0.2173,0.2871,0.2309,0.2684,0.2445,0.2703,0.2581,0,-0.31848,0.42575,-0.30256,0.20881,-0.28663,0.19509,-0.27071,0.29852,-0.25479,0.30159,-0.23886,0.3966,-0.22294,0.37038,-0.20701,0.38736,-0.19109,0.43355,-0.17517,0.48656,-0.15924,0.52065,-0.14332,0.55391,-0.12739,0.63121,-0.11147,0.73129,-0.095545,0.85417,-0.079621,0.99809,-0.063696,1.1551,-0.047772,1.3055,-0.031848,1.405,-0.015924,0
1.888,1.7828,-0,1.2695,0.0097,1.2673,0.0195,1.2553,0.0292,1.1645,0.0389,1.0553,0.0487,0.9343,0.0584,0.8224,0.0681,0.7342,0.0779,0.6483,0.0876,0.5785,0.0973,0.5202,0.1071,0.4619,0.1168,0.4175,0.1265,0.3745,0.1363,0.3139,0.146,0.2915,0.1557,0.2111,0.1655,0.2527,0.1752,0.1079,0.1849,0,-0.21926,0.49867,-0.20829,-0.00011566,-0.19733,0.15123,-0.18637,0.26476,-0.17541,0.21485,-0.16444,0.25801,-0.15348,0.35078,-0.14252,0.42012,-0.13155,0.43788,-0.12059,0.47948,-0.10963,0.53936,-0.098666,0.62967,-0.087703,0.70585,-0.07674,0.80088,-0.065777,0.90976,-0.054814,1.0418,-0.043851,1.1784,-0.032889,1.2883,-0.021926,1.3368,-0.010963,0
1.8827,1.8286,-0,1.3737,0.0132,1.3675,0.0264,1.2652,0.0396,1.1362,0.0527,0.9963,0.0659,0.8728,0.0791,0.7704,0.0923,0.6765,0.1055,0.5981,0.1187,0.5247,0.1318,0.4685,0.145,0.4099,0.1582,0.3112,0.1714,0.3975,0.1846,0.3354,0.1978,0.1059,0.211,0.1512,0.2241,0.5124,0.2373,0,0.2505,0,-0.29305,0.54217,-0.2784,0.18984,-0.26375,0.43228,-0.24909,0.24629,-0.23444,0.30119,-0.21979,0.1592,-0.20514,0.33802,-0.19048,0.33467,-0.17583,0.42427,-0.16118,0.45842,-0.14653,0.52381,-0.13187,0.55722,-0.11722,0.6532,-0.10257,0.76463,-0.087916,0.86787,-0.073263,0.99475,-0.058611,1.1371,-0.043958,1.2973,-0.029305,1.4072,-0.014653,0
1.8625,1.8655,-0,1.3657,0.0167,1.356,0.0334,1.248,0.0501,1.0994,0.0668,0.9549,0.0835,0.8453,0.1002,0.7508,0.1169,0.6646,0.1337,0.6047,0.1504,0.5328,0.1671,0.479,0.1838,0.4709,0.2005,0.4297,0.2172,0.4506,0.2339,0.3305,0.2506,0.3422,0.2673,0.2295,0.284,0.4272,0.3007,0.3189,0.3174,0,-0.39628,0.32422,-0.37647,0,-0.35666,0,-0.33684,0.24896,-0.31703,0.33029,-0.29721,0.24996,-0.2774,0.33946,-0.25759,0.40593,-0.23777,0.34844,-0.21796,0.46252,-0.19814,0.46906,-0.17833,0.54569,-0.15851,0.62577,-0.1387,0.71805,-0.11889,0.83576,-0.099071,0.94543,-0.079257,1.0876,-0.059443,1.2564,-0.039628,1.4349,-0.019814,0
1.8524,1.851,-0,1.3353,0.015,1.3279,0.03,1.2504,0.045,1.1181,0.0601,0.9888,0.0751,0.8624,0.0901,0.7677,0.1051,0.6807,0.1201,0.6125,0.1351,0.519,0.1502,0.4829,0.1652,0.4705,0.1802,0.3801,0.1952,0.4158,0.2102,0.3718,0.2252,0.5418,0.2403,0.2686,0.2553,0.316,0.2703,0,0.2853,0,-0.31176,0.081465,-0.29617,-0.068103,-0.28058,0.30937,-0.26499,0.23717,-0.24941,0.29052,-0.23382,0.28503,-0.21823,0.29766,-0.20264,0.33588,-0.18705,0.39526,-0.17147,0.4216,-0.15588,0.51857,-0.14029,0.56451,-0.1247,0.65047,-0.10911,0.73775,-0.093527,0.85095,-0.077939,0.96977,-0.062351,1.0963,-0.046764,1.2408,-0.031176,1.3924,-0.015588,0
1.8773,1.8408,-0,1.3533,0.0149,1.3363,0.0299,1.2405,0.0448,1.1185,0.0597,0.9731,0.0746,0.858,0.0896,0.7556,0.1045,0.6749,0.1194,0.5815,0.1344,0.5308,0.1493,0.5181,0.1642,0.4691,0.1792,0.4255,0.1941,0.3707,0.209,0.3822,0.2239,0.3091,0.2389,0.2726,0.2538,0.1524,0.2687,0.4153,0.2837,0,-0.34403,0.12165,-0.32683,0.34833,-0.30963,0.18323,-0.29243,0.33949,-0.27522,0.28088,-0.25802,0.44512,-0.24082,0.35357,-0.22362,0.42027,-0.20642,0.4529,-0.18922,0.46976,-0.17202,0.4917,-0.15481,0.55606,-0.13761,0.63666,-0.12041,0.72331,-0.10321,0.83581,-0.086008,0.94988,-0.068806,1.0918,-0.051605,1.2481,-0.034403,1.4057,-0.017202,0
1.8558,1.8724,-0,1.3133,0.015,1.3254,0.03,1.2402,0.0451,1.1201,0.0601,0.9802,0.0751,0.8797,0.0901,0.7762,0.1051,0.679,0.1202,0.6132,0.1352,0.5604,0.1502,0.5181,0.1652,0.4921,0.1802,0.4238,0.1952,0.3949,0.2103,0.2661,0.2253,0.2759,0.2403,0.2157,0.2553,0.2489,0.2703,0.2384,0.2854,0,-0.33949,0.42174,-0.32252,0.2737,-0.30554,0.37892,-0.28857,0.24424,-0.27159,0.37156,-0.25462,0.23762,-0.23764,0.26288,-0.22067,0.40801,-0.20369,0.43258,-0.18672,0.44598,-0.16974,0.51755,-0.15277,0.58605,-0.1358,0.6471,-0.11882,0.7358,-0.10185,0.85709,-0.084872,0.98273,-0.067898,1.1174,-0.050923,1.2776,-0.033949,1.3846,-0.016974,0
1.8848,1.8364,-0,1.3567,0.0132,1.3425,0.0264,1.2785,0.0396,1.1412,0.0528,0.9974,0.0659,0.8846,0.0791,0.7842,0.0923,0.6873,0.1055,0.6289,0.1187,0.5442,0.1319,0.46,0.1451,0.411,0.1583,0.4246,0.1715,0.3597,0.1847,0.374,0.1978,0.1833,0.211,0.2233,0.2242,-0.0326,0.2374,0,0.2506,0,-0.28312,0.14623,-0.26896,0.27834,-0.25481,0.16262,-0.24065,0.29595,-0.2265,0.29642,-0.21234,0.2804,-0.19818,0.34358,-0.18403,0.38205,-0.16987,0.41599,-0.15572,0.45996,-0.14156,0.54141,-0.1274,0.61289,-0.11325,0.68419,-0.099092,0.76453,-0.084936,0.8752,-0.07078,0.99987,-0.056624,1.1585,-0.042468,1.3048,-0.028312,1.3781,-0.014156,0
1.884,1.8492,-0,1.3553,0.0149,1.3498,0.0298,1.2728,0.0447,1.1346,0.0596,1.0055,0.0745,0.8933,0.0894,0.7764,0.1043,0.6655,0.1192,0.5716,0.1341,0.5176,0.1489,0.4861,0.1638,0.4653,0.1787,0.4303,0.1936,0.3218,0.2085,0.3564,0.2234,0.3309,0.2383,0.3229,0.2532,0.4339,0.2681,0.7197,0.283,0,-0.33119,0.2019,-0.31463,0.15705,-0.29807,0.36264,-0.28151,0.43782,-0.26495,0.31821,-0.24839,0.31811,-0.23183,0.40888,-0.21527,0.38372,-0.19871,0.45476,-0.18215,0.49051,-0.16559,0.51152,-0.14904,0.58749,-0.13248,0.64638,-0.11592,0.73651,-0.099357,0.8556,-0.082797,1.0045,-0.066238,1.1366,-0.049678,1.2898,-0.033119,1.4094,-0.016559,0
1.8968,1.8044,-0,1.3374,0.0115,1.3408,0.023,1.2719,0.0345,1.1587,0.046,1.0318,0.0576,0.908,0.0691,0.797,0.0806,0.6947,0.0921,0.6057,0.1036,0.5271,0.1151,0.4579,0.1266,0.4193,0.1381,0.4103,0.1497,0.3999,0.1612,0.3036,0.1727,0.2459,0.1842,0.1725,0.1957,0.2371,0.2072,0.2839,0.2187,0,-0.2721,0.39086,-0.2585,0.59267,-0.24489,0.12629,-0.23129,0.4074,-0.21768,0.28608,-0.20408,0.37494,-0.19047,0.34718,-0.17687,0.35875,-0.16326,0.43542,-0.14966,0.47168,-0.13605,0.52063,-0.12245,0.57511,-0.10884,0.64842,-0.095235,0.75463,-0.08163,0.87214,-0.068025,1.008,-0.05442,1.1647,-0.040815,1.3098,-0.02721,1.4006,-0.013605,0
1.8922,1.8112,-0,1.4189,0.0142,1.4248,0.0283,1.3226,0.0425,1.1382,0.0567,0.9716,0.0709,0.816,0.085,0.6767,0.0992,0.5653,0.1134,0.496,0.1275,0.4481,0.1417,0.4058,0.1559,0.3026,0.1701,0.4312,0.1842,0.4845,0.1984,0.4402,0.2126,0.1521,0.2267,0.4717,0.2409,0,0.2551,0.4717,0.2693,0,-0.26676,0.44467,-0.25342,0.3442,-0.24008,0.44989,-0.22675,0.52678,-0.21341,0.36855,-0.20007,0.33075,-0.18673,0.42266,-0.17339,0.355,-0.16006,0.4457,-0.14672,0.47229,-0.13338,0.47461,-0.12004,0.53473,-0.1067,0.62526,-0.093366,0.7418,-0.080028,0.86652,-0.06669,1.0076,-0.053352,1.1646,-0.040014,1.3175,-0.026676,1.4117,-0.013338,0
1.8701,1.831,-0,1.4616,0.0178,1.3805,0.0356,1.2146,0.0534,1.033,0.0713,0.9111,0.0891,0.7863,0.1069,0.7087,0.1247,0.6571,0.1425,0.6159,0.1603,0.5445,0.1781,0.4932,0.196,0.4054,0.2138,0.4223,0.2316,0.474,0.2494,0.5937,0.2672,0.4038,0.285,0.4554,0.3028,0.3191,0.3206,0.7703,0.3385,0,-0.42212,0.41626,-0.40101,0.18602,-0.37991,0.11359,-0.3588,0.50441,-0.3377,0.29817,-0.31659,0.40074,-0.29548,0.34729,-0.27438,0.40839,-0.25327,0.40415,-0.23217,0.42213,-0.21106,0.4721,-0.18995,0.5388,-0.16885,0.62613,-0.14774,0.70152,-0.12664,0.80206,-0.10553,0.9176,-0.084424,1.083,-0.063318,1.2503,-0.042212,1.4307,-0.021106,0
1.8512,1.8343,-0,1.3933,0.015,1.3319,0.0301,1.2137,0.0451,1.0784,0.0601,0.942,0.0752,0.8557,0.0902,0.7497,0.1052,0.6869,0.1203,0.6038,0.1353,0.5643,0.1504,0.4975,0.1654,0.5003,0.1804,0.4528,0.1955,0.4099,0.2105,0.3731,0.2255,0.3897,0.2406,0.4505,0.2556,0.1882,0.2706,0.3483,0.2857,0,-0.30742,0.34028,-0.29204,0.23716,-0.27667,0.29289,-0.2613,0.27678,-0.24593,0.31746,-0.23056,0.3841,-0.21519,0.34406,-0.19982,0.39249,-0.18445,0.44513,-0.16908,0.47476,-0.15371,0.52206,-0.13834,0.60989,-0.12297,0.67204,-0.1076,0.75546,-0.092225,0.86953,-0.076854,0.96945,-0.061483,1.0879,-0.046112,1.2411,-0.030742,1.3704,-0.015371,0
1.8574,1.7826,-0,1.3768,0.0139,1.3127,0.0279,1.2237,0.0418,1.0846,0.0557,0.9719,0.0697,0.853,0.0836,0.7695,0.0975,0.6826,0.1115,0.62,0.1254,0.5782,0.1393,0.5138,0.1533,0.4504,0.1672,0.4606,0.1811,0.3962,0.195,0.4089,0.209,0.3021,0.2229,0.3035,0.2368,0.4653,0.2508,0.3623,0.2647,0,-0.32432,0.61397,-0.3081,0.65997,-0.29188,0.57611,-0.27567,0.17191,-0.25945,0.32016,-0.24324,0.39944,-0.22702,0.34041,-0.21081,0.35555,-0.19459,0.38399,-0.17837,0.46109,-0.16216,0.4919,-0.14594,0.54478,-0.12973,0.60724,-0.11351,0.72974,-0.097295,0.82626,-0.081079,0.93707,-0.064863,1.095,-0.048647,1.2603,-0.032432,1.4045,-0.016216,0
1.8542,1.8075,-0,1.3959,0.0133,1.31,0.0267,1.2166,0.04,1.0771,0.0534,0.9516,0.0667,0.8498,0.0801,0.7697,0.0934,0.6927,0.1068,0.6447,0.1201,0.5684,0.1335,0.5171,0.1468,0.4568,0.1602,0.4268,0.1735,0.4256,0.1869,0.3733,0.2002,0.345,0.2135,0.3598,0.2269,0.4532,0.2402,0,0.2536,0,-0.27607,0.36581,-0.26227,0.40344,-0.24846,0.33089,-0.23466,0.37839,-0.22086,0.30399,-0.20705,0.39478,-0.19325,0.39255,-0.17945,0.41929,-0.16564,0.42209,-0.15184,0.49795,-0.13804,0.53293,-0.12423,0.62995,-0.11043,0.68485,-0.096625,0.76791,-0.082821,0.86547,-0.069018,0.97688,-0.055214,1.1052,-0.041411,1.2398,-0.027607,1.3523,-0.013804,0
1.8296,1.8799,-0,1.3252,0.0155,1.314,0.0309,1.2315,0.0464,1.1006,0.0619,0.9774,0.0774,0.8569,0.0928,0.7575,0.1083,0.6792,0.1238,0.63,0.1393,0.5656,0.1547,0.5061,0.1702,0.4531,0.1857,0.414,0.2011,0.3836,0.2166,0.4075,0.2321,0.3197,0.2476,0.3047,0.263,-0,0.2785,0.3247,0.294,0,-0.33294,0.30634,-0.31629,0.36232,-0.29965,0.16681,-0.283,0.26201,-0.26635,0.33192,-0.2497,0.36019,-0.23306,0.42184,-0.21641,0.46279,-0.19976,0.4546,-0.18312,0.46718,-0.16647,0.53207,-0.14982,0.59694,-0.13318,0.68728,-0.11653,0.78549,-0.099882,0.88718,-0.083235,0.99556,-0.066588,1.1227,-0.049941,1.2401,-0.033294,1.3628,-0.016647,0
1.8374,1.8916,-0,1.399,0.0184,1.3587,0.0367,1.2146,0.0551,1.0625,0.0734,0.9345,0.0918,0.8283,0.1102,0.7467,0.1285,0.6809,0.1469,0.5917,0.1653,0.5403,0.1836,0.5058,0.202,0.5138,0.2203,0.4595,0.2387,0.3907,0.2571,0.3745,0.2754,0.3662,0.2938,0.2408,0.3122,0.2887,0.3305,0,0.3489,0,-0.4427,0.50961,-0.42056,0.11359,-0.39843,0.083795,-0.37629,0.11054,-0.35416,0.32219,-0.33202,0.40487,-0.30989,0.43329,-0.28775,0.41424,-0.26562,0.40524,-0.24348,0.45426,-0.22135,0.54122,-0.19921,0.59752,-0.17708,0.63579,-0.15494,0.72597,-0.13281,0.83339,-0.11067,0.96884,-0.08854,1.0954,-0.066405,1.2432,-0.04427,1.4228,-0.022135,0
1.8289,1.8614,-0,1.364,0.0164,1.3567,0.0327,1.2533,0.0491,1.1043,0.0655,0.9684,0.0818,0.8468,0.0982,0.751,0.1146,0.6784,0.1309,0.6016,0.1473,0.5565,0.1637,0.5067,0.18,0.4373,0.1964,0.3931,0.2128,0.3928,0.2291,0.3286,0.2455,0.2756,0.2619,0.1651,0.2783,0,0.2946,0.1979,0.311,0,-0.35209,0.2737,-0.33448,0,-0.31688,0,-0.29927,0.35249,-0.28167,0.24961,-0.26407,0.34376,-0.24646,0.3744,-0.22886,0.35354,-0.21125,0.45967,-0.19365,0.46416,-0.17604,0.50536,-0.15844,0.57855,-0.14084,0.6521,-0.12323,0.74365,-0.10563,0.85555,-0.088022,0.99196,-0.070418,1.108,-0.052813,1.2509,-0.035209,1.3983,-0.017604,0
1.8117,1.8507,-0,1.269,0.0133,1.2411,0.0267,1.1972,0.04,1.1128,0.0534,1.0112,0.0667,0.8978,0.0801,0.8096,0.0934,0.7136,0.1067,0.636,0.1201,0.5621,0.1334,0.5472,0.1468,0.5208,0.1601,0.4698,0.1734,0.4383,0.1868,0.3668,0.2001,0.3531,0.2135,0.3463,0.2268,0.3461,0.2402,0.2459,0.2535,0,-0.31734,0.071992,-0.30147,0.071703,-0.2856,0.23527,-0.26974,0.29596,-0.25387,0.33641,-0.238,0.34761,-0.22214,0.30678,-0.20627,0.35057,-0.1904,0.42587,-0.17454,0.47543,-0.15867,0.52414,-0.1428,0.59855,-0.12694,0.67263,-0.11107,0.76548,-0.095201,0.8874,-0.079335,1.0009,-0.063468,1.116,-0.047601,1.2408,-0.031734,1.3504,-0.015867,0
1.8585,1.7426,-0,1.5195,0.0231,1.415,0.0461,1.2348,0.0692,1.0542,0.0923,0.9133,0.1153,0.7934,0.1384,0.7233,0.1615,0.6632,0.1846,0.5933,0.2076,0.5574,0.2307,0.5058,0.2538,0.4658,0.2768,0.3948,0.2999,0.4102,0.323,0.4109,0.346,0.3271,0.3691,0.2856,0.3922,0.2061,0.4153,0.3943,0.4383,0,-0.51664,0,-0.4908,0.2061,-0.46497,0.138,-0.43914,0.30365,-0.41331,0.36003,-0.38748,0.28665,-0.36165,0.37196,-0.33581,0.38869,-0.30998,0.49932,-0.28415,0.51953,-0.25832,0.51214,-0.23249,0.63254,-0.20665,0.68424,-0.18082,0.75352,-0.15499,0.82951,-0.12916,0.95054,-0.10333,1.1054,-0.077495,1.2799,-0.051664,1.4375,-0.025832,0
1.8604,1.7178,-0,1.4933,0.026,1.404,0.052,1.2141,0.078,1.0533,0.104,0.8985,0.13,0.7952,0.156,0.6928,0.182,0.637,0.208,0.5864,0.234,0.5039,0.26,0.5222,0.286,0.5051,0.312,0.5146,0.3379,0.4505,0.3639,0.4451,0.3899,0.4072,0.4159,0.495,0.4419,0.471,0.4679,0.2167,0.4939,0,-0.66589,0.50538,-0.6326,0.27833,-0.5993,0.39358,-0.56601,0.41566,-0.53271,0.37748,-0.49942,0.48501,-0.46612,0.45103,-0.43283,0.4645,-0.39954,0.46139,-0.36624,0.51704,-0.33295,0.56218,-0.29965,0.58594,-0.26636,0.6498,-0.23306,0.73087,-0.19977,0.79579,-0.16647,0.92139,-0.13318,1.0782,-0.099884,1.2596,-0.066589,1.4401,-0.033295,0
1.8341,1.7028,-0,1.751,0.0532,1.4123,0.1063,1.1146,0.1595,0.8878,0.2127,0.7643,0.2658,0.6738,0.319,0.5929,0.3722,0.5753,0.4253,0.5284,0.4785,0.5811,0.5316,0.5464,0.5848,0.6226,0.638,0.5283,0.6911,0.4348,0.7443,0.3963,0.7975,0.3013,0.8506,0.5892,0.9038,0,0.957,0.4338,1.0101,0,-1.1182,0.12165,-1.0623,0,-1.0064,0.85914,-0.95048,0.2759,-0.89457,0.48096,-0.83866,0.38267,-0.78275,0.47263,-0.72684,0.49146,-0.67093,0.53796,-0.61502,0.4993,-0.55911,0.58912,-0.5032,0.54955,-0.44728,0.60353,-0.39137,0.64896,-0.33546,0.70894,-0.27955,0.83065,-0.22364,0.96944,-0.16773,1.1775,-0.11182,1.482,-0.055911,0
1.8545,1.7515,-0,1.5787,0.0303,1.4539,0.0606,1.215,0.0909,1.017,0.1213,0.8672,0.1516,0.7563,0.1819,0.6713,0.2122,0.6104,0.2425,0.5945,0.2728,0.5135,0.3031,0.5076,0.3334,0.4649,0.3638,0.5428,0.3941,0.4177,0.4244,0.4198,0.4547,0.3746,0.485,0.4189,0.5153,0.3197,0.5456,0.2831,0.5759,0,-0.65775,0.1817,-0.62486,0.38512,-0.59197,0.4428,-0.55909,0.46253,-0.5262,0.45725,-0.49331,0.35,-0.46042,0.40696,-0.42754,0.47438,-0.39465,0.49105,-0.36176,0.52812,-0.32887,0.5502,-0.29599,0.57045,-0.2631,0.62175,-0.23021,0.69965,-0.19732,0.79655,-0.16444,0.90311,-0.13155,1.0695,-0.098662,1.281,-0.065775,1.4822,-0.032887,0
1.7853,1.8534,-0,1.4664,0.0277,1.4092,0.0553,1.2527,0.083,1.0753,0.1106,0.9259,0.1383,0.7848,0.1659,0.7035,0.1936,0.6417,0.2212,0.6027,0.2489,0.5417,0.2765,0.5036,0.3042,0.4908,0.3318,0.4488,0.3595,0.4374,0.3872,0.4903,0.4148,0.4042,0.4425,0.2611,0.4701,0.1752,0.4978,0.2761,0.5254,0,-0.68194,0.071801,-0.64784,0.2319,-0.61375,0.42775,-0.57965,0.35128,-0.54555,0.26625,-0.51145,0.4393,-0.47736,0.3045,-0.44326,0.47566,-0.40916,0.49451,-0.37507,0.506,-0.34097,0.55525,-0.30687,0.62499,-0.27278,0.67152,-0.23868,0.72363,-0.20458,0.81086,-0.17048,0.92221,-0.13639,1.0851,-0.10229,1.2866,-0.068194,1.4481,-0.034097,0
1.7869,1.8223,-0,1.5804,0.0415,1.4388,0.0829,1.2039,0.1244,0.9977,0.1658,0.8435,0.2073,0.733,0.2487,0.6796,0.2902,0.6569,0.3316,0.6056,0.3731,0.5714,0.4145,0.4567,0.456,0.5156,0.4974,0.5155,0.5389,0.4707,0.5803,0.3523,0.6218,0.4008,0.6632,0.6963,0.7047,0.4448,0.7461,0,0.7876,0,-1.0774,0.1181,-1.0235,0.43228,-0.96963,0.41845,-0.91576,0.32839,-0.86189,0.3352,-0.80802,0.47786,-0.75416,0.48133,-0.70029,0.47258,-0.64642,0.45942,-0.59255,0.45756,-0.53868,0.57936,-0.48481,0.53398,-0.43095,0.63036,-0.37708,0.68633,-0.32321,0.73201,-0.26934,0.84587,-0.21547,1.0074,-0.1616,1.2238,-0.10774,1.472,-0.053868,0
1.8549,1.7453,-0,1.5597,0.0349,1.4526,0.0698,1.2218,0.1047,1.0063,0.1396,0.8258,0.1745,0.7137,0.2094,0.6471,0.2443,0.6024,0.2792,0.5764,0.3141,0.4854,0.349,0.4355,0.3839,0.4017,0.4188,0.4067,0.4537,0.3685,0.4886,0.5175,0.5234,0.3017,0.5583,0.3925,0.5932,0.1601,0.6281,0,0.663,0,-0.83931,0,-0.79735,0,-0.75538,0,-0.71342,0,-0.67145,0.22822,-0.62948,0.19704,-0.58752,0.35276,-0.54555,0.45334,-0.50359,0.41003,-0.46162,0.471,-0.41966,0.52544,-0.37769,0.57241,-0.33573,0.61753,-0.29376,0.67098,-0.25179,0.74459,-0.20983,0.86548,-0.16786,1.0548,-0.1259,1.271,-0.083931,1.4737,-0.041966,0
1.8555,1.6522,-0,1.5539,0.0265,1.4166,0.053,1.2121,0.0795,1.0281,0.1061,0.8643,0.1326,0.7593,0.1591,0.7095,0.1856,0.6141,0.2121,0.5738,0.2386,0.5432,0.2652,0.5451,0.2917,0.5409,0.3182,0.5014,0.3447,0.4888,0.3712,0.4219,0.3977,0.3715,0.4243,0.4275,0.4508,0.2126,0.4773,0.5422,0.5038,0,-0.67228,0,-0.63867,0.54217,-0.60506,0.4403,-0.57144,0.33724,-0.53783,0.40621,-0.50421,0.36569,-0.4706,0.42064,-0.43698,0.47647,-0.40337,0.52719,-0.36976,0.55023,-0.33614,0.56815,-0.30253,0.58827,-0.26891,0.64969,-0.2353,0.70617,-0.20169,0.78658,-0.16807,0.89922,-0.13446,1.0581,-0.10084,1.2606,-0.067228,1.4595,-0.033614,0
1.8305,1.7855,-0,1.4353,0.0243,1.3934,0.0486,1.2514,0.0729,1.0837,0.0972,0.9162,0.1215,0.8109,0.1458,0.7204,0.1701,0.6521,0.1944,0.5893,0.2187,0.5279,0.2429,0.4872,0.2672,0.4466,0.2915,0.4407,0.3158,0.371,0.3401,0.3255,0.3644,0.2896,0.3887,0.2438,0.413,0.2561,0.4373,0.4038,0.4616,0,-0.59164,0.2737,-0.56206,0.39012,-0.53248,0.40656,-0.50289,0.33583,-0.47331,0.26753,-0.44373,0.24511,-0.41415,0.3439,-0.38457,0.37098,-0.35498,0.44226,-0.3254,0.49021,-0.29582,0.52717,-0.26624,0.59219,-0.23666,0.65849,-0.20707,0.72182,-0.17749,0.8295,-0.14791,0.95208,-0.11833,1.1219,-0.088746,1.2958,-0.059164,1.4057,-0.029582,0
1.8317,1.8297,-0,1.4487,0.0231,1.4129,0.0462,1.2668,0.0693,1.0754,0.0923,0.9279,0.1154,0.8026,0.1385,0.7201,0.1616,0.6609,0.1847,0.611,0.2078,0.5348,0.2308,0.5009,0.2539,0.5184,0.277,0.5235,0.3001,0.4542,0.3232,0.3841,0.3463,0.2633,0.3694,0.2898,0.3924,0.3489,0.4155,0,0.4386,0,-0.55796,0.35234,-0.53006,0,-0.50216,0.1181,-0.47427,0,-0.44637,0.21871,-0.41847,0.3303,-0.39057,0.3866,-0.36267,0.50197,-0.33478,0.48157,-0.30688,0.54643,-0.27898,0.57562,-0.25108,0.59662,-0.22318,0.62842,-0.19529,0.72955,-0.16739,0.80006,-0.13949,0.93339,-0.11159,1.092,-0.083694,1.2998,-0.055796,1.4472,-0.027898,0
1.8334,1.7526,-0,1.6046,0.0244,1.4596,0.0488,1.2145,0.0732,1.0123,0.0976,0.8817,0.1219,0.7779,0.1463,0.7285,0.1707,0.6355,0.1951,0.5541,0.2195,0.493,0.2439,0.3428,0.2683,0.4088,0.2927,0.4115,0.3171,0.4107,0.3414,0.3201,0.3658,0.5318,0.3902,0.5463,0.4146,0.4851,0.439,0.3668,0.4634,0,-0.50924,0.17216,-0.48378,0.3265,-0.45831,0.088945,-0.43285,0.31128,-0.40739,0.36436,-0.38193,0.38701,-0.35647,0.41275,-0.331,0.44712,-0.30554,0.47119,-0.28008,0.49423,-0.25462,0.58992,-0.22916,0.61629,-0.2037,0.71148,-0.17823,0.73477,-0.15277,0.82366,-0.12731,0.94711,-0.10185,1.103,-0.076386,1.2948,-0.050924,1.4743,-0.025462,0
1.8816,1.7288,-0,1.5692,0.0244,1.4318,0.0488,1.2165,0.0732,1.0539,0.0975,0.9093,0.1219,0.7866,0.1463,0.7109,0.1707,0.6428,0.1951,0.5876,0.2195,0.4636,0.2439,0.3917,0.2682,0.4045,0.2926,0.3739,0.317,0.3785,0.3414,0.2955,0.3658,0.4732,0.3902,0.4445,0.4146,0.3093,0.4389,0,0.4633,0,-0.59126,0.42858,-0.5617,0.42858,-0.53214,0.29677,-0.50257,0.37779,-0.47301,0.3334,-0.44345,0.48723,-0.41388,0.38522,-0.38432,0.34086,-0.35476,0.43109,-0.32519,0.57962,-0.29563,0.51314,-0.26607,0.56962,-0.2365,0.6301,-0.20694,0.71973,-0.17738,0.81348,-0.14782,0.93081,-0.11825,1.0809,-0.088689,1.2845,-0.059126,1.481,-0.029563,0
1.9094,1.582,-0,1.6457,0.0268,1.4186,0.0537,1.1914,0.0805,1.0211,0.1074,0.8692,0.1342,0.7674,0.1611,0.6745,0.1879,0.6285,0.2148,0.5874,0.2416,0.5222,0.2685,0.4712,0.2953,0.4535,0.3221,0.346,0.349,0.3703,0.3758,0.4247,0.4027,0.3957,0.4295,0,0.4564,0,0.4832,0,0.5101,0,-0.63193,0,-0.60034,0.34028,-0.56874,0,-0.53714,0,-0.50555,0.50038,-0.47395,0.071992,-0.44235,0.26061,-0.41076,0.35272,-0.37916,0.32647,-0.34756,0.51814,-0.31597,0.47158,-0.28437,0.60201,-0.25277,0.63579,-0.22118,0.7396,-0.18958,0.81514,-0.15798,0.92096,-0.12639,1.0613,-0.09479,1.2618,-0.063193,1.477,-0.031597,0
1.8283,1.8248,-0,1.4513,0.0218,1.4166,0.0436,1.2649,0.0654,1.0957,0.0872,0.9517,0.109,0.842,0.1308,0.7506,0.1526,0.6951,0.1744,0.5894,0.1962,0.5418,0.218,0.519,0.2398,0.4687,0.2616,0.422,0.2834,0.5258,0.3052,0.4085,0.327,0.4977,0.3488,0.3822,0.3706,0.2677,0.3924,0,0.4142,0,-0.54857,0,-0.52114,0,-0.49372,0.47822,-0.46629,0.33353,-0.43886,0.18282,-0.41143,0.44227,-0.384,0.39407,-0.35657,0.49854,-0.32914,0.51808,-0.30172,0.54926,-0.27429,0.54997,-0.24686,0.63558,-0.21943,0.70777,-0.192,0.77153,-0.16457,0.87592,-0.13714,0.97212,-0.10971,1.1237,-0.082286,1.3227,-0.054857,1.4447,-0.027429,0
1.8869,1.6847,-0,1.6733,0.0389,1.4357,0.0779,1.1629,0.1168,0.9603,0.1557,0.8446,0.1946,0.7224,0.2336,0.6654,0.2725,0.5981,0.3114,0.5247,0.3504,0.4073,0.3893,0.4124,0.4282,0.3966,0.4671,0.4159,0.5061,0.3236,0.545,0.3155,0.5839,0.3472,0.6229,0.2631,0.6618,0.4988,0.7007,0.3934,0.7396,0,-0.89546,0.24233,-0.85069,0.088994,-0.80591,0.37048,-0.76114,0.43638,-0.71637,0.35863,-0.67159,0.45837,-0.62682,0.48628,-0.58205,0.41014,-0.53728,0.4046,-0.4925,0.46767,-0.44773,0.58233,-0.40296,0.53066,-0.35818,0.61304,-0.31341,0.6929,-0.26864,0.77125,-0.22386,0.88239,-0.17909,1.0314,-0.13432,1.2564,-0.089546,1.5059,-0.044773,0
1.8678,1.6913,-0,1.5883,0.0295,1.4159,0.0591,1.1987,0.0886,1.0082,0.1181,0.8721,0.1476,0.7515,0.1772,0.6317,0.2067,0.5832,0.2362,0.5356,0.2658,0.4894,0.2953,0.4631,0.3248,0.4646,0.3543,0.4076,0.3839,0.3754,0.4134,0.35,0.4429,0.3753,0.4724,0.1693,0.502,0.3134,0.5315,0.3397,0.561,0,-0.6818,0.48661,-0.64771,0.23591,-0.61362,0.35953,-0.57953,0.34343,-0.54544,0.41788,-0.51135,0.39164,-0.47726,0.34045,-0.44317,0.45248,-0.40908,0.44813,-0.37499,0.47818,-0.3409,0.5169,-0.30681,0.58534,-0.27272,0.66301,-0.23863,0.71192,-0.20454,0.79871,-0.17045,0.92722,-0.13636,1.0983,-0.10227,1.2851,-0.06818,1.4468,-0.03409,0
1.8861,1.7196,-0,1.517,0.027,1.4338,0.0539,1.2484,0.0809,1.0606,0.1078,0.8858,0.1348,0.7638,0.1618,0.6742,0.1887,0.5968,0.2157,0.5327,0.2427,0.4819,0.2696,0.4337,0.2966,0.4279,0.3235,0.3962,0.3505,0.3758,0.3775,0.1993,0.4044,0.2417,0.4314,0.4159,0.4584,0.2244,0.4853,0,0.5123,0,-0.63176,0.2737,-0.60017,0.30633,-0.56858,0.45619,-0.53699,0.5035,-0.50541,0.47868,-0.47382,0.30116,-0.44223,0.34402,-0.41064,0.3768,-0.37906,0.41447,-0.34747,0.43099,-0.31588,0.49657,-0.28429,0.58535,-0.2527,0.63225,-0.22112,0.73012,-0.18953,0.83208,-0.15794,0.94826,-0.12635,1.1118,-0.094764,1.2933,-0.063176,1.4368,-0.031588,0
1.8455,1.8088,-0,1.5799,0.0359,1.4522,0.0719,1.2357,0.1078,1.0428,0.1438,0.8733,0.1797,0.7513,0.2157,0.6498,0.2516,0.5905,0.2876,0.5154,0.3235,0.4593,0.3595,0.5343,0.3954,0.4904,0.4314,0.4882,0.4673,0.5102,0.5033,0.4191,0.5392,0.0698,0.5752,0.4723,0.6111,0,0.6471,0.0855,0.683,0,-0.84992,0.18079,-0.80743,0.20223,-0.76493,0.020687,-0.72243,0.13636,-0.67994,0.28698,-0.63744,0.30483,-0.59495,0.35078,-0.55245,0.48599,-0.50995,0.52256,-0.46746,0.56203,-0.42496,0.53963,-0.38247,0.61679,-0.33997,0.64113,-0.29747,0.71156,-0.25498,0.77472,-0.21248,0.88552,-0.16998,1.0602,-0.12749,1.2737,-0.084992,1.4886,-0.042496,0
1.7879,1.8776,-0,1.5304,0.0238,1.4574,0.0476,1.2355,0.0715,1.0387,0.0953,0.9157,0.1191,0.8245,0.1429,0.7507,0.1667,0.6419,0.1905,0.5911,0.2144,0.5428,0.2382,0.5393,0.262,0.5212,0.2858,0.427,0.3096,0.4298,0.3335,0.4093,0.3573,0.3318,0.3811,0.3953,0.4049,0.2737,0.4287,0,0.4526,0,-0.70114,0.46353,-0.66608,0,-0.63103,0.11642,-0.59597,0.4598,-0.56091,0,-0.52586,0.15705,-0.4908,0.29685,-0.45574,0.1601,-0.42068,0.39684,-0.38563,0.41396,-0.35057,0.50158,-0.31551,0.5444,-0.28046,0.69507,-0.2454,0.69776,-0.21034,0.7942,-0.17529,0.90916,-0.14023,1.0495,-0.10517,1.262,-0.070114,1.5125,-0.035057,0
1.8621,1.7411,-0,1.422,0.0222,1.3878,0.0443,1.2785,0.0665,1.1196,0.0887,0.9759,0.1108,0.8493,0.133,0.724,0.1552,0.6555,0.1773,0.5756,0.1995,0.5253,0.2217,0.4858,0.2438,0.3987,0.266,0.4008,0.2882,0.3668,0.3103,0.304,0.3325,0.2225,0.3546,0.2222,0.3768,0.1652,0.399,-0.0681,0.4211,0,-0.59694,0.26164,-0.56709,0.074649,-0.53725,-0.089504,-0.5074,0.2754,-0.47755,0.29752,-0.44771,0.28049,-0.41786,0.46809,-0.38801,0.46176,-0.35816,0.40795,-0.32832,0.47198,-0.29847,0.54639,-0.26862,0.60471,-0.23878,0.67415,-0.20893,0.74094,-0.17908,0.83671,-0.14924,0.96429,-0.11939,1.1302,-0.089541,1.3024,-0.059694,1.4482,-0.029847,0
1.7661,1.9032,-0,1.2016,0.018,1.2002,0.0361,1.2056,0.0541,1.1337,0.0722,1.0479,0.0902,0.9514,0.1082,0.8558,0.1263,0.7745,0.1443,0.6829,0.1623,0.6135,0.1804,0.5524,0.1984,0.5012,0.2165,0.5108,0.2345,0.439,0.2525,0.3773,0.2706,0.3157,0.2886,0.4453,0.3066,0.5787,0.3247,0.409,0.3427,0,-0.36959,0.29771,-0.35111,0.28333,-0.33263,0.11512,-0.31415,0.16679,-0.29567,0.23806,-0.27719,0.2196,-0.25872,0.28297,-0.24024,0.36104,-0.22176,0.37134,-0.20328,0.4297,-0.1848,0.4458,-0.16632,0.50434,-0.14784,0.55955,-0.12936,0.64788,-0.11088,0.75126,-0.092398,0.89577,-0.073919,1.0514,-0.055439,1.2538,-0.036959,1.4294,-0.01848,0
1.7272,1.9424,-0,1.2809,0.0233,1.2294,0.0467,1.1767,0.07,1.0929,0.0934,1.0247,0.1167,0.946,0.14,0.8641,0.1634,0.7705,0.1867,0.683,0.2101,0.5993,0.2334,0.5219,0.2567,0.4893,0.2801,0.4448,0.3034,0.4274,0.3267,0.4327,0.3501,0.2679,0.3734,0.4681,0.3968,0.4199,0.4201,0,0.4434,0,-0.57068,0.35234,-0.54214,0,-0.51361,0.66449,-0.48508,0.044998,-0.45654,0.58817,-0.42801,0.26181,-0.39947,0.23512,-0.37094,0.3262,-0.34241,0.28814,-0.31387,0.32113,-0.28534,0.43588,-0.2568,0.41705,-0.22827,0.50384,-0.19974,0.57116,-0.1712,0.67066,-0.14267,0.82089,-0.11414,0.97457,-0.085602,1.2082,-0.057068,1.4572,-0.028534,0
1.7734,1.8939,-0,1.1852,0.0174,1.1664,0.0347,1.1662,0.0521,1.11,0.0694,1.0316,0.0868,0.9538,0.1041,0.8691,0.1215,0.7985,0.1389,0.7217,0.1562,0.6425,0.1736,0.5914,0.1909,0.5456,0.2083,0.495,0.2256,0.461,0.243,0.4206,0.2604,0.4151,0.2777,0.3083,0.2951,0.3815,0.3124,0.2902,0.3298,0,-0.34208,0,-0.32497,0.316,-0.30787,0.27193,-0.29077,0.14909,-0.27366,0.23234,-0.25656,0.31413,-0.23945,0.29471,-0.22235,0.35367,-0.20525,0.41103,-0.18814,0.44895,-0.17104,0.47686,-0.15394,0.5357,-0.13683,0.59581,-0.11973,0.70035,-0.10262,0.78667,-0.08552,0.90491,-0.068416,1.0575,-0.051312,1.236,-0.034208,1.3979,-0.017104,0
1.733,1.9043,-0,1.325,0.0297,1.2944,0.0595,1.2275,0.0892,1.1353,0.119,1.0445,0.1487,0.9171,0.1785,0.8002,0.2082,0.6916,0.238,0.5991,0.2677,0.513,0.2975,0.4756,0.3272,0.471,0.357,0.2792,0.3867,0.311,0.4165,0.4086,0.4462,0.3875,0.476,0.2685,0.5057,0.4286,0.5355,0.2359,0.5652,0,-0.5972,0.26847,-0.56734,0.51244,-0.53748,0.64067,-0.50762,0.32776,-0.47776,0.35444,-0.4479,0.20752,-0.41804,0.21338,-0.38818,0.27137,-0.35832,0.3139,-0.32846,0.42253,-0.2986,0.34402,-0.26874,0.45,-0.23888,0.51186,-0.20902,0.58228,-0.17916,0.6912,-0.1493,0.80861,-0.11944,0.97979,-0.08958,1.2035,-0.05972,1.447,-0.02986,0
1.7938,1.9112,-0,1.223,0.019,1.2533,0.0379,1.268,0.0569,1.1844,0.0759,1.0441,0.0949,0.9364,0.1138,0.8307,0.1328,0.7216,0.1518,0.629,0.1707,0.5889,0.1897,0.4981,0.2087,0.4593,0.2277,0.3775,0.2466,0.3621,0.2656,0.261,0.2846,0.3024,0.3036,0.2793,0.3225,0.2634,0.3415,0.1686,0.3605,0,-0.38812,0.46192,-0.36872,-0.027632,-0.34931,0.090279,-0.3299,0.2886,-0.3105,0.21048,-0.29109,0.14932,-0.27168,0.2978,-0.25228,0.30401,-0.23287,0.35485,-0.21347,0.3997,-0.19406,0.419,-0.17465,0.50129,-0.15525,0.56817,-0.13584,0.67915,-0.11644,0.79322,-0.09703,0.92032,-0.077624,1.0991,-0.058218,1.2753,-0.038812,1.4242,-0.019406,0
1.7951,1.93,-0,1.1884,0.018,1.1964,0.036,1.21,0.0539,1.1489,0.0719,1.0571,0.0899,0.9575,0.1079,0.8653,0.1259,0.7575,0.1438,0.6962,0.1618,0.6089,0.1798,0.5571,0.1978,0.4783,0.2158,0.4128,0.2337,0.3853,0.2517,0.3535,0.2697,0.3809,0.2877,0.233,0.3057,0.3474,0.3236,0.3129,0.3416,0,-0.38104,0,-0.36199,0.020684,-0.34293,0.39714,-0.32388,0.33452,-0.30483,0.30243,-0.28578,0.29108,-0.26673,0.27123,-0.24767,0.32185,-0.22862,0.34591,-0.20957,0.38031,-0.19052,0.43575,-0.17147,0.48565,-0.15242,0.58267,-0.13336,0.66335,-0.11431,0.75888,-0.095259,0.88783,-0.076208,1.0568,-0.057156,1.2457,-0.038104,1.4213,-0.019052,0
1.7969,1.9396,-0,1.1506,0.018,1.1831,0.036,1.2082,0.054,1.1451,0.072,1.0595,0.09,0.9658,0.1079,0.8748,0.1259,0.7853,0.1439,0.693,0.1619,0.6188,0.1799,0.5621,0.1979,0.4905,0.2159,0.4113,0.2339,0.3861,0.2519,0.3895,0.2699,0.3527,0.2879,0.307,0.3058,0.2829,0.3238,0.361,0.3418,0,-0.41438,0.2737,-0.39366,0,-0.37294,0.35475,-0.35222,0.16162,-0.33151,0.096657,-0.31079,0.37205,-0.29007,0.26239,-0.26935,0.28146,-0.24863,0.33116,-0.22791,0.36621,-0.20719,0.43221,-0.18647,0.50037,-0.16575,0.56593,-0.14503,0.65022,-0.12431,0.76045,-0.1036,0.89429,-0.082876,1.0546,-0.062157,1.2593,-0.041438,1.4397,-0.020719,0
1.8184,1.9198,-0,1.2397,0.0206,1.2588,0.0412,1.2458,0.0619,1.146,0.0825,1.0461,0.1031,0.9392,0.1237,0.8181,0.1444,0.7263,0.165,0.6518,0.1856,0.5868,0.2062,0.512,0.2269,0.489,0.2475,0.4026,0.2681,0.3748,0.2887,0.4474,0.3094,0.3317,0.33,0.2221,0.3506,0.3606,0.3712,0,0.3919,0,-0.4742,0,-0.45049,0.2061,-0.42678,0.1601,-0.40307,0.23647,-0.37936,0.2143,-0.35565,0.26465,-0.33194,0.37595,-0.30823,0.34068,-0.28452,0.27085,-0.26081,0.3753,-0.2371,0.37353,-0.21339,0.45377,-0.18968,0.5423,-0.16597,0.61974,-0.14226,0.72652,-0.11855,0.84523,-0.09484,1.004,-0.07113,1.2214,-0.04742,1.4604,-0.02371,0
1.7681,1.9291,-0,1.2619,0.0186,1.2681,0.0371,1.1919,0.0557,1.0743,0.0743,0.9704,0.0928,0.9023,0.1114,0.8252,0.13,0.7579,0.1485,0.6972,0.1671,0.6577,0.1857,0.6152,0.2042,0.5523,0.2228,0.5232,0.2414,0.4501,0.2599,0.4082,0.2785,0.3673,0.2971,0.3114,0.3157,0.3349,0.3342,0.2395,0.3528,0,-0.46335,0.4338,-0.44018,0,-0.41701,0,-0.39385,0.35234,-0.37068,0.25418,-0.34751,0.22111,-0.32434,0.24069,-0.30118,0.21139,-0.27801,0.30391,-0.25484,0.26071,-0.23167,0.28974,-0.20851,0.39019,-0.18534,0.43174,-0.16217,0.53064,-0.139,0.63091,-0.11584,0.73883,-0.092669,0.92517,-0.069502,1.1895,-0.046335,1.4772,-0.023167,0
1.7787,1.9205,-0,1.2435,0.0181,1.2505,0.0362,1.1936,0.0542,1.0992,0.0723,0.9965,0.0904,0.9067,0.1085,0.8216,0.1266,0.7509,0.1446,0.7037,0.1627,0.6495,0.1808,0.6256,0.1989,0.537,0.217,0.4855,0.235,0.4577,0.2531,0.4366,0.2712,0.3713,0.2893,0.3807,0.3074,0.3494,0.3254,0.566,0.3435,0,-0.40573,0,-0.38544,0.17191,-0.36516,0.035279,-0.34487,0.22329,-0.32458,0.14435,-0.3043,0.3082,-0.28401,0.23508,-0.26372,0.222,-0.24344,0.28626,-0.22315,0.31133,-0.20286,0.31838,-0.18258,0.37822,-0.16229,0.44484,-0.14201,0.53556,-0.12172,0.65932,-0.10143,0.79014,-0.081146,0.98221,-0.060859,1.2232,-0.040573,1.4769,-0.020286,0
1.7431,1.9204,-0,1.224,0.0189,1.2109,0.0377,1.1676,0.0566,1.0794,0.0754,1.005,0.0943,0.9262,0.1131,0.8597,0.132,0.7809,0.1508,0.7037,0.1697,0.6568,0.1885,0.6057,0.2074,0.5345,0.2262,0.4868,0.2451,0.4449,0.2639,0.4167,0.2828,0.3755,0.3016,0.3328,0.3205,0.4119,0.3393,0.2759,0.3582,0,-0.41413,0,-0.39342,0,-0.37272,0.43546,-0.35201,0.3264,-0.3313,0.22073,-0.3106,0.11286,-0.28989,0.24423,-0.26918,0.3346,-0.24848,0.33932,-0.22777,0.39107,-0.20706,0.41632,-0.18636,0.47307,-0.16565,0.52369,-0.14495,0.60695,-0.12424,0.6916,-0.10353,0.81895,-0.082826,1.0067,-0.062119,1.219,-0.041413,1.4482,-0.020706,0
1.8039,1.9658,-0,1.1898,0.0166,1.2203,0.0333,1.244,0.0499,1.1567,0.0666,1.0443,0.0832,0.9227,0.0999,0.8176,0.1165,0.7454,0.1332,0.6725,0.1498,0.614,0.1665,0.5632,0.1831,0.5006,0.1998,0.4734,0.2164,0.4614,0.2331,0.4062,0.2497,0.4069,0.2664,0.3527,0.283,0.3336,0.2997,0.3259,0.3163,0,-0.35833,0,-0.34041,0,-0.3225,0.20623,-0.30458,0.13243,-0.28666,0.18868,-0.26875,0.22449,-0.25083,0.2863,-0.23291,0.26573,-0.215,0.37515,-0.19708,0.32774,-0.17917,0.40002,-0.16125,0.46823,-0.14333,0.52259,-0.12542,0.60931,-0.1075,0.73834,-0.089583,0.89254,-0.071666,1.0661,-0.05375,1.2876,-0.035833,1.4419,-0.017917,0
1.8002,1.9473,-0,1.2614,0.019,1.3222,0.038,1.2827,0.057,1.1491,0.076,0.9975,0.095,0.8737,0.114,0.7669,0.133,0.7089,0.1519,0.6222,0.1709,0.6027,0.1899,0.5258,0.2089,0.4867,0.2279,0.4575,0.2469,0.4726,0.2659,0.4273,0.2849,0.3869,0.3039,0.3418,0.3229,0.5375,0.3419,0.7193,0.3609,0,-0.42364,0.0030556,-0.40246,0.32422,-0.38127,0.068113,-0.36009,0.15949,-0.33891,0.24703,-0.31773,0.37393,-0.29655,0.4022,-0.27537,0.34252,-0.25418,0.40184,-0.233,0.3623,-0.21182,0.37922,-0.19064,0.4568,-0.16946,0.5028,-0.14827,0.59606,-0.12709,0.68801,-0.10591,0.80895,-0.084728,0.99433,-0.063546,1.2355,-0.042364,1.4847,-0.021182,0
1.804,1.9343,-0,1.2632,0.018,1.2817,0.036,1.2309,0.054,1.1224,0.072,1.016,0.09,0.8945,0.108,0.8249,0.1259,0.7501,0.1439,0.6691,0.1619,0.6093,0.1799,0.5269,0.1979,0.5048,0.2159,0.5004,0.2339,0.4253,0.2519,0.4075,0.2699,0.4029,0.2879,0.3257,0.3059,0.2355,0.3239,0.2256,0.3419,0,-0.38385,0.28295,-0.36466,0.20254,-0.34546,0.088111,-0.32627,0.26313,-0.30708,0.3607,-0.28789,0.2766,-0.26869,0.27851,-0.2495,0.35554,-0.23031,0.35463,-0.21112,0.39033,-0.19192,0.41787,-0.17273,0.46152,-0.15354,0.52169,-0.13435,0.61024,-0.11515,0.68544,-0.095962,0.83238,-0.07677,1.0142,-0.057577,1.2284,-0.038385,1.4608,-0.019192,0
1.8296,1.9732,-0,1.2521,0.0188,1.3083,0.0376,1.2772,0.0564,1.1451,0.0753,0.9983,0.0941,0.8911,0.1129,0.7996,0.1317,0.7358,0.1505,0.6584,0.1693,0.5767,0.1881,0.5452,0.207,0.4883,0.2258,0.4557,0.2446,0.4547,0.2634,0.3996,0.2822,0.4276,0.301,0.3514,0.3198,0.4633,0.3386,0.4078,0.3575,0,-0.44411,0.4338,-0.4219,0,-0.39969,0.29065,-0.37749,0.38218,-0.35528,0.30777,-0.33308,0.3026,-0.31087,0.40678,-0.28867,0.36648,-0.26646,0.39645,-0.24426,0.36283,-0.22205,0.39035,-0.19985,0.37884,-0.17764,0.44347,-0.15544,0.53568,-0.13323,0.66271,-0.11103,0.79591,-0.088821,0.99144,-0.066616,1.2395,-0.044411,1.4986,-0.022205,0
1.7849,1.7355,-0,1.1791,0.0172,1.1254,0.0344,1.1367,0.0516,1.0965,0.0688,1.03,0.086,0.9771,0.1032,0.8967,0.1204,0.8149,0.1376,0.7442,0.1548,0.6583,0.172,0.5953,0.1892,0.5158,0.2064,0.4818,0.2236,0.4438,0.2408,0.4196,0.258,0.4429,0.2752,0.377,0.2924,0.3696,0.3096,0.4715,0.3268,0,-0.38459,0.11359,-0.36536,0.088945,-0.34613,0.14511,-0.3269,0.10147,-0.30767,0.27546,-0.28844,0.31083,-0.26921,0.31924,-0.24998,0.32849,-0.23075,0.34333,-0.21152,0.34992,-0.19229,0.37064,-0.17306,0.46125,-0.15383,0.51319,-0.13461,0.62698,-0.11538,0.72615,-0.096147,0.85741,-0.076917,1.026,-0.057688,1.2295,-0.038459,1.4348,-0.019229,0
1.7948,1.9361,-0,1.2489,0.0189,1.23,0.0378,1.173,0.0568,1.0738,0.0757,0.9755,0.0946,0.9028,0.1135,0.8336,0.1325,0.7803,0.1514,0.715,0.1703,0.6437,0.1892,0.5858,0.2082,0.5736,0.2271,0.5113,0.246,0.4628,0.2649,0.4424,0.2838,0.4336,0.3028,0.4219,0.3217,0.4946,0.3406,0.2706,0.3595,0,-0.40263,0.31148,-0.3825,0.07126,-0.36237,0.13093,-0.34224,0.3085,-0.32211,0.33374,-0.30197,0.30874,-0.28184,0.33281,-0.26171,0.35662,-0.24158,0.38704,-0.22145,0.36015,-0.20132,0.42644,-0.18118,0.47972,-0.16105,0.50642,-0.14092,0.57203,-0.12079,0.68433,-0.10066,0.78805,-0.080527,0.9784,-0.060395,1.2123,-0.040263,1.458,-0.020132,0
1.7831,1.9258,-0,1.2436,0.0182,1.1887,0.0363,1.1467,0.0545,1.0606,0.0727,0.9782,0.0908,0.9005,0.109,0.8481,0.1272,0.7843,0.1453,0.7341,0.1635,0.6892,0.1817,0.6308,0.1998,0.5534,0.218,0.5157,0.2362,0.4739,0.2543,0.4412,0.2725,0.3926,0.2907,0.3473,0.3088,0.2398,0.327,0.4668,0.3452,0,-0.37951,0.33919,-0.36053,0.21502,-0.34156,0.15034,-0.32258,0.17913,-0.30361,0.29285,-0.28463,0.26028,-0.26565,0.28395,-0.24668,0.3276,-0.2277,0.34901,-0.20873,0.38431,-0.18975,0.44548,-0.17078,0.49288,-0.1518,0.53943,-0.13283,0.60388,-0.11385,0.68354,-0.094877,0.81952,-0.075901,0.99101,-0.056926,1.2108,-0.037951,1.4392,-0.018975,0
1.7642,1.9528,-0,1.2287,0.0193,1.2136,0.0386,1.1808,0.0578,1.0914,0.0771,0.9971,0.0964,0.9155,0.1157,0.8458,0.135,0.7885,0.1543,0.7121,0.1735,0.6325,0.1928,0.5904,0.2121,0.5189,0.2314,0.5071,0.2507,0.4616,0.2699,0.412,0.2892,0.4373,0.3085,0.4188,0.3278,0.3875,0.3471,0.2726,0.3664,0,-0.38239,0.24487,-0.36327,0.21136,-0.34415,0.23755,-0.32503,0.30922,-0.30592,0.28003,-0.2868,0.34441,-0.26768,0.32394,-0.24856,0.29588,-0.22944,0.36915,-0.21032,0.38556,-0.1912,0.4253,-0.17208,0.4299,-0.15296,0.50441,-0.13384,0.57798,-0.11472,0.70365,-0.095598,0.85372,-0.076479,1.0304,-0.057359,1.2446,-0.038239,1.4357,-0.01912,0
1.8298,1.8051,-0,1.2532,0.0162,1.2959,0.0324,1.274,0.0486,1.151,0.0647,1.029,0.0809,0.9247,0.0971,0.8138,0.1133,0.7135,0.1295,0.6652,0.1457,0.5839,0.1618,0.5238,0.178,0.4979,0.1942,0.4125,0.2104,0.4265,0.2266,0.4564,0.2428,0.4758,0.2589,0.3582,0.2751,0.2171,0.2913,0.2025,0.3075,0,-0.31737,0.2737,-0.3015,0.13095,-0.28563,0,-0.26976,0.25765,-0.25389,0.24938,-0.23803,0.27234,-0.22216,0.22595,-0.20629,0.35429,-0.19042,0.32932,-0.17455,0.40246,-0.15868,0.41994,-0.14282,0.487,-0.12695,0.56903,-0.11108,0.64786,-0.09521,0.74339,-0.079342,0.88124,-0.063473,1.0462,-0.047605,1.2534,-0.031737,1.4541,-0.015868,0
1.7545,1.8701,-1.2901e-15,1.7944,0.044656,1.3019,0.089311,1.0114,0.13397,0.84057,0.17862,0.75389,0.22328,0.73992,0.26793,0.73462,0.31259,0.71938,0.35725,0.67389,0.4019,0.60871,0.44656,0.57243,0.49121,0.53095,0.53587,0.4759,0.58052,0.50682,0.62518,0.51032,0.66984,0.42036,0.71449,0.51179,0.75915,0.46073,0.8038,0.45018,0.84846,0,-2.6374,0.54217,-2.5055,0.2737,-2.3737,0.41453,-2.2418,0.7016,-2.1099,0.43072,-1.978,0.29984,-1.8462,0.39619,-1.7143,0.55449,-1.5824,0.59984,-1.4506,0.55366,-1.3187,0.53223,-1.1868,0.56252,-1.055,0.66966,-0.92309,0.71124,-0.79122,0.81008,-0.65935,0.8539,-0.52748,0.95551,-0.39561,1.0867,-0.26374,1.2765,-0.13187,0
1.6433,1.6541,-1.2901e-15,1.9443,0.13985,0.92009,0.2797,0.81967,0.41955,0.7804,0.5594,0.69894,0.69924,0.62857,0.83909,0.62006,0.97894,0.69211,1.1188,0.73422,1.2586,0.66741,1.3985,0.63695,1.5383,0.49559,1.6782,0.40642,1.818,0.35409,1.9579,0.25429,2.0977,0.24864,2.2376,0.024575,2.3774,1.0421e-16,2.5173,0.071992,2.6571,0,-3.1194,0.62959,-2.9634,0.32006,-2.8075,0.37674,-2.6515,0.48126,-2.4955,0.56654,-2.3396,0.64277,-2.1836,0.63775,-2.0276,0.60918,-1.8716,0.64351,-1.7157,0.69294,-1.5597,0.72097,-1.4037,0.6892,-1.2478,0.76047,-1.0918,0.75915,-0.93582,0.76219,-0.77985,0.84591,-0.62388,0.91368,-0.46791,1.1547,-0.31194,1.1661,-0.15597,0
1.7433,1.9877,-1.2901e-15,1.8499,0.1447,1.175,0.2894,0.97154,0.4341,0.83551,0.5788,0.83488,0.7235,0.80009,0.8682,0.75766,1.0129,0.78186,1.1576,0.79659,1.3023,0.73878,1.447,0.68344,1.5917,0.59467,1.7364,0.47633,1.8811,0.40219,2.0258,0.28487,2.1705,0.36785,2.3152,0.072932,2.4599,0.17759,2.6046,0,2.7493,0,-2.8771,0.367,-2.7332,0.36998,-2.5894,0.51652,-2.4455,0.5553,-2.3017,0.56915,-2.1578,0.59689,-2.014,0.59891,-1.8701,0.66647,-1.7263,0.60334,-1.5824,0.57824,-1.4385,0.63754,-1.2947,0.67703,-1.1508,0.69972,-1.007,0.73806,-0.86313,0.73568,-0.71927,0.79481,-0.57542,0.84419,-0.43156,1.0217,-0.28771,1.2065,-0.14385,0
1.7464,1.7421,-1.2901e-15,1.877,0.13293,1.0851,0.26586,0.86788,0.3988,0.83828,0.53173,0.77467,0.66466,0.77371,0.79759,0.80169,0.93053,0.79798,1.0635,0.85154,1.1964,0.88488,1.3293,0.83426,1.4623,0.78353,1.5952,0.68504,1.7281,0.61068,1.8611,0.50147,1.994,0.61583,2.1269,0.6435,2.2599,0.23422,2.3928,0.71731,2.5257,0,-3.1162,0.44328,-2.9604,0.58974,-2.8046,0.47237,-2.6487,0.57068,-2.4929,0.55753,-2.3371,0.7039,-2.1813,0.71793,-2.0255,0.57625,-1.8697,0.71,-1.7139,0.80945,-1.5581,0.78585,-1.4023,0.82196,-1.2465,0.92199,-1.0907,0.90348,-0.93485,0.88745,-0.77904,0.91589,-0.62323,0.88369,-0.46743,1.0093,-0.31162,1.1415,-0.15581,0
1.6858,1.6903,-1.2901e-15,1.9219,0.11611,1.1593,0.23222,0.91111,0.34834,0.86221,0.46445,0.88207,0.58056,0.94187,0.69667,0.72532,0.81278,0.77656,0.9289,0.65438,1.045,0.68314,1.1611,0.61892,1.2772,0.53572,1.3933,0.52064,1.5095,0.41353,1.6256,0.6542,1.7417,0.14559,1.8578,0.40232,1.9739,0.47175,2.09,0.083861,2.2061,0,-3.0866,0.47306,-2.9322,0.52221,-2.7779,0.55896,-2.6236,0.53992,-2.4693,0.53185,-2.3149,0.49381,-2.1606,0.55076,-2.0063,0.62302,-1.8519,0.62036,-1.6976,0.6191,-1.5433,0.70367,-1.389,0.77911,-1.2346,0.84206,-1.0803,0.80999,-0.92597,0.80722,-0.77164,0.97017,-0.61732,0.97569,-0.46299,0.96355,-0.30866,1.3226,-0.15433,0
1.7943,1.9776,-1.2901e-15,1.8459,0.1053,1.2121,0.21061,1.1213,0.31591,1.0033,0.42121,0.87757,0.52651,0.80569,0.63182,0.73981,0.73712,0.6738,0.84242,0.56813,0.94772,0.47482,1.053,0.39031,1.1583,0.36633,1.2636,0.35028,1.3689,0.2337,1.4742,0.065791,1.5795,0.27411,1.6848,0.21083,1.7901,0.058186,1.8954,0.15366,2.0008,0,-3.0736,0.49944,-2.92,0.55225,-2.7663,0.16285,-2.6126,0.3417,-2.4589,0.35209,-2.3052,0.4222,-2.1515,0.50363,-1.9979,0.55212,-1.8442,0.61828,-1.6905,0.65579,-1.5368,0.63233,-1.3831,0.70659,-1.2295,0.72545,-1.0758,0.78075,-0.92209,0.86448,-0.76841,0.90438,-0.61473,0.96948,-0.46105,1.0806,-0.30736,1.2497,-0.15368,0
1.6878,1.9841,-1.2901e-15,1.8406,0.042145,1.2199,0.08429,1.0242,0.12643,0.83989,0.16858,0.74112,0.21072,0.66912,0.25287,0.75696,0.29501,0.72585,0.33716,0.53352,0.3793,0.67128,0.42145,0.6648,0.46359,0.76304,0.50574,0.66144,0.54788,0.67155,0.59003,0.68911,0.63217,0.72881,0.67432,0.57396,0.71646,0.43291,0.75861,0.27235,0.80075,0,-1.0142,0.1181,-0.96349,0.071992,-0.91278,0.12126,-0.86207,0.17527,-0.81136,0.29581,-0.76065,0.50288,-0.70994,0.71436,-0.65923,0.60771,-0.60852,0.70502,-0.55781,0.63932,-0.5071,0.51762,-0.45639,0.6402,-0.40568,0.63227,-0.35497,0.69575,-0.30426,0.74195,-0.25355,0.77529,-0.20284,0.90344,-0.15213,1.1116,-0.10142,1.3248,-0.05071,0
1.7887,1.6845,-1.2901e-15,1.8881,0.086823,1.3055,0.17365,1.1017,0.26047,0.92814,0.34729,0.81597,0.43411,0.72422,0.52094,0.68802,0.60776,0.59793,0.69458,0.66443,0.7814,0.47598,0.86823,0.35995,0.95505,0,1.0419,0.44392,1.1287,0.44806,1.2155,0.5894,1.3023,0.53478,1.3892,0.60716,1.476,0.47192,1.5628,0.29595,1.6496,0,-2.8384,0,-2.6965,0.93252,-2.5546,0.97874,-2.4126,0.70565,-2.2707,0.41303,-2.1288,0.59923,-1.9869,0.86128,-1.845,0.58017,-1.703,0.40997,-1.5611,0.49194,-1.4192,0.69422,-1.2773,0.76934,-1.1354,0.8314,-0.99344,0.68138,-0.85152,0.78702,-0.7096,0.85794,-0.56768,0.93661,-0.42576,1.0479,-0.28384,1.2888,-0.14192,0
1.6609,1.8203,-1.2901e-15,1.8992,0.14035,1.2304,0.28071,0.94105,0.42106,0.77835,0.56142,0.78816,0.70177,0.68715,0.84213,0.66154,0.98248,0.67039,1.1228,0.72051,1.2632,0.65644,1.4035,0.59904,1.5439,0.45297,1.6843,0.40552,1.8246,0.11206,1.965,0.11343,2.1053,5.2103e-17,2.2457,0,2.386,0,2.5264,0,2.6667,0,-2.9285,0.18964,-2.7821,0.28221,-2.6357,0.43756,-2.4893,0.52,-2.3428,0.54624,-2.1964,0.53859,-2.05,0.51505,-1.9036,0.52004,-1.7571,0.58678,-1.6107,0.61018,-1.4643,0.66378,-1.3178,0.70959,-1.1714,0.80004,-1.025,0.8442,-0.87856,0.86314,-0.73214,0.94973,-0.58571,1.023,-0.43928,1.1273,-0.29285,1.2493,-0.14643,0
1.8395,1.7181,-1.2901e-15,1.739,0.050332,1.3422,0.10066,1.1173,0.151,0.99117,0.20133,0.89654,0.25166,0.85538,0.30199,0.77036,0.35233,0.73219,0.40266,0.68585,0.45299,0.68136,0.50332,0.57864,0.55365,0.57963,0.60399,0.57441,0.65432,0.56598,0.70465,0.41954,0.75498,0.34845,0.80531,0.32455,0.85565,0.24036,0.90598,0.33801,0.95631,0,-2.2422,0,-2.1301,0,-2.018,0,-1.9059,0.54638,-1.7938,0.26847,-1.6817,0,-1.5696,0.37124,-1.4575,0.7096,-1.3453,0.34528,-1.2332,0.16786,-1.1211,0.68853,-1.009,0.50461,-0.89689,0.62694,-0.78478,0.7982,-0.67267,0.85131,-0.56056,0.96001,-0.44845,1.0375,-0.33634,1.1883,-0.22422,1.3868,-0.11211,0
1.6104,1.9629,-1.2901e-15,1.7713,0.12392,1.3604,0.24784,0.95526,0.37176,0.86738,0.49568,0.82326,0.6196,0.78172,0.74352,0.67181,0.86744,0.62951,0.99136,0.52849,1.1153,0.44033,1.2392,0.40404,1.3631,0.40653,1.487,0.33182,1.611,0.42777,1.7349,0.38905,1.8588,0.42633,1.9827,0.36207,2.1066,0.45391,2.2306,0.39424,2.3545,0,-3.0351,0.19626,-2.8834,0.26161,-2.7316,0.31924,-2.5799,0.34285,-2.4281,0.43852,-2.2764,0.5131,-2.1246,0.55037,-1.9728,0.56366,-1.8211,0.61495,-1.6693,0.63088,-1.5176,0.65508,-1.3658,0.68511,-1.2141,0.73974,-1.0623,0.80572,-0.91054,0.8548,-0.75879,0.90966,-0.60703,0.97733,-0.45527,1.0966,-0.30351,1.3803,-0.15176,0
1.7333,1.863,-1.2901e-15,1.829,0.068509,1.2433,0.13702,0.93919,0.20553,0.74717,0.27404,0.69062,0.34254,0.61559,0.41105,0.58625,0.47956,0.58703,0.54807,0.59854,0.61658,0.61971,0.68509,0.61771,0.7536,0.59425,0.82211,0.61952,0.89061,0.65554,0.95912,0.61066,1.0276,0.551,1.0961,0.43118,1.1646,0.3435,1.2332,0.30975,1.3017,0,-3.0975,0.58923,-2.9426,0.54636,-2.7878,0.4135,-2.6329,0.45634,-2.478,0.49486,-2.3231,0.60072,-2.1683,0.61797,-2.0134,0.62893,-1.8585,0.62672,-1.7036,0.69853,-1.5488,0.69207,-1.3939,0.72924,-1.239,0.76705,-1.0841,0.79371,-0.92925,0.80227,-0.77438,0.83913,-0.6195,0.87732,-0.46463,0.97361,-0.30975,1.1468,-0.15488,0
1.611,1.6629,-6.4504e-16,1.9316,0.14616,0.87306,0.29232,0.66379,0.43848,0.61458,0.58464,0.63535,0.7308,0.60263,0.87696,0.6022,1.0231,0.55623,1.1693,0.616,1.3154,0.6571,1.4616,0.67986,1.6078,0.71857,1.7539,0.53382,1.9001,0.40206,2.0462,0.29251,2.1924,0.24361,2.3386,0.096508,2.4847,0.27166,2.6309,0,2.777,0,-3.1077,0.34362,-2.9523,0.43289,-2.797,0.53146,-2.6416,0.63017,-2.4862,0.65234,-2.3308,0.6455,-2.1754,0.51034,-2.02,0.51778,-1.8646,0.5407,-1.7093,0.55951,-1.5539,0.59965,-1.3985,0.65216,-1.2431,0.71664,-1.0877,0.76698,-0.93232,0.83984,-0.77693,0.92658,-0.62155,0.90649,-0.46616,0.89634,-0.31077,0.93085,-0.15539,0
1.706,1.9104,-1.2901e-15,1.876,0.10454,1.2099,0.20908,1.0707,0.31362,0.93273,0.41816,0.82168,0.5227,0.73017,0.62724,0.6503,0.73178,0.71024,0.83632,0.63714,0.94086,0.61012,1.0454,0.52351,1.1499,0.4621,1.2545,0.56323,1.359,0.47803,1.4636,0.50487,1.5681,0.55697,1.6726,0.4813,1.7772,0.30883,1.8817,0.37769,1.9863,0,-3.0799,0.43536,-2.9259,0.56962,-2.7719,0.13177,-2.6179,0.53509,-2.4639,0.49007,-2.31,0.92452,-2.156,0.54709,-2.002,0.79497,-1.848,0.64677,-1.694,0.68984,-1.54,0.7876,-1.386,0.75463,-1.232,0.76729,-1.078,0.73786,-0.92398,0.78181,-0.76998,0.9384,-0.61599,0.97867,-0.46199,1.1196,-0.30799,1.2777,-0.154,0
1.7537,1.9566,-1.2901e-15,1.683,0.07628,1.2546,0.15256,1.0316,0.22884,0.8956,0.30512,0.83254,0.3814,0.76944,0.45768,0.72011,0.53396,0.70375,0.61024,0.66242,0.68652,0.62402,0.7628,0.60354,0.83908,0.57203,0.91536,0.55488,0.99165,0.50261,1.0679,0.34843,1.1442,0.34802,1.2205,0.34609,1.2968,0.36134,1.373,0.20124,1.4493,0,-2.9054,0.11359,-2.7601,0.19425,-2.6149,0.39022,-2.4696,0.3777,-2.3243,0.41724,-2.1791,0.37422,-2.0338,0.39183,-1.8885,0.51062,-1.7432,0.52961,-1.598,0.54158,-1.4527,0.63756,-1.3074,0.71272,-1.1622,0.75684,-1.0169,0.81744,-0.87162,0.87667,-0.72635,0.92054,-0.58108,0.9882,-0.43581,1.0992,-0.29054,1.3106,-0.14527,0
1.736,1.6579,-1.2901e-15,1.8836,0.11014,1.2204,0.22028,0.96474,0.33042,0.76021,0.44056,0.67629,0.5507,0.64626,0.66084,0.56085,0.77098,0.4903,0.88112,0.45657,0.99126,0.39858,1.1014,0.35888,1.2115,0.37335,1.3217,0.25889,1.4318,0.23072,1.542,0.37801,1.6521,0.1601,1.7622,5.2103e-17,1.8724,0.22485,1.9825,0,2.0927,0,-3.0202,0.46535,-2.8692,0.36948,-2.7182,0.48954,-2.5672,0.37901,-2.4162,0.57203,-2.2651,0.64856,-2.1141,0.52418,-1.9631,0.55821,-1.8121,0.54267,-1.6611,0.64803,-1.5101,0.5944,-1.3591,0.68569,-1.2081,0.70153,-1.0571,0.79555,-0.90606,0.86469,-0.75505,0.92328,-0.60404,1.0243,-0.45303,1.1159,-0.30202,1.3048,-0.15101,0
1.7685,1.7866,-1.2901e-15,1.8293,0.025738,1.2763,0.051476,1.1161,0.077213,1.0053,0.10295,0.87237,0.12869,0.80344,0.15443,0.72175,0.18016,0.66564,0.2059,0.57249,0.23164,0.59883,0.25738,0.58381,0.28312,0.57881,0.30885,0.56185,0.33459,0.60737,0.36033,0.47567,0.38607,0.58532,0.4118,0.50866,0.43754,0.30888,0.46328,0.67053,0.48902,0,-2.9125,0.60366,-2.7669,0.43338,-2.6212,0.27757,-2.4756,0.43576,-2.33,0.52522,-2.1844,0.65076,-2.0387,0.54931,-1.8931,0.42675,-1.7475,0.53408,-1.6019,0.42569,-1.4562,0.58405,-1.3106,0.59237,-1.165,0.58209,-1.0194,0.78767,-0.87375,0.63324,-0.72812,0.70573,-0.5825,0.69522,-0.43687,1.0434,-0.29125,1.1181,-0.14562,0
1.5966,1.9676,-1.2901e-15,1.6685,0.14096,1.1024,0.28192,0.94985,0.42288,0.85648,0.56384,0.84959,0.70481,0.84537,0.84577,0.75302,0.98673,0.75337,1.1277,0.75596,1.2687,0.70273,1.4096,0.63149,1.5506,0.60725,1.6915,0.47675,1.8325,0.55011,1.9735,0.71271,2.1144,0.63921,2.2554,0.46369,2.3963,0.13573,2.5373,0.33866,2.6783,0,-2.9938,0.54641,-2.8441,0.17115,-2.6944,0.34521,-2.5447,0.48814,-2.3951,0.52317,-2.2454,0.54841,-2.0957,0.54431,-1.946,0.65097,-1.7963,0.64015,-1.6466,0.61671,-1.4969,0.71027,-1.3472,0.69469,-1.1975,0.73284,-1.0478,0.79137,-0.89814,0.82105,-0.74845,0.83773,-0.59876,0.88825,-0.44907,0.98128,-0.29938,1.1328,-0.14969,0
1.7934,1.9279,-1.2901e-15,1.7788,0.14608,1.1733,0.29216,1.0333,0.43823,0.96645,0.58431,0.81398,0.73039,0.75321,0.87647,0.70099,1.0225,0.77465,1.1686,0.80582,1.3147,0.70764,1.4608,0.63546,1.6069,0.51872,1.7529,0.36208,1.899,0.29755,2.0451,0.33464,2.1912,0.17953,2.3372,0.44156,2.4833,0.35872,2.6294,0,2.7755,0,-3.0988,0.45901,-2.9439,0.50171,-2.7889,0.60816,-2.634,0.66323,-2.479,0.7186,-2.3241,0.6683,-2.1692,0.59515,-2.0142,0.50676,-1.8593,0.62856,-1.7043,0.51112,-1.5494,0.50894,-1.3945,0.53316,-1.2395,0.71035,-1.0846,0.83127,-0.92964,0.90557,-0.7747,0.94999,-0.61976,0.97742,-0.46482,1.016,-0.30988,1.1943,-0.15494,0
1.741,1.6624,-1.2901e-15,1.9297,0.15024,1.1001,0.30048,1.0625,0.45072,0.91452,0.60096,0.90393,0.7512,0.69249,0.90144,0.76221,1.0517,0.60886,1.2019,0.64833,1.3522,0.43667,1.5024,0.67079,1.6526,0.61956,1.8029,0.44329,1.9531,0.46934,2.1034,0.54213,2.2536,0.40295,2.4038,0.81327,2.5541,0.70646,2.7043,0,2.8546,0,-3.1066,0.56964,-2.9513,0.71017,-2.7959,0.68899,-2.6406,0.62732,-2.4853,0.60417,-2.3299,0.66129,-2.1746,0.57704,-2.0193,0.59822,-1.864,0.60509,-1.7086,0.49871,-1.5533,0.58473,-1.398,0.63682,-1.2426,0.74198,-1.0873,0.79129,-0.93198,0.81539,-0.77665,0.91676,-0.62132,0.99711,-0.46599,1.0796,-0.31066,1.2255,-0.15533,0
